date,AAPL,AMT,BA,BAC,CAT,CSCO,CVX,DIS,DUK,GE,GOOGL,GS,HD,INTC,JNJ,JPM,KO,MCD,MMM,MSFT,NEE,NKE,PFE,PG,T,UNH,VZ,WFC,WMT,XOM
2013-02-08,67.8542,77.06,76.56,11.76,96.85,21.16,115.64,54.66,69.0,22.5,393.0777,151.6,67.01,21.0,75.48,48.63,38.77,94.87,102.66,27.55,72.1,27.295,26.88,75.75,35.27,57.74,44.35,34.88,71.48,88.61
2013-02-11,68.5614,76.38,75.87,11.86,96.6,21.27,115.64,54.75,69.14,22.45,391.6012,152.24,66.38,21.03,75.41,48.66,38.61,95.17,102.62,27.86,72.18,27.61,27.14,75.81,35.23,57.12,44.32,35.26,71.4,88.28
2013-02-12,66.8428,75.59,75.99,12.245,97.22,20.97,116.5,54.95,69.5,22.58,390.7403,154.11,67.32,21.19,75.8,49.14,37.56,95.1,103.46,27.88,72.49,27.545,26.99,75.98,35.6,57.01,44.44,35.51,71.4,88.46
2013-02-13,66.7156,74.0,74.78,12.17,96.38,21.14,115.53,54.96,68.82,23.39,391.8214,154.52,67.45,21.25,75.66,48.68,37.21,94.0,102.86,28.03,72.55,27.28,27.0,76.56,35.42,57.23,44.52,35.13,71.39,88.67
2013-02-14,66.6556,73.48,74.93,12.13,96.07,20.99,115.71,54.88,68.0,23.41,394.3039,155.93,67.34,21.23,75.81,49.22,36.84,93.56,102.78,28.04,72.2,27.31,27.06,76.78,35.29,57.05,44.33,35.21,70.82,88.52
2013-02-15,65.7371,75.18,75.03,12.03,95.61,20.99,114.96,55.61,68.06,23.29,396.8414,154.99,67.52,21.115,76.16,48.88,37.42,93.9,103.23,28.01,72.5,27.475,27.29,76.54,35.36,57.32,44.4,35.16,69.3,88.36
2013-02-19,65.7128,74.62,74.65,12.19,95.6,21.46,115.92,55.73,68.96,23.75,403.8284,158.65,67.55,21.085,76.96,49.45,37.67,93.85,104.18,28.045,72.9,27.235,27.71,77.38,35.67,56.66,44.5,35.14,68.76,89.32
2013-02-20,64.1214,73.95,74.78,11.8,93.22,21.105,114.99,54.6,68.85,23.41,396.6262,155.18,66.44,20.73,76.65,48.61,37.73,93.91,103.15,27.87,72.94,27.01,27.57,77.08,35.47,55.21,44.92,35.1,69.21,88.97
2013-02-21,63.7228,73.78,76.01,11.42,91.53,20.76,114.99,54.17,68.83,23.26,398.1628,150.88,64.38,20.25,76.87,48.25,37.71,94.14,102.72,27.49,72.53,27.27,27.41,77.04,35.43,55.24,45.12,35.46,70.26,88.59
2013-02-22,64.4014,74.52,76.66,11.44,91.54,20.9,115.96,54.25,69.46,23.39,400.2549,154.09,65.58,20.42,76.25,48.91,38.52,95.25,103.54,27.76,72.75,27.235,27.38,76.99,35.68,54.47,45.4,35.82,70.4,89.2
2013-02-25,63.2571,73.66,75.03,11.03,89.16,20.66,113.54,53.59,69.11,22.81,395.7804,147.65,63.92,20.23,75.57,47.7,37.72,96.14,101.75,27.37,72.19,27.02,26.84,75.92,35.19,53.3,45.72,34.79,70.44,87.7
2013-02-26,64.1385,75.51,75.65,11.13,89.95,20.608,114.96,53.9,69.59,23.05,395.4601,148.0,67.56,20.58,75.75,47.6,38.11,96.22,102.31,27.37,72.27,27.135,27.03,76.08,35.49,53.05,46.12,34.75,71.11,88.51
2013-02-27,63.5099,77.4,77.36,11.3,92.25,20.89,116.65,54.48,70.13,23.37,400.2899,151.65,68.06,20.93,76.32,49.28,38.45,95.73,103.57,27.81,71.94,27.17,27.41,76.75,35.85,53.87,46.35,35.13,71.66,89.53
2013-02-28,63.0571,77.6,76.9,11.23,92.37,20.855,117.15,54.59,69.25,23.22,401.0006,149.76,68.5,20.88,76.11,48.92,38.72,95.9,104.0,27.8,71.87,27.23,27.37,76.18,35.91,53.45,46.53,35.08,70.78,89.55
2013-03-01,61.4957,78.13,77.28,11.34,91.36,20.83,116.9,55.33,69.25,23.19,403.4981,150.53,69.03,21.03,76.7,48.91,38.7,95.68,103.77,27.95,72.36,27.41,27.39,76.49,36.01,53.52,46.72,35.39,71.74,89.43
2013-03-04,60.0071,78.86,77.09,11.41,89.75,20.74,117.49,55.8,69.71,23.27,411.1628,152.18,70.29,21.27,77.2,49.1,38.82,95.07,103.28,28.15,73.59,27.365,27.69,76.68,36.23,53.32,47.11,35.85,73.26,88.95
2013-03-05,61.5919,78.65,78.66,11.55,90.21,21.218,117.93,56.48,70.16,23.59,419.7213,152.96,70.47,21.51,77.66,49.49,38.68,95.81,104.45,28.35,73.88,27.45,28.07,77.05,36.6,53.5,47.69,35.88,73.72,89.61
2013-03-06,60.8088,77.5,79.08,11.92,89.64,21.715,118.47,56.36,69.88,23.67,416.1057,154.13,70.48,21.75,77.39,50.03,39.02,96.81,104.66,28.09,74.17,27.65,28.12,77.2,36.29,53.61,47.28,36.05,73.38,89.56
2013-03-07,61.5117,77.56,81.05,12.26,89.65,21.802,118.56,56.32,69.55,23.68,416.7143,156.62,70.25,21.89,77.75,50.63,39.12,97.09,104.54,28.14,73.94,27.61,28.27,76.9,36.39,53.8,47.48,36.42,73.32,88.71
2013-03-08,61.6742,77.14,81.23,12.07,90.51,21.83,118.57,57.39,69.64,23.77,416.1758,152.98,71.37,21.58,78.19,50.2,39.22,98.71,105.71,28.0,74.16,27.345,28.19,77.18,36.68,53.81,47.96,36.5,73.03,88.97
2013-03-11,62.5528,76.9,82.94,12.15,91.18,21.88,118.73,57.66,69.79,23.62,417.8274,153.3,71.32,21.69,78.44,50.48,39.31,98.89,105.81,27.87,74.18,27.265,28.25,77.35,36.6,54.21,47.81,37.13,72.98,89.16
2013-03-12,61.2042,76.03,84.16,12.01,89.74,21.7,118.25,57.11,69.54,23.41,414.2188,151.85,70.75,21.64,78.56,50.28,38.96,98.76,105.13,27.91,73.1,26.745,27.94,77.17,36.72,54.83,48.36,36.66,73.6,89.16
2013-03-13,61.1928,76.12,84.75,12.06,89.28,21.575,118.36,57.34,69.91,23.49,413.0677,151.91,70.76,21.655,78.55,50.16,38.59,99.38,105.09,27.915,73.75,27.425,28.02,76.8,36.6,54.48,47.94,36.77,73.65,89.26
2013-03-14,61.7857,76.41,84.62,12.11,88.7,21.59,120.0,57.75,69.93,23.69,411.1808,154.02,70.24,21.65,79.1,51.0,39.02,99.31,106.02,28.135,74.01,27.345,28.11,77.39,36.86,54.73,48.48,36.97,73.22,89.83
2013-03-15,63.3799,75.56,86.43,12.57,88.83,21.925,119.68,57.58,69.95,23.44,407.5582,154.84,69.05,21.375,79.19,50.02,38.83,99.67,106.4,28.035,74.47,27.39,28.02,76.34,36.43,54.73,48.02,38.2,72.5,89.37
2013-03-18,65.1028,75.05,85.18,12.56,89.36,21.67,119.13,56.83,69.62,23.25,404.2989,151.95,69.35,21.26,78.81,49.51,38.76,98.57,105.41,28.1,74.12,27.08,28.04,76.16,36.15,55.0,48.75,37.76,72.25,88.77
2013-03-19,64.9271,74.53,85.51,12.71,88.27,21.52,119.46,56.31,69.91,23.32,406.0657,148.84,68.79,21.14,78.86,49.2,39.33,98.4,105.18,28.18,75.12,26.915,27.99,77.11,36.14,55.17,48.95,37.49,72.45,88.58
2013-03-20,64.5828,75.32,85.37,12.78,86.94,21.67,120.35,56.94,70.4,23.46,407.7614,150.13,68.88,21.18,79.45,49.12,39.87,98.77,105.66,28.315,75.7,27.415,28.29,77.58,36.19,54.88,48.6,37.44,72.99,88.63
2013-03-21,64.6756,76.29,84.33,12.57,86.83,20.84,120.34,56.31,70.26,23.29,406.0356,145.38,68.95,21.04,79.01,48.35,40.07,98.53,104.94,28.11,75.59,26.8,28.11,77.21,36.15,55.06,48.8,37.14,73.13,88.17
2013-03-22,65.9871,76.73,84.82,12.56,87.48,20.75,121.18,56.78,70.61,23.37,405.5602,146.6,69.56,21.33,79.74,48.78,40.04,99.27,106.42,28.25,76.17,29.765,28.38,77.27,36.43,54.46,49.02,37.2,74.28,89.29
2013-03-25,66.2256,76.26,84.85,12.4,86.64,20.85,120.18,56.21,70.28,23.24,405.2248,146.11,69.47,21.15,79.68,48.52,40.12,98.24,105.17,28.16,76.18,29.78,28.16,76.68,36.39,54.86,49.16,37.21,74.85,89.02
2013-03-26,65.8765,75.89,86.62,12.28,87.0,20.845,120.98,56.63,70.95,23.12,406.6162,146.54,70.05,21.765,80.85,48.64,40.69,98.5,106.07,28.155,77.17,29.735,28.6,77.4,36.74,55.65,49.48,37.3,74.77,90.13
2013-03-27,64.5828,76.86,86.2,12.23,86.9,20.83,120.19,56.47,71.72,23.1,401.7313,147.84,69.65,21.83,81.27,47.77,40.22,98.9,105.29,28.37,76.88,29.225,28.64,77.06,36.62,56.62,48.94,36.98,74.78,90.58
2013-03-28,63.2371,76.92,85.85,12.18,86.97,20.895,118.82,56.8,72.59,23.12,397.4911,147.15,69.78,21.835,81.53,47.46,40.44,99.69,106.31,28.605,77.68,29.505,28.86,77.06,36.69,57.21,49.15,36.99,74.83,90.11
2013-04-01,61.2728,77.75,85.25,12.15,85.64,20.83,119.61,56.69,72.32,23.08,400.9956,146.04,69.67,21.43,81.93,47.83,40.45,99.05,105.65,28.61,77.48,29.13,28.84,77.7,37.25,58.97,49.22,36.93,75.43,90.77
2013-04-02,61.3988,78.73,84.09,12.15,84.88,21.22,119.0,57.46,72.62,23.34,406.9265,146.68,71.02,21.455,82.69,48.28,40.72,100.26,106.52,28.8,78.16,29.45,29.23,78.96,37.57,61.74,49.5,36.88,76.02,90.58
2013-04-03,61.7128,78.02,84.36,11.81,84.12,21.197,117.78,57.25,71.71,23.0,403.5041,143.41,70.36,21.05,82.07,46.85,40.17,99.25,105.68,28.56,78.32,29.455,29.03,78.12,37.28,61.67,48.99,36.67,76.0,89.93
2013-04-04,61.1028,78.58,84.95,11.94,84.63,21.04,118.07,57.59,71.79,23.08,397.9325,142.99,70.69,21.135,82.41,47.49,40.54,100.63,105.82,28.595,79.23,29.67,29.16,78.54,37.91,62.03,49.3,37.42,76.2,89.77
2013-04-05,60.4571,77.82,86.17,11.97,84.6,20.61,117.52,57.7,72.05,22.93,391.9165,143.69,70.06,20.94,82.04,47.91,40.08,101.42,105.78,28.7,79.54,29.485,29.1,78.23,38.02,62.1,49.56,37.15,76.39,89.01
2013-04-08,60.8871,79.0,86.75,12.21,84.19,20.57,117.81,58.82,73.01,23.12,387.8124,143.82,71.22,21.09,81.11,48.58,40.86,101.5,105.75,28.59,79.94,29.975,29.16,78.79,37.62,61.89,49.43,37.02,77.29,88.6
2013-04-09,60.9971,79.29,87.21,12.25,85.9,20.97,118.64,59.14,72.62,23.06,389.2138,146.52,71.2,21.75,81.52,48.68,40.71,101.06,105.95,29.61,79.19,29.945,29.11,78.26,37.76,62.18,49.36,37.45,78.12,88.77
2013-04-10,62.2414,79.87,87.82,12.32,86.57,21.47,119.64,60.11,72.79,23.58,395.4851,149.46,71.69,22.26,82.02,49.25,41.07,101.49,107.69,30.28,79.86,30.145,29.92,79.24,38.18,62.41,49.86,37.57,77.37,88.68
2013-04-11,62.0471,80.32,88.53,12.27,85.7,21.685,120.95,60.55,73.17,23.59,395.5902,149.07,71.9,21.825,82.32,49.31,41.18,101.99,108.25,28.935,79.84,30.6,30.64,79.67,38.54,62.98,50.51,37.51,77.79,89.22
2013-04-12,61.3999,80.67,88.89,12.17,85.05,21.54,119.94,60.55,72.97,23.46,395.42,149.12,73.62,21.675,82.74,49.01,41.08,103.59,107.68,28.79,79.49,30.29,30.67,80.08,38.59,63.03,50.86,37.21,78.56,88.99
2013-04-15,59.9785,79.43,86.77,11.98,82.27,21.05,116.57,58.88,72.29,22.81,391.356,146.46,72.23,21.38,81.71,47.93,40.09,102.15,105.76,28.69,78.95,29.835,30.45,79.65,37.95,61.59,50.64,36.57,78.47,86.49
2013-04-16,60.8914,80.59,86.89,12.28,82.61,21.16,117.01,60.75,73.57,23.1,397.0817,144.1,72.46,21.915,83.44,48.49,42.37,103.04,106.15,28.97,79.71,30.25,30.94,80.1,37.94,62.81,50.46,37.06,78.68,86.61
2013-04-17,57.5428,79.78,86.69,11.7,81.47,20.63,114.81,60.68,73.15,22.76,391.6713,140.6,72.8,21.93,83.9,46.79,42.55,102.54,105.48,28.825,79.02,30.45,30.87,79.06,37.78,62.03,49.54,36.56,78.51,86.08
2013-04-18,56.0071,80.06,86.12,11.44,80.46,20.58,115.59,59.99,73.24,22.67,383.34,138.6,72.48,22.24,83.18,46.64,42.1,101.91,104.98,28.79,78.85,30.09,30.59,79.87,37.74,59.69,50.91,36.27,77.16,86.62
2013-04-19,55.7899,81.05,87.96,11.66,80.43,20.46,115.9,61.56,74.34,21.75,400.3349,138.72,74.0,22.44,84.49,47.23,42.66,99.92,105.71,29.765,80.08,30.46,31.06,81.43,38.28,60.04,52.25,36.69,78.29,87.45
2013-04-22,56.9528,81.02,86.94,11.72,82.71,20.59,116.57,62.01,74.28,21.35,400.4571,139.52,73.86,22.88,84.83,47.35,42.72,99.32,105.8,30.83,79.91,30.68,30.93,81.4,38.73,59.22,52.19,36.73,77.97,88.09
2013-04-23,58.0185,81.9,88.18,12.07,84.1,20.91,117.48,62.59,74.41,21.5,404.3539,142.94,73.38,23.375,85.45,48.17,42.7,99.76,107.39,30.6,80.11,30.84,31.08,82.54,39.0,58.54,52.32,37.13,79.09,89.3
2013-04-24,57.9231,81.0,90.83,12.31,83.78,20.39,118.28,61.94,74.72,21.96,407.1337,143.93,73.28,23.66,84.39,48.72,42.15,101.02,107.87,31.76,80.56,30.765,30.6,77.12,37.04,58.79,51.8,37.34,78.03,89.43
2013-04-25,58.3399,83.84,91.67,12.44,84.51,20.64,118.51,62.0,75.14,21.95,404.9545,144.76,73.37,23.38,85.22,49.0,42.35,100.94,104.88,31.94,80.44,31.035,30.26,76.58,37.28,59.34,53.22,37.64,78.65,88.07
2013-04-26,59.6007,82.97,92.85,12.42,84.68,20.67,120.04,61.87,74.86,22.21,401.1107,144.11,73.35,23.4,85.12,48.88,42.1,100.89,103.79,31.79,80.54,30.945,30.09,77.1,37.04,59.48,53.63,37.88,79.04,88.0
2013-04-29,61.4457,83.04,91.9,12.38,84.8,20.98,121.32,63.0,75.2,22.27,409.9395,145.11,73.67,23.76,85.58,48.92,42.24,102.18,103.83,32.61,81.26,31.315,30.43,77.68,37.3,60.01,53.46,37.88,78.39,88.21
2013-04-30,63.2542,83.99,91.41,12.31,84.67,20.92,122.01,62.84,75.2,22.29,412.6973,146.07,73.35,23.95,85.23,49.01,42.33,102.14,104.71,33.1,82.03,31.8,29.07,76.77,37.46,59.93,53.91,37.98,77.72,88.99
2013-05-01,62.7557,83.93,91.18,12.14,83.08,20.38,120.27,63.21,74.89,22.15,410.6252,142.61,72.76,23.99,84.23,48.01,42.21,101.38,104.55,32.72,81.33,31.68,28.9,76.99,37.56,59.72,52.4,37.46,78.06,87.51
2013-05-02,63.6457,83.85,92.21,12.19,84.26,20.73,122.04,63.88,74.78,22.32,415.2198,143.67,73.33,24.11,85.16,48.08,41.96,102.06,106.04,33.16,81.73,31.66,29.27,77.76,37.56,59.48,52.53,37.41,78.46,88.63
2013-05-03,64.2828,83.56,93.74,12.24,86.98,20.83,123.49,64.8,74.47,22.57,423.2829,145.37,73.96,23.96,85.75,47.57,42.24,102.92,107.83,33.49,81.75,32.275,28.96,78.19,37.34,58.92,52.68,37.74,79.25,90.02
2013-05-06,65.8156,83.08,94.19,12.88,87.59,20.81,123.25,65.06,72.9,22.58,431.2058,148.45,75.26,23.91,84.68,48.18,42.08,102.07,107.84,33.75,80.6,31.98,28.72,77.75,37.09,60.2,52.05,37.9,78.83,90.58
2013-05-07,65.5225,83.55,94.79,12.9,89.79,20.38,123.04,66.07,73.7,22.68,429.0436,149.32,75.07,24.15,85.53,49.14,42.7,102.29,108.01,33.31,81.72,31.955,29.03,77.94,37.52,60.5,52.92,38.4,78.83,91.15
2013-05-08,66.2628,84.63,94.04,13.02,90.31,20.72,123.36,65.99,72.91,23.01,437.2518,150.26,75.42,24.25,85.46,49.76,42.46,100.95,108.2,32.99,80.94,31.95,28.73,78.44,37.83,62.51,53.11,38.45,78.25,91.7
2013-05-09,65.2528,83.56,94.61,12.91,89.95,20.83,123.64,66.67,72.05,22.78,436.1757,148.54,75.87,24.36,85.15,49.04,42.12,99.69,109.92,32.66,79.84,31.87,28.6,78.21,37.33,62.01,52.71,37.89,78.4,91.03
2013-05-10,64.7099,83.1,94.24,13.02,88.62,21.1,123.23,67.2,72.18,22.9,440.5551,149.1,76.01,24.5,85.76,48.96,42.15,100.2,110.48,32.69,80.0,32.38,28.72,78.76,37.36,62.91,52.89,38.03,78.89,90.14
2013-05-13,64.9628,82.96,94.76,12.98,88.07,21.27,122.85,67.32,71.77,22.85,439.2038,149.63,76.67,24.08,85.85,49.67,42.19,100.38,110.5,33.03,79.62,32.325,29.37,78.59,37.0,62.39,52.55,38.2,78.5,90.1
2013-05-14,63.4085,83.73,96.11,13.34,87.55,21.27,125.0,67.47,72.08,23.01,443.9936,154.52,77.32,23.84,86.97,50.23,42.52,101.2,110.59,33.53,80.19,32.955,29.4,79.47,37.23,61.73,53.17,38.76,78.78,91.11
2013-05-15,61.2642,84.33,97.02,13.44,87.0,21.21,123.01,67.67,72.24,23.24,458.4029,155.61,77.88,24.2,87.64,51.09,42.92,101.95,111.5,33.845,81.16,32.915,29.56,80.68,37.53,61.61,53.6,39.3,79.86,91.24
2013-05-16,62.0825,83.21,96.58,13.36,86.78,23.887,122.76,66.47,71.16,23.27,452.3869,154.47,76.75,23.94,87.45,50.97,43.09,101.12,111.07,34.08,80.43,32.22,29.25,80.2,37.38,62.14,53.2,39.26,78.5,90.7
2013-05-17,61.8942,84.45,98.92,13.43,87.67,24.24,123.42,66.58,71.62,23.46,455.0446,158.18,76.86,24.04,88.09,52.3,42.97,101.54,111.39,34.87,81.1,32.66,28.96,80.02,37.44,62.84,53.35,39.88,77.87,91.76
2013-05-20,63.2757,83.92,98.72,13.51,88.33,23.945,124.78,66.12,71.33,23.57,454.7193,158.9,76.76,24.08,88.01,52.29,42.38,101.54,111.72,35.08,80.24,32.665,28.7,79.09,37.22,62.56,52.74,40.2,77.4,92.52
2013-05-21,62.8085,84.64,98.75,13.44,88.1,24.01,125.94,65.83,71.39,23.66,453.9385,160.73,78.71,24.15,88.59,53.02,42.34,102.14,112.01,34.85,80.49,32.615,28.78,78.8,36.94,62.87,52.07,40.68,77.39,92.8
2013-05-22,63.0505,82.17,97.93,13.31,87.7,23.34,124.93,65.57,70.19,23.86,445.1547,159.34,79.69,24.07,88.46,53.63,42.25,101.74,110.79,34.61,79.16,32.225,29.3,78.82,36.62,62.28,51.47,40.1,77.03,92.19
2013-05-23,63.1628,81.58,99.75,13.21,86.95,23.51,125.4,65.23,69.76,23.66,441.8364,157.41,78.91,24.05,87.21,53.35,41.93,101.03,110.41,34.15,78.22,31.665,29.11,78.7,36.74,62.36,51.89,40.01,76.33,91.79
2013-05-24,63.5928,81.72,100.0,13.24,86.21,23.53,125.45,65.49,68.88,23.53,437.0967,158.72,78.99,23.923,86.82,53.66,42.24,100.29,110.27,34.269,77.3,31.395,29.04,81.88,36.75,62.06,51.39,40.24,77.31,91.53
2013-05-28,63.0627,81.5,100.11,13.35,86.19,23.89,126.43,66.69,67.75,23.6,441.0756,160.7,79.82,24.08,87.61,54.6,42.55,101.24,111.59,35.02,77.02,31.64,29.01,80.86,36.18,63.34,50.82,40.52,77.32,92.38
2013-05-29,63.5642,79.44,99.09,13.48,86.49,24.12,125.49,66.26,67.15,23.64,434.5892,162.87,79.49,24.27,85.65,54.67,41.4,99.05,111.13,34.88,75.72,31.465,28.28,78.9,35.91,63.35,49.57,40.75,76.23,92.08
2013-05-30,64.5114,78.77,100.54,13.83,86.41,24.37,125.11,64.65,67.31,23.6,435.8154,164.35,79.44,24.21,85.99,55.62,40.77,97.07,111.42,35.03,75.71,31.205,28.25,79.09,35.5,64.66,49.08,41.25,75.63,92.09
2013-05-31,64.2478,77.84,99.02,13.66,85.8,24.115,122.75,63.08,66.93,23.32,436.0446,162.08,78.66,24.28,84.18,54.59,39.99,96.57,110.27,34.9,75.62,30.83,27.23,76.76,34.99,62.63,48.48,40.55,74.84,90.47
2013-06-03,64.3885,77.42,100.74,13.55,86.13,24.38,124.09,63.8,67.2,23.64,434.2488,163.56,79.08,25.24,84.71,54.49,40.81,97.96,110.61,35.59,76.28,31.515,27.75,77.66,35.07,62.8,48.66,40.73,75.69,91.46
2013-06-04,64.1871,76.63,99.61,13.36,85.92,24.36,122.96,64.35,67.15,23.66,429.9796,161.68,76.63,25.36,84.1,54.04,41.42,98.37,110.02,34.99,76.49,31.39,27.66,77.37,35.67,62.36,48.84,40.44,75.94,90.79
2013-06-05,63.5871,75.87,98.49,13.09,84.42,24.32,121.57,63.12,66.81,23.32,430.2799,158.3,75.1,24.7,83.68,53.03,40.65,96.42,108.59,34.78,75.99,30.875,27.48,76.66,35.26,61.75,48.3,39.82,75.25,89.65
2013-06-06,62.6371,78.48,99.76,13.2,84.0,24.55,120.59,63.14,67.5,23.38,432.7523,159.68,77.26,24.65,84.46,53.5,40.79,96.68,108.67,34.96,77.39,31.08,28.11,76.82,35.81,61.92,49.97,40.72,75.63,90.23
2013-06-07,63.1158,78.77,102.49,13.38,84.65,24.49,121.7,64.85,67.69,23.86,440.3049,166.01,78.74,24.59,84.91,54.27,41.41,98.28,111.11,35.67,78.8,31.375,28.26,77.75,35.45,62.57,50.24,41.25,76.33,91.45
2013-06-10,62.6985,76.45,102.24,13.3,83.8,24.36,122.69,63.83,67.89,23.78,445.5551,167.49,77.73,25.01,85.14,54.36,41.18,99.53,110.81,35.47,78.68,31.52,28.37,78.07,35.99,63.68,50.53,41.27,75.75,91.12
2013-06-11,62.5142,75.82,101.75,13.12,83.52,24.07,121.45,63.8,67.21,23.58,440.3449,163.31,77.61,24.71,84.69,53.49,40.79,98.23,110.22,34.84,78.87,31.075,28.42,78.12,35.76,63.93,50.18,40.66,75.25,90.46
2013-06-12,61.7414,74.6,100.88,13.06,83.21,23.99,119.97,62.99,66.59,23.5,436.426,161.86,76.4,24.46,83.74,53.18,40.39,98.24,109.03,35.0,77.75,30.705,28.43,77.6,35.62,63.83,49.9,40.27,74.84,89.74
2013-06-13,62.2807,76.48,102.16,13.21,85.14,24.35,121.66,64.3,67.49,23.68,438.9385,165.82,76.53,24.99,84.91,54.17,40.41,98.88,111.2,34.715,79.13,30.88,29.08,78.43,36.3,64.15,50.64,40.94,75.0,91.33
2013-06-14,61.4357,77.33,101.83,13.07,83.87,24.09,120.28,63.8,67.64,23.52,437.9575,162.92,76.59,24.92,84.91,53.13,40.34,98.42,111.03,34.4,79.73,30.945,29.09,78.03,35.91,63.8,51.07,40.16,74.87,90.58
2013-06-17,61.7142,76.92,103.03,13.21,83.92,24.7,121.22,64.49,67.65,23.77,443.5681,164.11,76.14,25.1,85.63,53.85,40.68,98.74,111.91,35.0,80.66,30.97,29.16,78.96,35.76,64.37,50.71,40.61,74.95,91.51
2013-06-18,61.6814,77.29,104.08,13.27,84.55,24.82,121.52,65.29,68.23,24.33,450.7603,164.15,77.19,25.465,86.36,54.11,40.93,99.75,112.97,34.98,81.59,31.075,29.4,79.04,36.17,65.68,51.55,40.84,75.73,91.93
2013-06-19,60.4285,74.44,102.25,13.19,84.25,24.68,120.5,64.33,66.72,23.98,450.7903,161.56,75.93,25.0,84.86,53.55,40.41,98.81,111.57,34.59,80.19,30.875,29.1,77.61,35.25,65.26,50.05,40.66,74.46,91.0
2013-06-20,59.5482,70.44,99.64,12.89,83.2,24.435,117.95,61.98,65.1,23.25,442.8124,155.41,73.87,24.185,82.62,52.48,39.13,96.79,108.78,33.49,77.33,30.39,28.635,75.25,34.35,63.8,48.96,40.09,73.03,89.05
2013-06-21,59.0714,71.99,99.98,12.69,83.12,24.481,118.93,62.73,65.58,23.36,440.9055,154.25,73.82,24.195,83.2,51.96,39.76,97.23,109.59,33.265,78.33,30.285,28.46,77.43,34.47,63.9,49.52,40.96,73.51,89.48
2013-06-24,57.5057,71.09,97.85,12.3,81.52,24.055,116.82,62.44,65.46,22.93,435.3299,150.78,73.51,23.58,84.61,50.92,39.53,97.29,107.5,33.715,78.38,29.975,27.71,76.58,34.46,64.65,49.12,39.8,74.2,88.48
2013-06-25,57.5185,72.9,98.67,12.67,82.33,24.005,117.45,62.57,66.12,23.11,433.5331,153.06,74.14,23.88,85.35,52.08,39.72,97.52,108.24,33.67,79.0,30.195,27.99,76.69,35.03,63.73,50.44,40.3,74.37,89.11
2013-06-26,56.8671,73.83,100.75,12.76,82.1,24.385,118.15,63.21,67.61,23.25,437.2618,151.66,75.67,24.005,86.99,52.5,40.33,98.84,109.68,34.35,79.84,30.925,28.1,77.4,35.33,64.78,50.66,41.02,75.01,89.8
2013-06-27,56.2542,74.23,103.15,13.01,82.96,24.63,118.71,63.72,67.52,23.32,438.9735,153.51,76.27,24.05,86.71,53.15,40.26,99.65,110.24,34.62,80.42,31.16,28.18,77.67,35.63,66.09,51.0,41.56,75.26,90.04
2013-06-28,56.6471,73.17,102.44,12.86,82.49,24.335,118.34,63.15,67.5,23.19,440.6252,151.25,77.47,24.23,85.86,52.79,40.11,99.0,109.35,34.545,81.48,31.84,28.01,76.99,35.4,65.48,50.34,41.27,74.49,90.35
2013-07-01,58.4599,72.01,103.24,12.93,82.72,24.335,119.08,63.93,66.84,23.34,444.3839,151.75,76.87,23.886,86.63,52.49,40.46,99.82,109.31,34.36,80.23,31.165,27.78,78.02,35.3,65.63,50.36,41.36,74.59,90.3
2013-07-02,59.7842,72.17,101.47,12.9,82.48,24.32,119.15,63.26,67.18,22.9,441.5962,150.92,77.31,23.72,86.57,52.8,40.37,99.93,108.73,33.94,80.34,31.31,27.7,78.44,35.53,65.27,50.63,41.22,74.71,90.64
2013-07-03,60.1142,72.38,102.89,12.83,81.85,24.59,119.08,63.61,67.39,22.91,443.6582,150.43,77.73,23.762,86.78,52.77,40.49,100.35,109.45,34.01,80.12,31.43,27.65,78.57,35.62,65.54,51.01,41.22,74.76,90.69
2013-07-05,59.6314,71.67,104.2,13.06,82.14,24.57,120.51,63.82,67.27,23.24,447.1917,153.24,78.29,24.06,87.87,53.99,40.52,99.86,111.54,34.21,79.93,31.82,27.97,78.34,35.83,66.17,51.3,42.07,75.21,91.57
2013-07-08,59.2928,72.05,104.37,13.28,83.2,24.625,121.24,64.71,67.73,23.32,452.9975,153.81,79.22,23.185,88.59,54.7,40.54,99.88,112.13,34.325,80.66,31.86,28.13,78.76,35.58,67.56,51.17,42.83,76.71,92.25
2013-07-09,60.3357,72.86,104.68,13.53,85.33,25.155,123.27,64.94,68.16,23.62,453.0726,156.94,79.7,23.135,88.88,54.89,40.83,99.99,113.35,34.35,81.35,31.965,28.35,79.57,35.6,67.97,50.96,42.7,77.03,93.34
2013-07-10,60.1042,75.74,105.5,13.37,84.96,25.41,122.9,64.91,68.59,23.54,453.448,155.83,79.4,23.25,89.24,54.83,40.68,99.98,113.43,34.7,81.63,31.8,28.44,79.8,35.39,67.69,50.54,42.07,76.77,92.82
2013-07-11,61.0411,77.23,106.88,13.51,86.7,25.87,123.77,66.58,69.9,23.94,460.5801,157.71,79.86,23.99,89.67,55.14,41.03,100.79,114.53,35.685,83.23,31.86,28.77,80.77,35.87,68.36,51.21,41.89,77.63,93.27
2013-07-12,60.9299,77.84,101.87,13.78,87.17,25.94,124.06,66.98,70.15,23.76,461.9615,160.11,80.54,23.9,89.99,54.97,41.03,101.58,115.14,35.67,84.01,31.835,28.81,81.55,35.81,68.0,50.41,42.63,77.63,93.4
2013-07-15,61.0628,76.16,105.66,13.88,87.4,25.93,124.68,65.93,71.01,23.63,462.8073,163.0,80.4,23.94,90.4,54.89,41.01,100.75,114.85,36.17,85.44,31.675,28.79,81.51,35.55,67.62,49.96,43.35,77.03,93.25
2013-07-16,61.4564,74.71,104.23,13.92,88.17,25.71,124.12,65.03,70.49,23.43,460.2638,160.24,80.22,24.25,90.4,55.01,40.23,100.88,114.34,36.27,84.96,31.35,28.68,80.97,35.88,66.91,50.28,43.02,77.37,93.3
2013-07-17,61.4728,73.87,104.79,14.31,86.67,25.72,124.35,65.36,70.71,23.54,459.7343,161.5,80.44,24.15,90.13,55.27,40.84,100.1,114.64,35.74,84.81,31.665,28.68,80.09,35.96,66.23,50.74,43.51,77.2,93.46
2013-07-18,61.6797,74.44,107.63,14.76,85.72,25.86,125.47,65.82,71.15,23.63,455.7953,164.06,80.02,23.244,90.17,56.37,40.81,100.18,115.48,35.44,85.43,31.66,28.49,80.3,35.74,70.55,49.97,44.41,77.34,94.38
2013-07-19,60.7071,75.13,106.96,14.75,85.65,25.82,126.91,65.16,70.88,24.72,448.7473,164.36,79.89,23.04,92.23,56.16,41.09,100.27,116.19,31.4,84.96,31.675,29.09,81.37,35.81,71.45,49.95,44.45,78.08,95.17
2013-07-22,60.9014,74.32,106.86,14.92,86.0,25.72,127.03,64.4,70.77,24.86,455.8053,166.25,80.0,22.77,92.28,56.56,40.84,97.58,116.28,32.01,84.88,31.645,29.35,81.22,35.58,72.18,50.27,44.63,77.87,94.83
2013-07-23,59.8557,74.75,107.79,14.94,85.52,25.56,127.26,64.45,71.31,24.71,452.3519,166.26,80.19,22.75,92.42,56.67,40.96,96.76,116.75,31.82,84.8,31.595,29.42,80.95,35.81,72.69,50.36,44.57,78.55,95.2
2013-07-24,62.9299,73.94,106.95,14.71,83.44,25.59,126.37,64.64,70.5,24.62,451.9015,165.04,80.27,22.93,92.36,56.63,40.86,96.66,116.33,31.96,83.76,31.315,29.28,80.27,35.4,72.53,50.38,44.31,78.23,94.99
2013-07-25,62.6428,72.31,106.7,14.83,82.14,25.5,127.76,64.55,70.6,24.69,444.2939,165.91,78.99,23.06,92.57,56.5,40.84,97.49,116.55,31.39,84.08,31.245,29.19,80.41,35.46,72.62,50.71,43.65,78.01,94.97
2013-07-26,62.9985,72.58,105.6,14.73,82.06,25.496,127.56,64.98,70.79,24.65,443.1177,165.26,78.74,23.26,92.83,56.05,40.64,98.03,116.91,31.62,83.95,31.265,29.37,80.39,35.6,72.21,51.02,43.51,78.0,94.79
2013-07-29,63.9699,72.42,104.81,14.52,83.02,25.33,126.17,64.61,71.22,24.49,441.5761,163.17,78.67,23.24,93.21,55.69,40.28,97.87,116.61,31.54,84.79,31.355,29.54,80.09,35.88,72.79,51.49,43.25,77.99,94.03
2013-07-30,64.7599,72.67,105.73,14.52,83.19,25.67,125.78,64.18,71.49,24.48,445.9055,162.43,78.6,23.38,93.17,55.33,40.32,98.37,116.84,31.85,86.48,31.425,29.67,80.44,35.42,72.27,50.42,43.26,77.89,93.81
2013-07-31,64.6471,70.79,105.1,14.6,82.91,25.59,125.89,64.65,71.0,24.37,444.3189,164.03,79.03,23.335,93.5,55.73,40.08,98.08,117.43,31.84,86.61,31.46,29.23,80.3,35.27,72.85,49.48,43.5,77.94,93.75
2013-08-01,65.2394,71.28,106.7,14.95,84.44,25.891,126.44,65.36,71.51,24.62,452.5621,167.49,78.64,23.2,93.77,56.54,40.57,99.0,118.41,31.67,88.29,32.985,29.11,81.64,35.72,73.16,50.01,44.26,78.22,92.73
2013-08-02,66.0771,70.5,107.9,14.84,84.3,26.19,124.95,66.51,71.75,24.7,453.7383,167.62,80.23,23.22,94.39,56.49,40.22,99.2,118.26,31.89,87.94,33.15,29.37,81.29,35.77,72.26,50.25,44.49,78.75,91.95
2013-08-05,67.0642,70.94,107.5,14.8,83.56,26.31,123.99,66.02,71.37,24.52,452.9525,168.32,79.66,22.924,93.8,56.1,40.29,99.31,117.92,31.7,87.08,33.2,29.19,81.4,35.67,73.34,50.21,44.34,78.77,91.59
2013-08-06,66.4642,70.27,107.04,14.64,82.53,26.21,123.14,67.05,71.12,24.31,448.7333,164.78,80.05,22.8,93.81,55.49,40.37,98.69,117.5,31.58,86.82,33.27,29.34,81.74,35.48,73.24,50.09,44.03,77.87,91.47
2013-08-07,66.4256,69.09,106.42,14.53,82.43,26.12,123.33,65.91,71.05,24.34,445.7703,163.45,78.83,22.7,93.66,55.3,40.15,98.33,117.83,32.063,86.76,32.815,29.26,81.96,35.59,72.92,49.93,43.27,77.37,91.34
2013-08-08,65.8585,68.99,105.84,14.61,83.96,26.26,123.07,65.75,71.23,24.33,446.7763,162.84,80.04,22.45,93.34,54.83,40.2,98.04,118.68,32.89,86.63,33.025,29.13,82.17,35.29,73.18,49.62,43.22,77.25,91.78
2013-08-09,64.9214,70.16,105.33,14.45,84.51,26.053,122.5,64.73,70.77,24.25,445.6502,162.13,78.97,22.51,92.36,54.52,40.16,97.62,118.31,32.7,86.26,33.155,29.21,81.64,34.8,72.93,49.32,43.23,76.9,90.72
2013-08-12,66.7656,69.66,104.24,14.41,86.32,26.34,121.8,63.93,70.77,24.27,443.1978,161.69,79.2,22.64,92.0,54.09,39.83,97.04,118.38,32.87,85.59,33.255,29.19,81.62,34.92,72.39,49.65,43.2,77.08,89.89
2013-08-13,69.9385,69.28,106.23,14.51,86.57,26.3205,122.5,63.98,70.82,24.2,441.0656,163.71,79.44,22.52,93.01,54.29,39.65,96.45,118.67,32.23,85.1,32.905,29.27,81.66,34.72,73.35,49.15,43.32,76.86,89.4
2013-08-14,71.2142,69.7,104.16,14.6,85.82,26.377,122.05,63.96,69.02,24.07,435.3399,163.34,77.44,22.57,90.7,54.15,39.53,96.11,117.62,32.35,84.42,32.175,29.03,81.25,34.77,72.49,48.89,43.1,76.4,88.95
2013-08-15,71.1299,69.48,102.73,14.32,85.86,24.485,120.25,62.38,67.91,24.0,430.2598,160.75,75.14,22.03,89.55,53.29,39.09,95.39,115.85,31.79,83.0,31.745,28.8,80.48,34.35,71.4,48.54,42.99,74.41,88.16
2013-08-16,71.7614,68.58,103.47,14.42,85.16,24.27,119.88,62.17,67.05,23.95,428.8825,160.66,75.38,21.915,89.37,53.29,39.05,95.03,115.9,31.8,82.15,31.825,28.37,79.9,34.18,71.43,47.71,42.75,74.11,87.91
2013-08-19,72.5342,68.36,104.72,14.15,84.2,24.27,118.66,61.83,66.33,23.85,433.2578,158.63,75.21,22.28,90.45,51.83,38.78,95.48,115.61,31.393,81.54,32.355,28.46,79.59,33.79,71.71,47.5,42.49,73.58,86.92
2013-08-20,71.5814,69.38,104.63,14.29,83.86,24.32,118.29,61.88,66.79,23.72,433.1427,159.56,74.29,22.523,89.73,52.12,38.65,95.5,115.42,31.62,82.19,32.315,28.53,79.53,33.87,72.46,47.91,42.59,73.23,86.83
2013-08-21,71.7656,69.03,103.91,14.34,82.94,24.07,117.7,61.14,65.81,23.61,435.0997,157.11,73.73,22.17,88.8,51.63,38.28,95.11,113.42,31.61,80.78,32.065,28.24,79.38,33.48,71.85,47.27,42.36,73.55,86.42
2013-08-22,71.8514,68.88,105.14,14.57,84.17,24.01,118.29,61.64,65.94,23.78,437.2919,159.41,74.0,22.26,88.26,52.21,38.31,95.46,114.67,32.39,80.97,32.43,28.16,79.77,33.82,71.97,47.02,42.48,73.46,86.98
2013-08-23,71.5742,70.06,105.48,14.57,83.89,23.86,119.53,61.73,66.35,23.78,435.5401,158.65,73.89,22.44,88.41,52.32,38.52,95.13,114.4,34.75,81.41,32.105,28.34,80.01,34.29,72.54,47.61,42.76,73.44,87.52
2013-08-26,71.8528,69.94,105.53,14.49,83.56,23.83,118.84,61.35,65.79,23.61,433.6282,157.9,75.43,22.275,87.53,51.8,38.12,95.31,114.33,34.15,80.56,31.96,28.02,78.54,33.82,72.38,46.94,42.39,73.03,87.09
2013-08-27,69.7985,70.06,103.21,14.11,82.7,23.485,118.81,60.69,65.85,23.18,425.5001,153.23,74.12,22.191,86.17,50.6,38.15,94.84,112.73,33.26,81.09,31.405,27.995,77.97,33.69,71.52,46.95,41.11,72.86,86.82
2013-08-28,70.1279,69.09,103.27,14.12,82.45,23.445,121.81,60.81,66.05,23.2,424.6993,152.97,75.03,22.285,86.53,50.58,38.35,96.08,113.0,33.02,81.08,31.685,28.21,76.85,33.58,71.54,46.56,41.25,72.38,88.84
2013-08-29,70.2428,69.69,104.93,14.17,82.53,23.45,120.37,61.08,65.66,23.11,428.1427,153.63,75.05,22.06,86.57,50.7,38.1,94.86,113.32,33.55,80.56,31.74,28.1,77.31,33.65,72.44,47.82,41.25,72.43,87.27
2013-08-30,69.6022,69.49,103.92,14.12,82.54,23.31,120.43,60.83,65.6,23.14,423.8734,152.13,74.49,21.98,86.41,50.53,38.18,94.36,113.58,33.4,80.36,31.41,28.21,77.89,33.83,71.74,47.38,41.08,72.98,87.16
2013-09-03,69.7971,69.23,105.01,14.25,82.51,23.48,120.55,60.93,64.96,23.06,430.6202,154.76,73.9,22.067,86.42,51.13,37.9,94.52,113.22,31.88,79.77,32.145,28.01,77.75,33.32,72.56,46.01,41.39,72.68,87.15
2013-09-04,71.2415,69.24,106.37,14.32,83.54,23.77,120.86,61.11,64.69,23.17,436.2528,155.74,74.14,22.635,86.9,51.87,38.54,95.16,114.55,31.195,80.1,32.565,28.37,77.49,33.74,73.35,46.78,41.5,72.91,87.76
2013-09-05,70.7528,68.75,106.65,14.37,82.95,23.69,121.37,61.3,64.8,23.16,440.2198,156.17,72.99,22.6,87.04,52.11,38.24,95.66,114.87,31.235,79.96,32.69,28.27,77.14,33.34,74.04,46.64,41.82,72.67,87.35
2013-09-06,71.1742,71.91,106.07,14.36,83.39,23.55,121.21,61.39,65.45,23.16,440.2298,156.66,72.7,22.67,87.16,52.56,38.35,96.26,115.04,31.152,80.01,32.49,28.28,77.15,33.41,74.06,46.34,41.43,72.59,87.25
2013-09-09,72.3099,74.26,107.19,14.48,85.59,23.92,122.22,61.59,65.57,23.39,444.471,159.49,73.58,22.91,87.56,52.86,38.52,96.45,116.74,31.655,80.23,32.7,28.3,78.16,33.63,74.25,45.91,41.72,73.51,88.04
2013-09-10,70.6628,74.58,108.17,14.61,86.61,24.155,123.01,62.83,65.95,23.87,444.7793,165.14,74.6,22.985,88.53,53.67,38.63,96.89,117.59,32.39,80.61,33.41,28.45,77.95,33.97,74.63,46.47,42.45,73.96,87.82
2013-09-11,66.8156,75.02,109.23,14.65,87.13,24.375,123.92,63.94,65.31,24.09,448.5431,165.06,75.04,22.81,89.23,53.26,38.78,97.46,118.71,32.74,79.61,33.795,28.67,78.27,33.97,75.18,46.52,42.5,74.05,88.84
2013-09-12,67.5271,74.12,109.8,14.48,86.84,24.29,123.89,65.49,64.97,23.85,446.9785,163.35,75.4,22.63,89.01,52.24,38.44,97.18,118.2,32.69,79.27,34.04,28.31,78.26,34.375,74.74,47.35,42.26,73.91,87.98
2013-09-13,66.4142,73.71,111.33,14.49,87.01,24.32,124.14,66.69,65.55,23.78,444.9785,164.0,75.11,23.44,88.57,52.59,38.69,97.35,118.6,33.03,79.22,33.955,28.51,79.05,34.32,74.48,47.76,42.19,74.36,88.4
2013-09-16,64.3028,74.27,115.67,14.53,87.18,24.38,124.08,66.94,66.03,24.14,444.3239,167.03,75.54,23.39,89.03,53.14,38.86,97.71,119.23,32.801,79.17,34.095,28.71,80.16,34.57,75.12,48.3,42.89,74.78,88.67
2013-09-17,65.0456,73.92,117.11,14.55,87.07,24.37,124.34,66.98,66.19,24.45,443.4981,167.42,75.8,23.74,89.06,53.09,38.79,97.92,119.93,32.93,79.0,34.16,28.64,79.83,34.75,74.31,48.57,42.85,75.15,88.94
2013-09-18,66.3828,75.75,118.4,14.715,87.84,24.795,125.82,67.11,68.1,24.86,452.1117,168.06,77.37,23.9,89.91,53.41,39.59,98.7,121.29,33.32,82.55,34.74,29.04,80.295,34.95,73.04,48.72,43.31,76.42,89.58
2013-09-19,67.4714,74.82,119.04,14.61,87.75,24.615,125.44,65.72,67.93,24.46,449.6442,167.78,78.51,23.915,90.07,52.75,39.31,97.92,121.57,33.64,82.7,34.75,28.84,80.12,34.81,70.84,48.51,42.96,76.21,89.28
2013-09-20,66.7728,73.92,116.63,14.44,84.75,24.51,124.92,65.01,67.36,24.01,452.0066,169.75,77.0,23.769,89.68,52.8,39.4,96.9,120.01,32.791,80.69,34.685,28.97,79.39,34.315,70.57,47.78,42.85,75.83,88.66
2013-09-23,70.0914,72.96,117.51,14.14,85.03,24.275,125.52,64.75,67.73,24.28,443.6932,165.25,75.91,23.62,89.09,51.46,38.63,97.28,121.11,32.74,81.22,34.49,28.8,79.28,34.22,71.82,47.981,42.31,76.42,87.75
2013-09-24,69.8714,72.85,119.0,14.09,85.11,24.14,124.49,64.32,67.69,24.32,443.8634,162.97,76.04,23.705,88.22,50.32,38.53,97.78,120.8,32.455,81.22,34.715,28.71,78.62,34.09,72.32,47.27,41.73,75.75,87.36
2013-09-25,68.7899,73.77,118.51,14.14,84.5,24.43,124.07,64.45,67.26,24.23,439.0536,162.31,75.52,23.7,87.08,51.7,38.33,97.62,120.2,32.505,80.33,34.46,28.49,77.72,34.05,71.98,46.945,41.81,74.65,87.14
2013-09-26,69.4599,74.63,119.38,14.08,84.2,23.77,123.49,65.24,67.65,24.25,439.5241,162.29,76.07,23.41,87.07,51.89,38.74,98.19,120.66,32.77,80.44,35.17,28.52,78.05,34.23,72.16,47.67,41.61,74.62,87.07
2013-09-27,68.9642,74.52,118.74,13.9,83.8,23.33,122.64,65.19,66.9,24.05,438.6332,159.85,75.96,22.98,86.73,52.24,38.4,97.12,120.22,33.27,80.07,36.82,28.88,77.21,33.98,71.99,47.0,41.59,74.36,86.9
2013-09-30,68.1071,74.13,117.5,13.8,83.4,23.431,121.5,64.49,66.78,23.89,438.393,158.21,75.85,22.921,86.69,51.69,37.88,96.21,119.41,33.28,80.16,36.32,28.725,75.59,33.82,71.61,46.675,41.32,73.96,86.04
2013-10-01,69.7085,74.06,117.75,13.9,83.76,23.24,121.32,64.83,67.27,24.17,443.9455,159.0,76.26,22.83,87.47,51.96,37.95,96.13,119.62,33.58,80.07,36.21,28.89,76.16,34.06,72.58,46.99,41.49,73.59,86.0
2013-10-02,69.9371,73.99,117.84,14.06,84.07,23.32,120.83,64.88,67.25,24.33,444.439,158.67,76.32,22.885,87.29,52.09,37.43,95.28,119.2,33.92,80.41,35.945,29.01,75.93,33.94,72.57,46.79,41.26,73.72,86.08
2013-10-03,69.0585,73.43,115.24,14.0,83.97,23.005,118.25,64.02,66.33,24.1,438.483,156.85,75.88,22.6,86.58,51.94,37.16,94.67,118.55,33.86,79.45,35.82,28.77,75.84,33.64,72.52,47.01,41.0,73.16,85.5
2013-10-04,69.0042,72.69,117.2,14.05,84.2,23.02,118.13,65.3,66.43,24.05,436.6112,156.55,75.78,22.81,87.31,52.67,37.2,94.7,119.4,33.88,79.65,36.07,29.0,76.02,33.75,72.99,47.1,41.3,72.8,86.32
2013-10-07,69.6785,73.03,116.69,13.81,83.53,22.89,117.87,64.59,66.34,23.94,433.3029,154.25,75.13,22.83,86.59,51.83,37.05,94.36,118.69,33.3,79.35,35.67,28.62,75.65,34.0,72.17,47.29,40.62,71.87,85.9
2013-10-08,68.7056,71.89,115.44,13.69,82.85,22.635,116.73,64.0,67.2,23.67,427.2618,153.05,74.27,22.48,85.61,50.87,37.28,93.94,117.16,33.01,79.69,35.14,28.24,76.33,33.11,71.48,46.05,40.24,72.9,85.51
2013-10-09,69.5125,71.62,114.47,13.84,83.52,22.5,116.13,63.59,67.51,23.57,428.3579,154.44,74.14,22.59,85.96,50.75,37.08,93.27,117.57,33.07,80.0,35.445,28.29,76.95,33.75,71.38,46.2,40.36,73.0,85.16
2013-10-10,69.9482,73.59,118.9,14.23,84.73,23.01,116.38,65.58,68.29,24.25,434.5541,158.01,75.51,23.1,87.78,52.52,37.78,94.44,119.34,33.76,81.4,36.72,28.77,77.89,34.15,73.98,46.86,41.44,74.79,86.04
2013-10-11,70.4016,74.44,117.98,14.19,85.61,23.28,117.67,66.21,68.85,24.4,436.431,160.0,76.32,23.255,89.45,52.51,37.77,94.74,120.72,34.13,81.75,36.73,28.72,78.48,34.2,74.27,47.09,41.43,74.82,86.95
2013-10-14,70.8628,74.64,119.46,14.35,86.24,23.34,118.58,66.83,68.58,24.38,438.4931,159.46,76.35,23.45,89.8,52.71,37.91,94.72,121.4,34.45,81.06,37.03,29.35,78.74,33.92,74.72,46.81,41.75,74.68,87.6
2013-10-15,71.2399,74.73,118.18,14.24,85.75,23.18,118.15,66.44,67.85,24.19,441.446,157.63,75.18,23.39,89.93,52.31,37.66,93.8,119.82,34.49,80.21,36.855,29.16,77.6,33.71,73.87,46.32,41.54,74.37,86.79
2013-10-16,71.5876,77.12,120.34,14.56,86.27,22.995,119.16,66.35,69.03,24.36,449.4635,162.25,74.94,23.695,91.11,54.0,38.0,95.22,120.94,34.64,81.51,37.26,29.8,78.34,34.2,75.19,47.25,42.21,75.6,87.31
2013-10-17,72.0714,79.34,122.29,14.66,85.85,22.781,119.521,66.42,69.8,24.68,444.8414,158.32,75.74,23.92,91.97,54.21,38.55,95.47,122.62,34.92,83.0,37.27,30.26,79.42,34.44,71.37,48.9,42.68,75.78,87.48
2013-10-18,72.6985,79.01,122.52,14.63,87.34,22.961,119.65,67.15,70.08,25.55,506.2097,158.69,74.69,23.875,91.63,54.3,38.78,95.2,122.84,34.96,83.54,37.965,30.51,79.41,34.61,68.76,50.01,42.68,75.71,87.55
2013-10-21,74.4802,79.51,121.47,14.52,87.7,22.93,119.82,67.61,70.06,26.14,502.1517,159.77,74.62,24.135,91.2,54.27,38.82,94.59,123.25,34.99,83.79,38.045,30.4,78.97,35.22,68.2,50.58,42.62,75.15,87.23
2013-10-22,74.2667,80.13,122.48,14.52,89.17,22.65,120.64,69.0,71.09,26.02,504.0035,159.25,74.86,24.071,92.36,53.62,39.09,95.12,123.8,34.58,85.01,37.98,30.68,80.38,35.23,68.86,51.14,42.94,76.32,87.98
2013-10-23,74.9942,79.0,129.02,14.21,83.76,22.255,120.13,68.12,71.71,25.7,516.2192,157.74,75.08,23.735,92.1,52.75,39.09,94.21,123.2,33.76,85.09,37.78,30.6,80.91,35.279,68.01,50.82,42.76,75.9,87.61
2013-10-24,75.9871,80.38,128.98,14.17,84.53,22.3745,120.56,69.05,71.63,25.94,513.2878,159.96,76.78,23.78,92.35,52.48,38.8,94.68,123.49,33.72,85.17,37.755,30.61,80.61,34.63,67.61,50.42,42.69,76.42,88.42
2013-10-25,75.1368,80.82,131.19,14.26,84.77,22.455,120.59,69.26,72.37,25.88,508.1076,162.09,76.25,24.235,92.09,52.77,39.03,94.78,124.42,35.73,85.95,37.85,30.61,80.0,35.19,67.62,50.71,42.86,76.08,87.97
2013-10-28,75.6965,80.3,129.88,14.23,84.28,22.55,120.91,69.0,72.37,26.09,508.0075,161.45,76.06,24.36,92.39,52.68,39.61,95.37,124.92,35.57,85.16,37.755,30.74,81.3,35.57,66.94,50.57,42.83,77.14,88.23
2013-10-29,73.8111,80.29,129.66,14.15,84.07,22.825,121.5,68.92,72.62,26.21,518.6381,162.11,77.5,24.523,93.14,52.73,39.8,96.05,125.28,35.52,85.98,37.955,31.25,82.46,36.27,68.08,51.09,42.96,77.06,88.93
2013-10-30,74.9851,80.69,129.68,14.17,83.49,22.705,120.3,68.47,72.01,26.37,515.7252,162.05,77.88,24.495,92.79,52.6,39.62,96.03,124.79,35.54,85.58,38.065,30.93,81.52,36.26,68.01,50.53,43.1,76.91,88.81
2013-10-31,74.6716,79.35,130.5,13.97,83.36,22.56,119.96,68.59,71.73,26.14,515.8053,160.86,77.89,24.47,92.61,51.54,39.57,96.52,125.85,35.405,84.75,37.88,30.685,80.75,36.2,68.26,50.51,42.69,76.75,89.62
2013-11-01,74.2899,79.37,133.03,14.02,83.59,22.565,118.01,69.01,72.51,26.54,514.0335,162.05,76.99,24.325,93.37,52.51,39.61,97.24,125.9,35.525,88.14,38.03,31.17,81.15,36.24,68.63,50.49,42.67,77.07,89.82
2013-11-04,75.2499,79.0,132.79,14.04,83.89,22.58,118.1,68.81,72.47,26.43,513.5661,163.16,77.0,24.255,93.03,52.04,39.51,97.31,126.32,35.94,88.09,38.185,31.26,81.33,36.45,68.95,51.08,42.7,77.33,92.1
2013-11-05,75.0641,78.6,133.57,13.93,84.05,23.065,118.45,68.85,72.45,26.42,511.2708,161.95,76.65,24.03,92.81,51.95,39.5,97.41,126.12,36.64,87.26,38.6,31.24,81.43,35.53,68.72,50.1,42.63,77.42,91.99
2013-11-06,74.4171,79.53,133.09,13.96,84.22,23.28,121.14,69.0,73.21,26.9,511.8864,163.52,76.42,24.245,93.04,52.1,40.05,97.9,127.13,38.18,88.35,38.38,30.97,82.81,35.82,70.29,50.61,42.44,78.16,93.22
2013-11-07,73.2131,78.77,131.51,13.8,83.65,23.11,119.91,67.15,72.92,26.6,504.479,159.64,75.69,24.059,92.69,51.65,39.83,97.2,126.41,37.5,87.0,37.85,30.91,82.32,35.11,69.76,50.17,41.71,77.51,91.96
2013-11-08,74.3656,77.79,133.49,14.32,84.24,23.51,121.19,68.58,72.43,27.05,508.523,163.17,75.48,24.09,94.05,53.96,40.05,97.01,127.99,37.78,87.12,38.56,31.32,82.51,35.17,70.5,50.2,42.71,77.96,92.73
2013-11-11,74.1496,77.45,132.53,14.4,84.15,23.445,121.08,68.34,72.45,27.01,505.8003,163.84,75.37,24.169,94.29,54.1,39.87,97.09,127.95,37.59,86.55,38.58,31.24,82.26,35.03,70.5,49.96,42.75,79.01,92.96
2013-11-12,74.2871,77.96,132.33,14.32,83.85,23.73,120.0,67.77,71.72,27.05,506.3959,162.89,76.18,24.43,93.56,53.97,39.88,97.66,128.36,37.36,85.65,38.435,31.38,82.8,35.17,69.95,50.16,42.28,78.71,92.67
2013-11-13,74.3762,78.17,133.17,14.64,84.2,23.995,120.09,68.97,70.92,27.15,516.7512,162.94,77.6,24.6,93.34,54.14,40.12,98.11,128.59,38.155,86.1,38.925,31.87,83.5,35.07,71.01,49.99,42.76,78.9,92.59
2013-11-14,75.4514,79.1,135.09,14.795,83.76,21.365,119.56,70.02,71.51,26.99,518.1326,163.2,78.94,24.385,93.92,54.4,40.21,97.56,129.79,38.021,87.5,39.32,32.0,84.32,35.16,71.44,50.27,43.09,79.08,93.22
2013-11-15,74.9986,79.28,136.08,14.92,83.74,21.535,120.06,70.0,71.8,27.2,517.2968,164.4,80.03,24.52,94.39,54.87,40.22,96.92,129.85,37.841,88.57,39.61,32.2,84.84,35.43,71.87,50.31,43.54,79.22,95.27
2013-11-18,74.0898,78.57,138.36,14.92,84.04,21.29,120.56,69.5,71.54,27.22,516.2908,165.68,79.67,24.6,94.3,55.74,40.17,97.65,130.13,37.2,89.06,39.29,32.01,84.57,35.6,71.68,50.76,43.41,79.22,95.45
2013-11-19,74.2214,78.1,136.98,15.2,83.67,21.42,122.06,69.12,71.12,27.03,513.1146,166.6,80.38,24.7,94.86,56.15,40.14,97.98,130.05,36.74,87.3,38.905,31.66,84.34,35.72,71.61,50.78,43.56,79.25,95.42
2013-11-20,73.5714,78.13,132.45,15.14,82.68,21.23,122.0,69.23,70.03,26.96,511.6662,165.0,79.75,24.56,95.15,56.1,40.06,97.54,129.18,37.08,86.23,38.92,31.92,84.69,35.4,71.98,50.4,43.62,78.9,94.68
2013-11-21,74.4479,77.59,132.93,15.59,82.12,21.47,123.46,69.94,70.75,26.91,517.552,167.07,79.83,25.23,95.2,57.22,40.43,97.7,130.35,37.4,86.59,39.045,31.97,84.67,35.3,72.91,50.38,44.08,78.86,94.69
2013-11-22,74.2571,77.28,135.97,15.64,82.88,21.46,124.03,70.2,71.13,27.08,516.4609,168.1,79.18,23.87,95.25,57.46,40.43,98.27,131.02,37.57,86.59,39.435,32.12,84.95,35.42,73.74,50.22,44.36,79.81,95.01
2013-11-25,74.8199,77.0,133.0,15.81,84.4,21.27,123.74,69.74,70.99,26.73,523.488,169.48,79.75,23.75,95.63,57.65,40.37,98.92,131.23,37.64,86.1,39.565,32.14,85.41,35.37,74.07,50.01,44.48,80.43,95.09
2013-11-26,76.1999,78.03,134.78,15.88,84.36,21.21,122.78,71.18,70.5,26.78,529.7342,168.04,80.35,23.65,95.06,57.17,40.25,98.2,132.15,37.35,85.13,39.8,31.89,84.64,35.28,74.52,50.05,44.31,80.68,94.27
2013-11-27,77.9942,78.37,134.72,15.83,84.67,21.27,122.42,70.77,70.03,26.83,532.0866,168.22,80.66,23.9,94.98,57.48,40.19,97.06,133.5,37.6,84.94,39.665,31.88,84.28,35.41,74.36,49.93,44.27,80.93,93.8
2013-11-29,79.4385,77.77,134.25,15.82,84.6,21.25,122.44,70.54,69.96,26.66,530.3248,168.94,80.67,23.84,94.66,57.22,40.19,97.37,133.51,38.13,84.59,39.57,31.73,84.22,35.21,74.48,49.62,44.02,81.01,93.48
2013-12-02,78.7471,78.21,134.16,15.73,84.25,21.09,122.34,70.91,69.61,26.66,527.7672,169.72,79.77,23.7,94.28,56.98,40.08,96.51,127.68,38.45,83.93,39.545,31.83,83.34,34.8,74.16,49.26,44.18,81.11,93.52
2013-12-03,80.9031,77.71,132.0,15.54,83.87,21.26,122.52,69.9,69.75,26.56,527.1566,168.05,78.71,23.55,93.97,56.86,40.35,96.38,126.6,38.31,84.05,39.565,31.22,83.83,34.74,73.73,49.6,43.73,81.21,94.39
2013-12-04,80.7142,77.43,131.5,15.63,83.97,21.249,121.77,69.97,69.92,26.64,529.6191,168.7,78.4,23.74,93.63,57.19,40.37,95.71,126.46,38.94,84.21,39.41,31.27,83.35,34.6,73.65,49.37,43.75,80.22,94.67
2013-12-05,81.1286,77.75,132.73,15.43,84.41,20.91,121.1,70.23,69.6,26.45,529.1987,165.56,78.54,24.26,92.97,55.82,39.83,95.43,126.83,38.0,83.59,39.475,31.25,82.69,34.25,72.75,48.91,43.25,79.44,94.13
2013-12-06,80.0028,78.08,135.18,15.56,85.5,21.28,122.29,71.46,70.19,26.94,535.4699,167.21,79.84,24.82,94.44,56.06,40.46,96.8,128.61,38.36,84.63,39.93,31.54,84.52,34.53,73.5,49.48,44.11,79.94,95.65
2013-12-09,80.9185,78.84,134.68,15.58,86.09,21.22,123.34,71.11,69.81,27.19,539.6091,167.67,79.6,24.93,94.44,56.51,40.4,95.72,128.57,38.705,84.11,39.89,31.58,84.78,34.69,73.72,49.57,44.32,79.95,95.84
2013-12-10,80.7928,79.21,133.7,15.56,86.42,21.21,123.66,71.57,69.27,27.14,542.8723,169.73,78.61,24.82,94.14,56.7,39.85,95.43,127.55,38.11,82.84,39.61,31.34,83.65,34.4,74.05,49.05,44.11,79.08,95.71
2013-12-11,80.1942,77.81,132.56,15.25,85.28,20.88,122.1,70.52,68.33,26.58,539.1836,167.6,79.0,24.42,93.11,56.07,40.13,95.26,126.77,37.61,82.4,38.42,30.65,84.02,33.95,72.14,48.49,43.52,79.09,94.26
2013-12-12,80.0771,76.69,132.96,15.25,85.57,20.51,120.99,69.63,68.19,26.54,535.515,168.33,78.53,24.47,91.16,56.31,39.21,94.1,126.58,37.22,82.76,38.115,30.25,82.3,33.89,71.01,48.13,43.5,78.5,95.36
2013-12-13,79.2042,76.76,133.83,15.18,86.05,20.24,119.9,69.62,68.19,26.84,530.9254,168.39,79.01,24.29,91.35,56.17,39.23,94.44,126.43,36.69,82.71,38.2,30.25,82.37,33.85,70.48,47.84,43.73,78.08,95.31
2013-12-16,79.6428,76.09,134.72,15.24,87.38,20.68,120.22,70.51,68.51,26.98,537.0265,170.95,79.1,24.45,91.37,56.42,39.27,95.45,127.66,36.885,82.86,38.22,30.25,81.69,34.15,71.06,48.26,43.98,77.74,97.22
2013-12-17,79.2842,76.39,135.88,15.18,86.92,20.92,118.74,70.66,68.38,27.03,535.4649,170.49,78.62,24.655,90.66,55.72,39.1,94.38,131.39,36.52,82.63,38.38,30.14,80.91,33.85,70.73,47.56,43.59,77.25,96.75
2013-12-18,78.6813,78.22,135.49,15.69,88.17,21.0,121.6,72.2,69.73,27.41,542.9174,174.84,80.05,25.15,92.64,57.24,40.02,95.93,135.8,36.58,83.68,39.275,30.77,82.38,34.38,72.38,48.47,44.93,77.94,99.54
2013-12-19,77.7799,78.11,135.17,15.75,87.54,21.07,123.22,72.97,69.19,27.32,543.6531,174.77,79.95,25.14,91.98,57.23,39.86,95.14,136.41,36.25,83.73,39.13,30.71,81.9,34.45,72.39,48.43,45.02,77.24,99.43
2013-12-20,78.4314,77.95,136.67,15.6,88.93,21.13,122.78,72.4,69.5,27.36,550.8603,175.16,80.04,25.055,92.09,57.7,40.04,96.51,136.72,36.8,84.82,38.67,30.25,81.84,34.3,73.35,48.08,44.96,77.43,98.68
2013-12-23,81.4413,78.42,136.4,15.69,89.96,21.57,122.8,73.28,69.05,27.4,558.1075,176.47,80.56,25.32,92.03,58.24,40.16,96.3,136.8,36.62,84.7,38.555,30.35,81.31,34.69,74.35,48.58,45.21,77.87,98.51
2013-12-24,81.0956,78.71,136.83,15.7,90.91,21.69,123.51,73.85,69.28,27.61,556.4759,176.16,80.64,25.43,92.06,58.25,40.19,96.54,136.99,37.08,84.73,38.83,30.29,81.31,34.95,74.13,48.98,45.39,78.01,99.22
2013-12-26,80.5571,78.84,138.27,15.65,91.15,21.8,124.81,74.62,68.77,27.83,559.2887,176.45,81.55,25.7,92.54,58.2,40.49,96.84,138.29,37.44,84.59,39.095,30.55,81.76,35.16,74.85,49.18,45.54,78.39,100.9
2013-12-27,80.0128,78.82,136.9,15.67,90.87,22.02,125.23,74.35,68.95,27.83,559.7592,176.35,81.64,25.6,92.35,58.14,40.66,96.91,139.35,37.29,84.7,39.08,30.64,82.01,35.18,74.69,49.17,45.5,78.47,101.51
2013-12-30,79.2171,79.8,135.92,15.54,90.87,22.25,124.23,76.23,69.11,27.89,555.2847,175.73,81.94,25.85,92.3,57.95,41.09,97.01,139.42,37.29,85.05,39.37,30.69,82.0,35.2,74.78,49.15,45.5,78.63,100.31
2013-12-31,80.1456,79.82,136.49,15.57,90.81,22.43,124.91,76.4,69.01,28.03,560.9154,177.26,82.34,25.955,91.59,58.48,41.31,97.03,140.25,37.41,85.62,39.32,30.63,81.41,35.16,75.3,49.14,45.4,78.69,101.2
2014-01-02,79.0185,79.45,136.67,16.1,89.87,22.0,124.14,76.27,68.14,27.5,557.1166,176.89,82.02,25.79,91.03,58.21,40.66,96.41,138.13,37.16,84.25,39.12,30.46,80.54,34.95,74.57,49.0,45.02,78.91,99.75
2014-01-03,77.2828,79.68,137.62,16.41,89.82,21.98,124.35,76.11,67.92,27.48,553.0525,178.15,81.89,25.78,91.85,58.66,40.46,96.54,138.45,36.91,84.36,39.015,30.52,80.45,34.8,75.1,48.42,45.34,78.65,99.51
2014-01-06,77.7042,80.19,138.41,16.66,88.64,22.01,124.02,75.82,67.96,27.26,559.2187,179.37,81.1,25.46,92.33,59.0,40.27,95.85,137.63,36.13,84.4,38.715,30.55,80.64,34.96,74.24,48.69,45.42,78.21,99.66
2014-01-07,77.1481,81.3,140.51,16.5,88.93,22.31,125.07,76.34,68.49,27.29,569.9982,178.29,81.5,25.585,94.29,58.32,40.39,96.38,137.65,36.41,85.02,38.745,30.74,81.42,34.95,76.51,49.3,45.4,78.45,101.07
2014-01-08,77.6371,81.94,140.82,16.58,89.14,22.293,123.29,75.22,67.85,27.21,571.1856,178.44,81.93,25.43,94.16,58.87,39.94,95.41,136.63,35.76,85.29,38.545,30.95,80.24,34.24,75.62,48.5,45.92,77.83,100.74
2014-01-09,76.6455,82.1,142.13,16.83,89.71,22.09,123.29,74.9,67.87,27.22,565.6851,177.4,81.57,25.31,94.73,58.76,39.73,95.46,136.45,35.53,86.02,38.545,30.93,80.42,33.54,76.08,47.5,46.16,78.09,99.76
2014-01-10,76.1342,82.64,141.9,16.77,90.51,22.22,121.01,75.39,68.59,26.96,565.6551,178.39,82.01,25.53,94.74,58.49,40.13,95.8,136.18,36.04,87.25,38.46,30.69,80.3,33.62,74.7,47.75,45.94,78.04,100.52
2014-01-13,76.5328,82.14,140.7,16.43,89.89,22.19,119.25,73.27,67.77,26.73,562.0515,175.88,80.97,25.5,94.5,57.7,39.53,94.83,134.68,34.98,86.68,37.59,30.54,80.01,33.3,73.94,47.03,45.56,77.49,98.55
2014-01-14,78.0556,82.66,140.01,16.77,90.56,22.41,119.57,74.45,67.57,26.97,575.2747,176.6,81.01,26.51,94.72,57.74,39.69,95.22,137.41,35.78,86.72,37.585,31.0,80.87,33.48,74.02,47.08,45.59,77.96,99.12
2014-01-15,79.6228,83.26,140.62,17.15,92.41,22.78,119.18,74.28,67.13,27.34,574.8843,178.75,81.07,26.67,94.8,59.49,39.76,95.46,138.44,36.76,86.8,37.715,31.18,80.79,33.79,74.84,48.27,46.4,77.66,98.78
2014-01-16,79.1785,83.27,140.21,17.08,92.01,22.78,118.83,74.21,67.36,27.2,578.6881,175.17,81.26,26.54,94.64,58.99,39.71,96.06,138.16,36.89,87.55,37.395,31.17,80.56,33.96,72.76,48.53,46.39,76.76,98.94
2014-01-17,77.2385,83.15,140.46,17.01,91.44,22.74,119.29,73.98,67.57,26.58,575.8403,176.28,81.0,25.85,95.06,58.11,39.28,94.93,137.31,36.38,87.66,36.695,31.09,79.88,33.7,72.52,48.35,46.39,76.19,99.16
2014-01-21,78.4385,83.63,141.67,17.01,90.6,22.83,120.36,74.2,68.51,26.29,582.4319,173.2,80.46,25.59,94.03,58.17,39.92,95.08,136.99,36.17,89.05,36.875,31.23,80.18,33.57,73.16,47.7,46.5,75.84,98.5
2014-01-22,78.7871,83.42,144.37,17.15,89.64,22.84,120.43,75.31,68.65,25.99,583.0925,173.68,80.2,25.31,94.32,57.59,39.9,94.88,136.48,35.93,88.86,36.75,31.27,79.23,33.34,73.4,47.33,46.67,75.35,97.88
2014-01-23,79.4542,83.28,141.31,16.86,88.48,22.56,118.39,74.79,68.53,25.82,580.63,170.75,80.24,25.13,92.74,56.47,39.24,95.32,134.71,36.055,88.8,36.365,31.01,78.24,33.8,73.2,47.86,46.35,74.96,96.97
2014-01-24,78.0099,79.62,136.65,16.45,86.17,22.2,116.29,72.72,68.26,24.95,562.4769,167.64,79.16,24.81,90.61,55.09,38.84,94.43,130.22,36.805,87.06,35.825,30.09,79.18,33.42,71.6,47.63,45.48,74.42,94.85
2014-01-27,78.6428,79.25,137.36,16.31,91.29,22.0,116.43,72.25,68.73,25.07,551.1656,164.69,78.94,24.72,89.94,55.09,38.73,94.07,128.96,36.03,86.89,35.95,29.66,78.47,33.51,71.65,47.69,45.53,74.15,94.92
2014-01-28,72.3571,80.56,137.09,16.73,92.47,21.75,116.84,72.88,68.82,25.46,562.0665,166.25,78.54,24.9,90.1,55.74,38.87,94.18,129.81,36.27,88.78,36.355,30.42,79.11,33.7,71.71,47.36,45.96,74.67,95.65
2014-01-29,71.5356,79.56,129.78,16.68,90.62,21.65,116.0,71.33,68.99,25.29,554.0135,163.9,76.68,24.68,88.9,55.53,37.9,93.15,130.25,36.66,88.77,35.885,30.11,77.64,33.31,71.26,47.69,45.59,74.1,95.11
2014-01-30,71.3974,81.18,126.53,16.93,93.2,21.976,116.45,73.22,69.89,25.5,568.2647,165.84,76.93,24.74,89.5,56.0,38.17,93.8,128.05,36.86,90.96,36.97,30.82,76.87,33.35,72.8,47.63,46.05,74.75,93.99
2014-01-31,71.5142,80.88,125.26,16.75,93.91,21.91,111.63,72.61,70.62,25.13,591.0755,164.12,76.85,24.54,88.47,55.36,37.82,94.17,128.19,37.84,91.93,36.425,30.4,76.62,33.32,72.28,48.02,45.34,74.68,92.16
2014-02-03,71.6471,78.83,123.08,16.35,92.42,21.55,111.14,69.99,70.46,24.35,567.2817,159.82,75.09,23.95,86.78,54.31,37.2,93.02,123.9,36.48,91.22,35.44,30.6,75.7,31.95,70.74,46.41,44.43,72.66,90.05
2014-02-04,72.6842,79.14,122.04,16.35,92.5,21.8,110.83,71.05,69.94,24.57,569.6491,161.76,74.97,23.82,86.62,54.95,37.48,93.09,126.72,36.35,90.14,35.255,31.44,76.09,32.45,70.51,46.82,44.77,72.73,90.02
2014-02-05,73.2271,79.01,121.4,16.4,91.96,21.98,109.52,71.76,69.62,24.52,572.1716,160.42,75.26,23.52,87.28,55.21,37.61,93.58,127.36,35.82,89.36,35.3,30.65,76.45,32.08,70.82,46.69,44.23,72.87,89.58
2014-02-06,73.2156,79.76,122.67,16.69,93.83,22.49,111.27,75.56,70.01,24.95,580.56,161.75,76.16,23.99,88.75,56.48,38.03,94.94,128.9,36.18,89.78,35.755,30.84,76.9,32.0,70.87,46.68,44.78,72.82,89.8
2014-02-07,74.2399,80.38,127.02,16.82,94.87,22.67,112.05,75.67,69.99,25.19,589.3087,161.93,76.45,24.205,90.04,56.62,37.95,95.92,130.33,36.56,90.61,36.345,31.22,77.31,32.3,71.36,46.81,45.37,73.75,90.58
2014-02-10,75.5699,81.52,127.16,16.72,94.5,22.83,111.69,77.06,70.74,25.05,587.0515,161.0,76.41,24.29,91.07,56.74,38.57,94.86,129.7,36.8,91.34,36.335,31.47,78.03,32.44,69.74,46.91,45.52,73.76,89.52
2014-02-11,76.5656,81.92,130.16,16.88,94.96,22.71,113.58,77.79,71.3,25.43,595.6851,164.39,76.7,24.47,92.97,57.43,38.64,95.34,130.98,37.175,91.98,36.99,31.88,78.84,32.95,70.62,47.21,45.97,74.8,90.84
2014-02-12,76.5599,81.79,128.13,16.75,96.17,22.85,112.03,77.91,70.87,25.39,593.9383,163.5,77.28,24.55,92.42,57.52,38.51,94.89,130.44,37.47,92.2,37.055,31.61,77.49,32.94,70.24,47.37,45.99,74.96,91.08
2014-02-13,77.7756,82.49,129.5,16.75,96.11,22.27,112.51,77.9,71.43,25.44,600.5499,164.06,77.59,24.7,92.56,58.03,38.65,95.46,130.14,37.61,92.85,37.435,31.7,77.8,33.49,71.21,47.31,45.98,75.36,91.43
2014-02-14,77.7128,83.2,130.16,16.7,96.55,22.56,113.48,79.23,71.45,25.74,602.0014,163.72,77.93,24.755,92.76,58.15,38.93,95.78,132.12,37.62,93.27,37.535,31.94,79.4,33.15,73.52,46.51,46.13,75.79,94.11
2014-02-18,77.9985,83.53,130.63,16.47,96.56,22.41,112.71,79.58,71.5,25.65,606.0454,164.65,77.57,24.76,92.17,58.49,37.47,96.02,131.8,37.42,93.35,37.605,31.88,77.97,32.82,73.83,45.98,46.13,75.33,94.07
2014-02-19,76.7671,83.75,128.39,16.2,96.21,22.28,113.6,78.87,71.72,25.4,601.7712,163.26,76.45,24.5,91.64,57.26,37.1,95.55,130.56,37.51,92.44,37.41,31.48,78.14,32.85,73.55,46.53,45.53,74.85,93.95
2014-02-20,75.8785,84.51,129.56,16.3,96.92,22.3,114.6,79.19,71.74,25.12,602.6571,164.5,77.48,24.74,92.38,57.58,37.3,95.75,131.56,37.75,92.45,37.79,31.55,77.92,33.18,73.48,48.12,45.63,73.52,95.37
2014-02-21,75.0356,84.05,128.28,16.29,97.5,22.13,112.68,80.13,71.49,24.94,602.4969,164.5,77.74,24.42,91.52,57.61,37.18,96.45,131.57,37.98,92.56,38.24,31.46,77.97,32.8,73.81,47.27,45.6,73.12,95.03
2014-02-24,75.3642,82.98,129.59,16.53,97.32,22.12,114.15,80.73,71.11,25.29,606.8613,166.54,77.87,24.63,91.11,58.03,37.5,96.5,132.2,37.69,91.78,38.92,31.99,77.86,32.47,76.01,46.23,46.08,73.35,96.44
2014-02-25,74.5799,80.16,126.78,16.34,96.41,21.84,114.97,80.21,71.03,25.27,610.61,163.48,80.98,24.62,91.11,57.03,37.77,96.62,132.93,37.54,91.64,39.055,31.89,78.12,32.17,75.32,46.29,46.08,73.35,96.31
2014-02-26,73.9071,80.83,126.61,16.33,97.2,21.93,115.51,80.08,70.88,25.3,610.6951,162.8,81.7,24.8,91.11,56.75,37.87,95.89,132.86,37.47,90.46,39.21,31.99,77.86,32.0,76.06,46.35,46.05,74.78,95.79
2014-02-27,75.3814,81.46,128.56,16.49,96.7,21.92,115.69,80.48,70.43,25.5,610.2146,165.38,81.97,24.76,91.36,56.69,38.07,95.08,134.34,37.86,90.58,39.01,32.23,78.19,32.23,76.02,47.5,46.05,74.56,95.84
2014-02-28,75.1771,81.47,128.92,16.53,96.97,21.8,115.33,80.81,70.88,25.47,608.4328,166.45,82.03,24.76,92.12,56.82,38.2,95.15,134.73,38.31,91.39,39.15,32.11,78.66,31.93,77.27,47.58,46.42,74.7,96.27
2014-03-03,75.3942,81.46,128.22,16.3,96.31,21.57,114.84,79.46,70.05,25.12,601.9463,164.74,82.0,24.5,91.56,56.21,38.12,94.32,132.21,37.78,90.28,38.695,31.98,77.48,31.86,77.1,47.31,46.15,74.12,95.5
2014-03-04,75.8914,81.54,130.23,16.73,97.02,21.82,115.32,81.71,70.12,25.65,608.0625,168.73,82.87,24.61,93.34,57.26,38.31,94.98,132.68,38.41,91.66,39.31,32.69,78.45,32.15,78.13,47.9,46.74,75.13,96.52
2014-03-05,76.0514,80.8,128.79,17.25,96.37,21.87,114.43,82.68,70.11,25.93,609.7391,171.9,82.91,24.5,92.59,58.16,38.35,95.02,133.85,38.11,90.65,38.71,32.75,77.82,32.13,77.99,47.38,47.09,74.8,93.8
2014-03-06,75.8214,81.92,128.86,17.35,97.6,21.82,114.85,83.34,70.03,26.22,610.4148,172.6,82.41,24.63,92.89,58.9,38.47,95.58,134.08,38.15,90.74,39.11,32.46,78.06,32.34,77.64,47.46,47.34,74.88,93.76
2014-03-07,75.7771,81.31,128.54,17.33,97.05,21.73,115.08,82.21,70.06,26.13,608.0024,174.26,82.55,24.64,93.32,59.4,38.55,95.5,134.11,37.9,91.8,39.73,32.43,78.38,32.54,77.4,47.15,47.95,74.58,94.99
2014-03-10,75.8456,81.18,126.89,17.47,96.75,21.69,115.84,81.97,69.62,26.04,606.3908,173.51,82.18,24.84,93.45,59.2,38.65,95.2,133.56,37.82,91.18,39.49,32.39,78.53,32.51,77.88,47.03,48.15,74.43,95.5
2014-03-11,76.5842,81.7,125.67,17.27,96.84,21.61,114.51,81.05,69.47,25.9,600.595,169.89,81.29,24.73,93.49,58.19,38.8,98.78,132.51,38.02,90.96,39.4,32.42,78.95,32.23,77.78,46.7,47.81,74.92,94.01
2014-03-12,76.6585,80.84,124.43,17.28,96.82,21.82,115.65,81.38,70.36,25.76,604.2536,169.72,80.56,24.76,93.6,57.92,38.47,98.71,132.57,38.27,92.19,39.485,31.98,79.24,32.38,77.6,46.36,48.12,75.53,94.21
2014-03-13,75.8071,80.35,121.89,17.16,95.61,21.52,114.45,79.93,70.57,25.34,595.1245,166.7,78.8,24.57,93.0,57.42,37.97,97.37,130.81,37.89,93.78,39.265,31.12,79.19,32.35,77.01,46.03,47.84,74.93,93.64
2014-03-14,74.9556,80.39,123.11,16.8,95.39,21.3499,114.1,80.07,70.7,25.11,586.9864,165.35,79.38,24.5,92.81,56.8,38.17,97.58,129.83,37.7,94.26,39.16,31.23,78.98,32.49,75.7,46.08,47.4,74.28,93.47
2014-03-17,75.2485,81.74,125.42,17.11,95.67,21.51,115.07,81.39,71.1,25.43,596.646,166.84,79.58,24.7,93.93,57.58,38.27,97.6,132.27,38.05,94.81,39.49,31.42,79.84,32.89,76.76,46.31,48.13,74.68,94.32
2014-03-18,75.9142,81.8,124.04,17.19,96.41,21.63,116.24,81.99,70.24,25.65,606.2356,168.09,79.82,24.82,93.94,58.06,38.4,97.31,132.74,39.55,94.47,39.82,31.93,79.77,32.98,78.0,46.7,48.4,74.77,94.71
2014-03-19,75.8942,80.68,122.24,17.44,96.04,21.63,115.2,80.52,68.71,25.28,600.2246,168.18,79.75,25.02,93.59,58.3,38.14,96.1,131.23,39.27,93.3,39.575,31.71,78.78,32.96,79.96,46.36,47.81,74.38,93.73
2014-03-20,75.5285,81.23,123.73,17.92,96.21,21.83,115.51,80.81,69.17,25.27,599.1786,169.22,80.09,25.425,94.12,60.11,38.45,96.6,132.43,40.33,93.54,39.635,31.91,78.32,34.09,81.53,47.21,49.03,75.38,94.58
2014-03-21,76.1242,81.07,122.58,17.56,97.39,21.64,115.63,80.35,69.08,25.4,592.1115,166.95,80.42,25.17,95.93,60.17,38.44,95.47,133.12,40.16,94.57,37.605,32.18,77.88,34.3,81.34,46.91,49.12,76.1,94.31
2014-03-24,77.0271,80.9,123.42,17.37,96.85,21.57,115.85,79.49,69.32,25.41,579.544,165.72,79.66,25.12,95.2,61.07,38.4,96.18,132.42,40.5,94.08,37.43,31.49,79.3,34.46,81.28,47.01,48.98,76.76,94.64
2014-03-25,77.8556,81.71,124.02,17.21,98.59,22.34,117.09,79.55,69.92,25.7,579.9394,163.25,79.47,25.46,97.38,60.93,38.62,95.91,134.06,40.34,94.57,36.825,31.82,79.81,34.72,81.1,47.22,48.96,76.87,94.91
2014-03-26,77.1114,80.81,123.53,17.18,97.8,22.32,117.71,78.62,69.5,25.62,566.551,161.73,78.87,25.3772,97.05,59.9,38.61,95.84,133.09,39.79,93.88,36.61,32.18,79.5,34.61,81.54,47.01,48.5,76.23,94.7
2014-03-27,76.7799,80.67,123.21,17.01,98.45,22.02,117.67,78.48,70.42,25.81,557.6971,162.29,78.68,25.31,97.28,59.92,38.82,96.16,132.84,39.36,94.61,36.66,32.1,79.65,34.96,81.02,47.69,49.1,76.14,96.24
2014-03-28,76.6942,82.13,124.46,16.98,99.39,22.33,118.5,78.99,70.44,25.88,560.6351,162.3,78.72,25.62,97.44,60.04,38.95,97.24,134.2,40.3,94.72,36.77,31.88,79.76,35.07,81.62,47.42,49.29,76.01,97.7
2014-03-31,76.6771,81.87,125.49,17.2,99.37,22.415,118.91,80.07,71.22,25.89,557.8123,163.85,79.13,25.814,98.23,60.71,38.66,98.03,135.66,40.99,95.62,36.93,32.12,80.6,35.07,81.99,47.57,49.74,76.43,97.68
2014-04-01,77.3785,81.61,128.21,17.34,99.81,23.1,119.0,81.57,70.67,25.87,568.0124,165.92,79.38,25.99,97.94,60.67,38.41,97.9,136.53,41.42,94.86,37.195,31.95,80.34,35.09,81.84,47.75,49.77,76.77,97.73
2014-04-02,77.5071,81.27,128.31,17.23,102.63,22.99,119.35,81.67,70.26,26.04,568.1176,167.27,79.95,25.89,98.23,60.48,38.33,97.59,136.0,41.35,94.04,37.27,32.29,80.13,35.37,81.61,47.82,49.76,77.18,97.95
2014-04-03,76.9699,81.25,128.78,17.15,102.55,23.09,119.04,81.69,70.45,26.23,571.5,166.09,79.4,26.41,98.26,60.66,38.07,97.66,136.14,41.01,94.6,36.995,32.4,80.1,35.63,82.25,48.12,49.83,77.46,97.93
2014-04-04,75.9742,80.73,127.38,16.72,102.17,22.7117,118.8,80.43,70.49,26.02,545.25,163.24,78.72,26.16,98.42,59.81,38.22,97.87,135.86,39.87,95.01,36.42,32.16,79.77,35.55,81.53,48.04,49.56,77.31,97.36
2014-04-07,74.7814,80.67,125.59,16.38,101.11,22.85,117.34,79.13,71.14,25.85,540.63,158.56,77.13,26.485,97.89,59.0,38.62,97.01,134.4,39.8,93.9,35.415,31.2,80.49,35.49,81.08,48.12,48.66,77.31,96.78
2014-04-08,74.7771,81.5,124.15,16.44,102.39,22.94,117.8,79.57,72.51,25.75,557.51,156.56,77.11,26.91,98.06,58.85,38.9,98.08,134.84,39.82,96.5,36.46,30.87,81.35,35.27,80.66,48.21,48.83,78.18,97.45
2014-04-09,75.7599,81.87,126.88,16.62,102.99,23.12,119.1,80.47,71.82,25.95,567.04,158.16,77.76,26.98,98.95,59.27,38.99,98.35,135.84,40.47,96.43,36.78,31.23,81.49,34.92,81.39,47.98,49.1,77.97,97.33
2014-04-10,74.7828,81.55,123.64,16.12,102.26,22.65,116.69,77.51,71.59,25.58,546.69,155.98,76.78,26.425,96.54,57.4,38.89,99.43,133.97,39.36,95.77,36.225,30.61,81.09,35.12,79.99,47.47,47.71,76.89,96.78
2014-04-11,74.2299,80.55,122.07,15.77,101.45,22.46,117.03,77.01,71.84,25.43,537.76,152.72,75.7,26.1799,96.87,55.3,38.63,99.29,132.39,39.209,95.15,35.625,29.86,80.76,35.2,78.95,47.07,48.08,76.5,96.72
2014-04-14,74.5256,81.31,123.25,16.0,102.78,22.85,118.7,77.62,72.07,25.71,545.2,154.74,75.97,26.56,97.14,54.96,38.73,100.11,133.15,39.18,96.11,36.19,29.87,80.81,35.36,79.18,47.27,48.11,77.38,97.86
2014-04-15,73.9942,81.68,124.27,16.39,102.5,22.89,120.3,77.66,72.81,25.82,548.7,154.92,75.89,26.77,99.2,54.8,40.18,100.83,134.09,39.75,97.24,36.14,29.89,80.84,35.68,79.51,46.92,48.78,76.88,98.68
2014-04-16,74.1442,82.38,126.04,16.13,102.93,23.03,121.83,78.95,73.23,26.12,563.9,157.22,76.58,26.93,98.75,55.26,40.59,100.83,136.77,40.4,97.91,36.55,30.09,81.65,36.1,78.19,47.1,49.09,77.22,99.94
2014-04-17,74.9914,82.65,127.92,16.15,102.83,23.21,123.68,79.99,72.57,26.56,543.34,157.44,77.09,27.04,98.96,55.22,40.72,100.25,137.73,40.01,96.59,37.015,30.25,81.76,36.04,75.78,47.6,48.93,77.66,100.42
2014-04-21,75.8814,83.09,127.82,16.09,102.64,23.4,124.24,79.11,72.46,26.59,539.37,157.8,77.96,26.95,100.0,55.03,40.75,99.67,138.62,39.94,96.68,36.95,30.86,81.56,36.06,74.95,47.98,49.12,77.6,100.93
2014-04-22,75.9569,83.93,127.55,16.29,103.69,23.52,124.0,79.45,72.79,26.58,545.5,160.46,79.67,26.84,100.18,55.81,40.71,99.32,138.89,39.99,96.35,37.175,31.0,81.25,36.29,75.76,47.92,49.23,77.56,100.37
2014-04-23,74.9642,84.03,130.63,16.37,103.38,23.5,124.69,79.52,72.61,26.42,537.51,160.45,78.52,26.75,100.22,56.05,40.73,99.13,137.99,39.69,96.47,37.05,30.92,80.36,34.92,75.33,47.43,49.59,78.04,100.5
2014-04-24,81.1099,83.56,129.86,16.34,105.28,23.33,124.3,79.59,73.06,26.46,534.44,160.85,79.77,26.75,99.96,56.19,40.7,99.84,136.65,39.86,96.69,36.695,30.71,81.15,34.5,76.59,46.28,49.32,78.31,100.01
2014-04-25,81.7056,83.08,128.66,15.95,104.69,23.0,123.99,78.23,74.0,26.6,523.1,158.24,79.38,26.26,99.79,55.7,41.01,100.73,136.56,39.91,97.67,36.35,30.75,81.41,34.49,75.66,45.94,49.05,78.62,100.41
2014-04-28,84.8699,83.46,127.04,14.95,104.26,23.02,125.73,77.78,74.8,26.78,522.98,156.54,80.17,26.33,101.34,55.49,41.03,100.31,137.23,40.87,97.27,35.835,32.04,82.94,35.08,75.74,46.6,48.94,79.76,101.17
2014-04-29,84.6185,83.0,128.37,15.24,105.3,23.16,125.97,78.64,74.53,26.76,536.33,158.24,79.52,26.48,101.03,56.1,40.57,101.5,137.55,40.51,97.97,36.24,31.76,82.44,35.42,75.2,46.77,49.47,79.67,101.45
2014-04-30,84.2985,83.52,129.02,15.14,105.4,23.11,125.52,79.34,74.49,26.89,534.88,159.82,79.51,26.69,101.29,55.98,40.79,101.38,139.09,40.4,99.85,36.475,31.28,82.55,35.7,75.04,46.73,49.64,79.71,102.41
2014-05-01,84.4971,86.23,128.46,15.09,105.07,23.01,124.94,79.56,74.58,26.77,538.53,160.37,79.33,26.45,100.53,55.72,40.78,100.96,140.81,40.0,99.97,36.46,31.15,82.34,35.58,74.95,47.22,49.64,79.7,101.41
2014-05-02,84.6542,87.0,129.94,15.25,105.01,22.94,124.72,80.31,72.86,26.68,533.87,158.88,79.4,26.41,99.31,55.58,40.95,101.43,140.12,39.69,97.99,36.495,30.75,81.92,35.63,75.03,47.12,49.58,79.12,102.01
2014-05-05,85.8513,88.4,131.96,15.08,104.52,22.955,125.36,81.22,73.52,26.58,535.33,156.35,78.69,26.17,100.0,54.22,40.76,101.14,140.61,39.43,97.95,36.645,29.96,81.7,35.76,75.23,47.39,49.56,78.62,102.91
2014-05-06,84.9156,87.2,130.83,14.73,103.87,22.72,124.97,81.03,73.07,26.19,522.57,154.54,77.42,26.2,99.51,53.34,40.49,100.95,139.29,39.06,97.86,36.125,29.43,81.13,35.49,75.26,47.47,49.09,78.01,102.67
2014-05-07,84.6185,88.35,130.35,14.8,104.62,22.87,126.23,80.29,73.82,26.53,518.0,155.52,77.08,26.37,100.91,54.05,40.91,101.96,141.14,39.425,99.26,36.09,29.02,82.09,35.76,77.91,48.1,49.39,77.96,103.11
2014-05-08,83.9985,88.25,130.57,14.93,104.94,23.018,125.09,81.6,72.84,26.44,520.17,157.4,77.05,26.34,100.5,54.36,40.73,101.95,140.83,39.64,98.49,36.525,29.17,82.16,36.4,76.89,48.49,49.33,78.69,102.32
2014-05-09,83.6488,88.65,131.1,14.74,105.06,23.02,125.03,81.95,71.98,26.42,526.62,157.2,77.71,26.3,100.91,54.01,40.87,102.93,141.34,39.54,96.92,36.725,29.03,82.39,36.44,76.95,48.48,49.08,79.2,101.95
2014-05-12,84.6899,88.31,132.6,15.07,106.2,23.19,125.24,82.42,71.76,26.85,538.43,159.55,78.27,26.37,100.52,54.65,40.82,102.86,142.82,39.97,95.81,37.315,29.13,81.73,36.57,77.74,48.16,49.76,79.15,102.23
2014-05-13,84.8228,88.53,133.45,15.03,107.15,22.86,125.85,82.08,71.72,26.92,541.54,160.28,77.27,26.45,101.02,54.62,41.11,103.53,142.43,40.42,96.08,37.295,29.2,81.61,36.2,78.04,47.85,49.81,79.14,102.36
2014-05-14,84.8385,88.76,132.99,14.84,106.53,22.8099,126.42,80.92,71.27,26.76,534.41,159.45,76.31,26.33,100.87,54.36,40.89,103.03,141.6,40.24,96.61,36.79,29.1,81.17,36.39,77.17,48.01,49.29,78.74,102.29
2014-05-15,84.1171,88.66,131.21,14.55,104.99,24.18,123.81,80.15,71.38,26.6,529.12,156.64,76.24,26.01,100.69,53.51,40.52,102.5,140.98,39.6,96.27,36.47,29.06,80.53,36.52,76.48,47.96,49.03,76.83,100.78
2014-05-16,85.3585,88.86,130.81,14.51,106.03,24.37,123.18,80.39,71.35,26.67,528.3,156.43,77.36,25.82,100.58,53.31,40.89,103.14,141.13,39.83,96.6,36.97,29.12,80.33,36.74,76.65,49.07,49.08,77.01,100.74
2014-05-19,86.3699,87.84,131.35,14.67,105.39,24.35,122.95,81.05,70.3,26.61,538.83,157.67,76.5,26.04,100.64,53.83,40.71,102.09,141.67,39.75,94.7,37.245,29.28,79.93,36.38,77.2,49.15,49.49,76.61,100.87
2014-05-20,86.3871,88.03,129.58,14.53,101.56,24.12,122.5,81.09,70.09,26.3,540.39,156.35,77.96,26.04,100.25,53.72,40.58,101.53,140.23,39.68,96.33,36.63,29.25,80.23,35.5,76.66,48.65,48.96,75.69,100.67
2014-05-21,86.6156,88.38,130.96,14.61,102.88,24.48,124.16,82.19,69.93,26.49,549.7,159.35,78.08,26.2,101.14,54.12,40.87,102.56,140.66,40.35,96.28,37.105,29.57,80.49,35.27,77.72,49.17,49.67,75.66,102.03
2014-05-22,86.7528,88.46,131.84,14.71,103.08,24.38,123.63,82.35,70.55,26.51,555.45,159.85,78.78,26.15,100.96,54.55,40.58,102.45,140.31,40.1,96.64,37.44,29.66,80.65,35.38,78.34,49.45,49.99,75.39,101.5
2014-05-23,87.7328,88.41,132.41,14.72,104.03,24.52,123.37,83.32,70.28,26.51,563.8,160.16,79.18,26.289,100.98,54.53,40.58,102.0,141.14,40.12,96.46,37.925,29.49,80.52,35.32,78.77,49.74,50.16,75.61,101.32
2014-05-27,89.3756,89.0,134.17,15.22,103.68,24.71,122.84,83.74,70.46,26.57,574.87,161.77,79.69,26.71,100.81,55.14,40.77,102.36,141.44,40.19,96.53,38.305,29.61,80.08,35.21,79.11,49.62,50.55,75.59,101.36
2014-05-28,89.1442,89.19,134.33,15.14,102.91,24.82,122.52,83.6,70.76,26.66,570.45,161.19,79.68,26.88,100.3,55.45,40.58,101.3,141.43,40.01,97.36,38.135,29.61,80.1,35.34,78.58,49.74,50.44,75.53,101.06
2014-05-29,90.7685,89.38,135.14,15.15,103.6,24.68,122.32,84.03,70.93,26.74,570.56,160.74,79.9,26.96,100.76,55.72,40.66,101.34,142.39,40.34,96.55,38.19,29.6,80.4,35.39,79.37,49.72,50.27,75.98,101.27
2014-05-30,90.4285,89.63,135.25,15.14,102.23,24.62,122.79,84.01,71.08,26.79,571.65,159.81,80.23,27.32,101.46,55.57,40.91,101.43,142.55,40.94,97.36,38.455,29.63,80.79,35.47,79.63,49.96,50.78,76.77,100.53
2014-06-02,89.8071,88.39,135.9,15.26,103.76,24.78,122.21,84.27,70.85,26.83,564.34,160.03,80.84,27.26,102.17,55.35,40.86,102.03,142.32,40.79,97.18,38.36,29.71,80.36,35.44,79.47,50.05,51.09,76.76,99.94
2014-06-03,91.0771,88.72,135.88,15.21,104.49,24.675,122.55,83.88,70.7,26.79,554.51,161.8,80.67,27.66,102.46,55.6,40.88,101.45,142.89,40.29,97.16,37.775,29.59,79.93,35.2,79.88,49.29,51.09,76.71,100.39
2014-06-04,92.1171,89.01,135.33,15.21,104.31,24.5,122.35,84.24,71.01,26.55,553.76,162.39,80.54,27.6,102.68,55.68,40.79,102.44,142.26,40.32,97.32,38.065,29.64,79.86,35.05,80.51,49.15,51.04,77.13,100.04
2014-06-05,92.4785,89.73,136.82,15.43,106.96,24.7,123.52,84.78,71.73,26.77,564.93,162.58,80.38,27.66,103.22,56.63,40.89,102.45,143.71,41.21,97.77,37.935,29.76,80.11,35.1,79.8,49.28,51.63,77.32,100.55
2014-06-06,92.2242,90.42,138.25,15.59,108.18,24.83,124.19,84.61,71.34,27.18,566.03,166.19,80.64,28.17,103.18,56.97,40.99,101.96,144.64,41.48,97.44,38.115,29.42,80.03,35.02,79.93,49.42,51.98,77.21,101.6
2014-06-09,93.7,89.66,137.96,15.84,108.75,24.8,124.37,85.48,70.86,27.44,570.73,166.0,80.61,27.91,103.22,57.42,40.91,101.38,145.32,41.27,96.38,38.335,29.35,80.09,35.01,79.76,49.57,52.51,77.01,101.52
2014-06-10,94.25,89.32,137.25,15.92,109.31,25.0,125.34,84.75,70.51,27.41,568.3,166.36,80.74,28.24,104.1,57.9,41.07,100.88,144.97,41.11,95.78,38.155,29.5,80.15,34.94,79.81,49.52,52.59,76.62,101.46
2014-06-11,93.86,88.77,134.1,15.59,108.69,25.04,125.18,84.31,69.63,27.15,567.5,165.43,79.81,27.93,103.32,57.27,40.86,100.42,144.41,40.86,94.9,37.57,29.43,80.06,34.81,80.17,49.37,52.24,76.16,101.95
2014-06-12,92.29,88.24,132.19,15.42,106.65,24.66,126.11,82.8,70.58,26.96,559.5,165.96,78.43,27.96,102.53,57.04,40.42,99.76,143.07,40.58,95.62,37.385,29.45,79.76,34.83,79.44,49.04,51.71,75.73,101.66
2014-06-13,91.28,88.44,132.29,15.44,106.77,24.7,127.26,82.8,70.83,27.04,560.35,165.89,78.07,29.87,102.53,57.04,40.37,100.49,143.36,41.23,96.78,37.31,29.53,79.64,35.03,79.18,49.18,51.9,75.28,102.65
2014-06-16,92.2,87.93,132.54,15.28,106.81,24.53,128.54,83.3,71.12,26.82,552.3,165.85,78.9,30.01,102.45,56.87,40.66,101.1,143.32,41.5,97.16,37.275,29.61,79.69,34.98,78.0,49.31,51.09,75.34,102.92
2014-06-17,92.08,88.23,132.45,15.59,106.67,24.5,128.83,83.16,70.71,26.87,550.615,168.22,80.02,29.95,101.93,57.42,40.92,101.27,143.69,41.68,97.75,37.545,29.48,79.58,35.02,78.17,49.21,51.66,74.99,102.42
2014-06-18,92.18,88.07,132.48,15.65,107.48,24.63,130.28,83.58,72.41,26.89,560.66,169.86,80.71,29.93,102.81,57.78,41.56,101.35,144.33,41.65,99.69,38.105,29.71,79.79,35.2,79.21,49.42,52.04,75.7,102.73
2014-06-19,91.86,88.75,132.82,15.55,107.25,24.71,131.99,83.77,73.23,26.93,564.99,169.73,80.44,30.09,103.81,57.3,41.79,101.91,144.49,41.51,100.16,37.82,29.59,80.24,35.36,80.51,49.47,52.02,75.87,102.63
2014-06-20,90.91,89.1,132.1,15.45,109.38,24.83,132.34,82.82,72.32,26.97,566.52,169.84,80.17,30.2,105.27,57.55,41.69,101.92,145.16,41.68,99.99,37.55,29.78,79.93,35.39,81.41,49.39,52.89,75.68,103.83
2014-06-23,90.83,89.09,130.85,15.64,108.78,24.7,132.98,82.76,72.35,26.68,574.29,170.24,80.64,30.23,104.75,58.19,41.73,101.91,144.09,41.99,99.63,37.725,29.45,79.52,35.39,81.49,49.73,52.98,75.79,104.38
2014-06-24,90.28,89.25,129.15,15.49,107.81,24.53,131.77,82.68,72.36,26.58,572.54,168.23,80.43,30.5,104.59,57.42,41.85,101.47,143.09,41.745,100.73,37.49,29.3,79.01,35.29,81.74,49.28,52.49,75.97,102.73
2014-06-25,90.36,89.28,127.06,15.47,108.44,24.72,131.23,83.9,73.04,26.42,585.93,168.38,80.53,30.88,105.76,57.53,41.96,101.61,143.65,42.03,101.75,38.235,29.8,79.32,35.26,82.34,49.41,52.6,75.62,102.14
2014-06-26,90.9,88.63,128.02,15.41,108.52,24.65,130.92,84.45,73.17,26.29,584.77,168.01,80.75,30.78,105.65,57.39,42.03,101.51,143.73,41.72,101.4,38.43,29.59,78.62,35.26,82.29,49.21,52.37,74.91,102.03
2014-06-27,91.98,89.02,128.54,15.33,108.78,24.7,130.36,85.3,73.7,26.43,585.69,166.78,81.13,30.93,104.99,57.53,42.19,101.46,143.69,42.25,101.6,38.84,29.67,79.02,35.41,82.0,49.32,52.9,75.34,101.21
2014-06-30,92.93,89.98,127.23,15.37,108.67,24.85,130.55,85.74,74.19,26.28,584.67,167.44,80.96,30.9,104.62,57.62,42.36,100.74,143.24,41.7,102.48,38.775,29.68,78.59,35.36,81.75,48.93,52.56,75.07,100.68
2014-07-01,93.52,89.71,128.15,15.6,109.17,25.08,130.54,86.47,73.63,26.4,591.49,166.81,81.82,30.98,105.87,57.57,42.29,101.0,144.56,41.87,101.45,39.0,30.08,79.28,35.48,81.89,49.37,52.72,75.28,101.36
2014-07-02,93.48,89.74,127.62,15.85,109.56,25.03,130.23,86.44,72.22,26.61,590.78,166.89,81.98,30.98,105.86,56.97,42.29,100.53,145.23,41.9,99.7,38.895,30.37,79.56,35.67,82.49,49.66,52.66,75.62,101.57
2014-07-03,94.03,90.01,128.51,16.03,111.08,25.19,131.19,86.84,71.39,26.86,593.08,169.46,82.05,31.14,105.42,57.05,42.23,100.98,145.41,41.8,98.22,39.225,30.53,79.98,35.84,83.35,49.71,53.0,75.75,102.59
2014-07-07,95.968,90.73,129.09,15.94,110.16,25.23,130.47,86.59,71.58,26.75,590.76,167.78,81.42,31.03,106.47,56.67,42.14,100.17,144.91,41.99,98.48,39.325,30.49,80.19,36.02,82.22,49.75,52.5,76.07,102.65
2014-07-08,95.35,90.36,126.79,15.58,109.46,25.07,129.9,85.86,72.32,26.37,578.4,164.91,80.76,30.79,105.72,55.76,41.94,100.09,144.56,41.78,98.9,38.835,30.15,80.56,35.56,81.93,48.76,52.25,76.65,102.83
2014-07-09,95.39,90.87,126.79,15.6,110.14,25.44,131.39,87.22,72.11,26.32,583.36,164.67,80.73,30.89,106.04,56.02,41.95,101.07,144.68,41.67,98.83,39.345,30.05,81.67,35.65,82.74,48.9,52.19,77.21,103.55
2014-07-10,95.035,91.41,126.79,15.44,109.36,25.44,130.25,86.86,72.39,26.2,580.04,163.42,79.4,31.26,105.8,55.56,42.26,100.58,143.89,41.685,99.39,38.75,30.0,81.61,35.7,82.08,49.64,51.81,77.06,102.57
2014-07-11,95.22,91.64,128.09,15.38,109.96,25.52,128.47,86.89,72.16,26.55,586.65,164.8,79.61,31.25,105.1,55.8,41.97,100.37,144.31,42.09,98.97,38.645,30.07,81.16,35.76,82.87,50.32,51.49,76.82,101.74
2014-07-14,96.45,91.97,129.52,15.57,110.09,25.44,129.26,86.76,71.54,26.66,594.26,167.0,79.46,31.49,105.38,56.29,42.38,100.47,145.0,42.14,97.42,38.975,30.24,81.32,35.86,84.27,50.53,51.31,76.55,102.68
2014-07-15,95.32,91.63,129.1,15.81,109.85,25.67,129.26,86.15,72.03,26.61,593.06,169.17,79.86,31.71,103.28,58.27,42.1,100.3,145.06,42.45,98.32,39.015,30.41,81.26,36.24,83.9,50.71,51.35,76.84,102.39
2014-07-16,94.78,92.05,127.42,15.51,111.4,25.98,130.89,85.35,72.42,27.02,590.62,170.47,79.66,34.65,102.22,58.71,42.12,99.27,146.17,44.08,98.72,38.46,30.96,80.94,36.45,83.76,50.96,51.17,76.86,103.77
2014-07-17,93.0899,90.84,125.88,15.2,110.17,25.63,130.08,85.03,72.36,26.61,580.82,170.14,80.08,33.7,100.37,57.86,42.02,98.37,143.54,44.53,97.58,38.265,30.73,80.55,36.03,85.11,50.32,50.68,76.61,102.31
2014-07-18,94.43,92.47,127.64,15.49,110.17,25.91,130.39,85.81,73.11,26.46,605.11,171.47,80.08,33.7,101.8,58.23,42.43,98.99,144.83,44.69,98.78,38.76,30.73,80.55,36.17,85.52,50.75,51.28,77.09,102.73
2014-07-21,93.939,91.86,128.3,15.52,110.23,25.85,131.29,85.74,73.36,25.98,598.44,171.72,79.71,34.06,101.27,58.24,42.4,97.55,144.3,44.835,98.68,38.41,30.35,80.28,35.96,85.06,50.7,51.05,76.77,103.08
2014-07-22,94.72,92.88,129.74,15.52,110.06,25.95,132.58,86.21,73.29,26.02,603.57,175.02,80.54,34.7901,102.47,58.67,41.19,96.27,145.12,44.83,98.35,38.52,30.49,80.1,35.94,86.05,50.98,51.35,76.64,103.54
2014-07-23,97.19,92.96,126.71,15.52,108.38,25.68,133.88,86.04,73.4,25.91,605.19,176.82,81.02,34.5,102.19,59.0,40.81,95.35,144.68,44.87,98.49,38.685,30.39,79.99,35.88,85.94,50.91,51.33,76.99,104.25
2014-07-24,97.03,92.37,124.4,15.62,105.04,25.83,134.85,86.8,74.03,25.94,603.01,176.26,81.2,34.25,102.2,59.17,40.97,95.35,145.13,44.4,98.72,39.3,30.34,80.26,35.5,85.68,51.05,51.59,76.35,104.28
2014-07-25,97.671,92.22,123.2,15.59,104.85,25.97,133.57,86.23,73.21,25.79,598.08,179.6,81.03,34.25,102.11,59.01,41.0,95.72,145.12,44.5,98.45,38.86,30.19,79.56,35.54,84.68,51.28,51.6,75.97,103.18
2014-07-28,99.02,92.4,123.06,15.5,104.15,25.92,133.24,87.15,74.39,25.59,599.02,175.95,81.07,34.23,102.11,59.19,40.68,95.78,145.53,43.97,99.58,39.2,30.1,79.26,36.36,85.75,51.58,51.6,75.71,103.25
2014-07-29,98.38,92.35,122.32,15.34,104.69,25.71,132.42,86.2,73.98,25.45,593.95,175.54,80.98,34.19,101.96,58.64,40.35,95.82,144.02,43.885,98.4,39.05,29.73,78.65,36.59,84.27,51.97,51.54,75.44,103.55
2014-07-30,98.15,96.25,122.29,15.58,103.38,25.63,132.53,87.21,73.05,25.64,595.44,175.76,81.76,34.35,102.3,58.91,39.62,95.95,143.74,43.5785,96.34,39.805,29.26,78.16,36.36,82.95,51.76,52.1,74.78,103.25
2014-07-31,95.6,94.39,120.48,15.25,100.75,25.23,129.24,85.88,72.13,25.15,579.55,172.87,80.85,33.89,100.09,57.67,39.29,94.56,140.89,43.16,93.89,38.565,28.7,77.32,35.59,81.05,50.42,50.9,73.58,98.94
2014-08-01,96.13,95.56,120.38,14.98,100.52,25.0,127.9,85.38,72.2,25.35,573.6,170.25,79.75,33.745,99.9,56.48,39.4,94.3,140.75,42.86,94.05,39.41,28.86,79.65,35.33,82.27,49.83,50.35,73.54,98.8
2014-08-04,95.59,95.56,119.93,15.05,101.81,25.165,128.17,87.24,72.2,25.27,582.27,171.69,80.03,34.05,100.16,56.65,39.4,94.31,140.75,43.37,94.05,38.58,28.75,79.22,35.46,82.27,50.21,50.99,73.54,100.13
2014-08-05,95.12,94.79,121.27,15.0,101.5,24.97,124.96,86.75,70.98,25.02,573.14,169.42,80.03,32.82,99.82,56.06,39.18,93.43,139.78,43.08,92.59,38.46,28.41,79.41,35.11,80.99,49.66,50.4,73.34,98.2
2014-08-06,94.96,95.65,118.34,15.2,101.49,24.93,125.73,86.59,69.84,25.44,574.49,169.74,80.52,32.845,100.71,56.23,39.92,93.47,139.55,42.74,92.35,38.57,28.28,81.09,34.62,81.5,49.13,50.06,74.2,98.98
2014-08-07,94.48,97.24,119.84,15.12,101.94,24.86,125.65,85.51,70.6,25.5,571.81,169.1,80.47,32.68,99.93,55.91,39.35,93.31,139.13,43.23,93.97,38.175,28.04,80.14,34.21,79.26,48.65,49.7,73.95,98.27
2014-08-08,94.74,98.11,120.63,15.2,103.28,25.03,127.86,86.85,71.75,25.66,577.94,172.26,82.43,32.6,101.08,56.34,39.45,93.55,140.85,43.2,95.45,38.53,28.34,80.95,34.47,80.12,48.7,50.0,74.67,99.74
2014-08-11,95.99,98.03,120.8,15.22,104.5,25.23,127.71,87.5,71.58,25.79,577.25,172.46,82.88,33.02,101.16,56.32,39.57,93.53,140.58,43.2,94.89,38.53,28.25,81.48,34.47,79.87,48.67,49.89,74.36,98.73
2014-08-12,95.97,96.71,120.47,15.21,105.66,25.15,127.09,87.21,70.93,25.61,572.12,172.33,82.92,33.13,100.63,56.35,39.68,93.56,140.88,43.52,94.9,38.365,28.08,81.42,34.64,80.22,48.84,49.78,74.22,98.49
2014-08-13,97.24,97.21,121.98,15.25,105.16,25.2,127.6,87.6,70.93,25.83,584.56,172.37,83.12,34.1,101.74,56.72,39.94,93.96,141.8,44.08,95.75,38.625,28.21,81.48,34.69,81.51,48.92,49.99,74.03,99.09
2014-08-14,97.5,97.55,124.11,15.32,105.66,24.54,126.96,88.61,72.08,25.88,584.65,172.73,83.86,33.94,102.02,56.98,40.18,93.66,142.34,44.27,96.19,38.65,28.73,81.95,34.91,81.82,49.0,50.38,74.39,99.09
2014-08-15,97.98,98.21,123.16,15.22,105.74,24.43,126.1,89.28,72.09,25.64,583.71,171.9,83.69,34.17,101.17,56.75,40.88,93.79,141.92,44.79,96.38,38.565,28.64,81.78,34.74,81.47,48.8,50.21,73.9,99.03
2014-08-18,99.16,99.78,124.98,15.45,106.98,24.63,126.3,89.97,72.09,26.07,592.7,174.55,83.59,34.41,102.7,57.23,41.35,94.25,144.12,45.11,96.14,39.275,28.84,82.44,34.65,82.34,48.78,50.69,74.49,99.52
2014-08-19,100.53,99.06,125.58,15.45,107.3,24.64,127.63,90.09,72.88,26.05,597.11,173.96,88.23,34.34,102.96,57.56,41.26,94.45,144.25,45.33,97.32,39.255,28.94,82.69,34.48,83.47,48.7,50.86,74.88,99.49
2014-08-20,100.57,98.66,127.35,15.52,107.7,24.71,127.49,89.84,72.76,26.36,595.41,174.03,90.75,34.5,103.21,57.64,41.25,94.19,144.6,44.95,97.74,39.455,28.89,82.81,34.53,83.43,48.82,50.85,74.96,99.7
2014-08-21,100.58,98.93,127.5,16.16,107.97,24.89,127.93,90.38,73.04,26.43,592.42,175.15,91.15,35.15,104.19,58.5,41.41,94.53,144.5,45.22,98.01,39.47,28.82,83.28,34.64,83.77,48.87,51.29,75.55,99.28
2014-08-22,101.32,98.13,127.46,16.13,107.31,24.65,127.11,90.49,72.87,26.15,592.54,175.47,91.03,34.94,103.1,58.49,41.12,94.45,144.13,45.15,97.64,39.645,28.92,83.39,34.5,83.78,48.64,51.18,75.73,98.5
2014-08-25,101.54,98.9,128.33,16.29,107.97,24.7,127.84,90.38,72.98,26.2,590.57,177.87,91.2,34.81,103.23,59.34,41.41,94.44,144.7,45.17,98.17,40.005,28.91,83.54,34.51,84.24,49.15,51.45,75.69,98.75
2014-08-26,100.889,98.6,128.6,16.33,108.06,24.81,128.25,90.02,72.32,26.01,588.12,177.9,91.63,34.8,103.44,59.74,41.6,94.11,144.6,45.005,96.72,39.74,29.4,83.38,34.5,85.12,49.25,51.56,75.52,99.64
2014-08-27,102.13,98.8,128.2,16.2,108.55,24.8,128.64,90.37,72.93,26.13,583.0,177.81,91.87,34.79,103.22,59.59,41.6,94.65,143.94,44.87,96.89,39.86,29.49,83.31,34.75,86.38,49.43,51.34,75.85,99.53
2014-08-28,102.25,98.78,127.11,16.01,108.65,24.85,128.75,90.94,73.31,26.01,580.32,177.65,92.51,34.65,102.95,59.16,41.63,94.14,143.98,44.88,97.53,39.41,29.38,83.03,34.74,86.34,49.41,51.15,75.9,99.57
2014-08-29,102.5,98.6,126.8,16.09,109.07,24.99,129.45,89.88,73.99,25.98,582.36,179.11,93.5,34.92,103.73,59.45,41.72,93.72,144.0,45.43,98.45,39.275,29.39,83.11,34.96,86.68,49.82,51.44,75.5,99.46
2014-09-02,103.3,98.78,125.48,16.27,108.92,24.88,127.54,90.8,73.45,25.85,588.63,179.77,91.15,34.57,103.36,59.67,41.64,92.8,144.22,45.09,97.23,39.64,29.26,82.98,34.84,86.39,49.77,51.57,75.75,98.49
2014-09-03,98.94,98.11,125.94,16.1,108.46,25.04,127.86,90.94,73.86,25.95,589.52,179.6,89.0,34.57,103.76,59.7,41.78,93.14,143.82,44.96,97.6,39.41,29.4,82.9,34.97,86.79,49.88,51.55,76.01,99.11
2014-09-04,98.12,98.6,125.46,16.11,108.82,24.91,126.8,90.14,74.02,25.96,593.14,180.08,89.93,34.905,103.84,59.71,41.87,93.01,143.61,45.26,97.23,39.96,29.37,83.7,34.94,87.06,49.72,51.57,76.56,98.36
2014-09-05,98.97,99.63,124.69,16.02,108.54,25.0,127.4,90.94,74.9,26.1,597.78,179.75,91.61,35.0,104.42,59.91,41.84,93.07,144.2,45.91,97.92,41.02,29.65,83.77,35.15,87.75,49.94,51.65,77.51,99.26
2014-09-08,98.36,99.36,127.98,16.35,107.91,24.95,126.21,90.56,74.89,26.08,601.63,180.11,90.82,35.33,104.05,59.89,41.78,92.5,144.89,46.47,97.24,41.2,29.4,83.32,35.01,87.91,49.53,51.47,76.53,97.77
2014-09-09,97.99,98.56,128.21,16.14,107.4,24.86,125.18,89.6,73.79,25.9,591.97,177.4,88.93,34.91,103.8,59.06,41.94,91.09,144.46,46.76,95.7,40.92,29.23,82.99,34.66,88.56,48.9,51.07,76.74,97.39
2014-09-10,101.0,97.47,128.22,16.36,105.93,24.93,124.28,89.52,73.39,25.95,593.42,179.87,89.25,35.02,104.99,59.22,42.17,93.0,144.64,46.84,95.62,41.235,29.44,83.64,34.7,87.25,48.75,51.52,76.51,96.81
2014-09-11,101.43,97.83,127.64,16.57,105.59,25.18,123.83,89.97,74.46,26.02,591.11,181.0,89.22,35.02,104.55,59.76,41.95,92.96,144.35,47.0,96.15,40.91,29.63,83.49,34.85,87.08,49.01,51.59,76.1,97.03
2014-09-12,101.66,96.01,126.95,16.79,105.02,25.16,122.66,89.67,73.06,25.87,584.9,183.17,88.84,34.62,104.58,60.03,41.46,93.34,143.94,46.695,94.1,40.92,29.43,83.26,34.5,86.18,48.4,51.7,75.77,95.78
2014-09-15,101.63,95.14,126.31,16.74,104.86,25.06,124.24,90.08,73.44,25.92,581.64,183.98,89.38,34.54,104.72,59.94,41.5,93.47,144.48,46.24,94.18,40.805,29.92,83.87,34.69,86.03,48.56,51.94,75.81,96.29
2014-09-16,100.86,95.47,127.32,16.71,104.86,25.22,124.96,90.27,74.35,26.21,588.78,184.04,90.27,34.93,105.88,59.99,41.64,93.75,144.85,46.76,95.13,40.6,30.05,84.08,34.95,87.16,48.96,52.31,76.32,97.43
2014-09-17,101.58,95.63,127.76,16.77,103.99,25.205,124.72,90.33,74.3,26.27,593.29,184.82,91.22,34.98,106.19,60.31,41.61,93.53,145.37,46.52,95.29,40.755,30.35,84.16,35.02,86.99,49.21,52.51,76.24,97.08
2014-09-18,101.79,95.88,128.58,17.04,104.34,25.22,124.14,90.34,73.48,26.21,597.27,187.89,92.09,35.17,107.35,61.32,41.79,93.48,146.84,46.68,94.58,40.985,30.58,84.19,35.16,87.63,49.69,53.24,76.22,96.61
2014-09-19,100.96,95.16,129.35,16.95,102.51,25.2,124.8,90.49,74.38,26.29,605.4,186.2,92.34,34.82,107.99,61.11,42.05,94.36,146.69,47.52,95.14,40.905,30.4,84.47,35.47,87.8,50.35,53.36,76.84,97.12
2014-09-22,101.06,94.31,128.61,17.03,100.9,24.97,123.49,89.29,73.87,26.08,597.27,185.29,91.89,34.71,107.88,60.91,42.22,93.93,145.71,47.06,94.62,40.355,30.18,84.81,35.5,87.77,50.18,52.9,76.31,96.54
2014-09-23,102.64,93.93,127.38,17.05,99.99,24.7,123.06,88.31,73.67,26.02,591.18,185.09,91.49,34.42,107.46,60.94,41.89,93.51,144.37,46.56,94.55,40.06,30.05,84.44,35.26,86.59,49.91,52.1,75.6,96.03
2014-09-24,101.75,94.19,128.58,17.18,101.2,24.98,122.4,89.45,73.71,25.93,598.42,187.81,93.02,34.75,108.64,61.63,42.27,95.0,144.88,47.08,94.18,40.42,30.31,85.24,35.4,88.21,50.07,52.13,77.08,95.82
2014-09-25,97.87,93.12,127.14,16.85,99.51,24.54,120.68,88.07,73.96,25.55,585.25,184.09,91.9,34.14,107.1,60.15,41.78,94.16,142.48,46.04,93.14,39.875,29.98,84.33,35.08,86.18,49.61,51.41,76.12,94.25
2014-09-26,100.75,93.45,128.69,17.03,100.38,25.0,121.47,88.74,74.08,25.63,587.9,185.12,92.84,34.26,107.1,60.56,42.2,94.7,142.42,46.41,93.44,44.75,29.72,84.58,35.28,86.6,49.77,51.87,76.49,95.43
2014-09-29,100.11,93.55,128.77,17.01,99.83,25.12,120.55,88.83,74.19,25.42,587.81,183.83,92.88,34.9,106.54,60.33,42.25,96.22,142.19,46.44,93.6,44.56,29.77,84.44,35.23,86.51,49.75,51.69,76.08,94.43
2014-09-30,100.75,93.63,127.38,17.05,99.03,25.17,119.32,89.03,74.77,25.62,588.41,183.57,91.74,34.82,106.59,60.24,42.66,94.81,141.68,46.36,93.88,44.6,29.57,83.74,35.24,86.25,49.99,51.87,76.47,94.05
2014-10-01,99.18,93.45,124.67,16.82,97.61,25.03,117.65,87.49,75.3,25.16,579.63,180.7,91.02,33.99,104.3,59.77,42.74,94.19,139.18,45.9,94.29,43.85,29.15,83.14,34.96,84.88,49.43,51.26,76.12,92.86
2014-10-02,99.9,93.49,124.17,16.88,97.41,25.06,117.11,86.79,74.99,25.12,580.88,182.88,92.24,33.52,103.85,58.84,42.66,94.12,138.67,45.76,93.77,44.65,29.06,83.05,34.97,84.9,49.29,51.4,76.23,93.3
2014-10-03,99.62,93.88,126.36,17.29,97.39,25.31,117.71,88.45,75.17,25.4,586.25,188.07,93.54,34.03,105.13,60.3,43.0,94.86,140.17,46.09,94.23,45.145,29.22,83.79,35.36,86.02,49.71,52.1,77.32,93.92
2014-10-06,99.62,93.88,126.26,17.29,98.0,25.01,118.09,88.56,75.07,25.22,587.78,187.48,93.26,34.11,104.86,60.18,43.6,93.84,140.34,46.09,93.66,44.61,29.17,83.57,35.49,85.09,50.08,52.03,77.35,94.52
2014-10-07,98.75,93.36,123.32,16.88,94.7,24.635,116.02,87.11,75.21,24.81,574.1,183.8,92.47,33.47,102.39,59.27,43.92,92.81,137.68,45.53,93.02,44.035,28.79,83.16,35.33,84.19,49.68,51.08,77.3,93.37
2014-10-08,100.8,95.33,124.98,17.12,96.65,24.66,117.95,88.11,77.05,25.25,583.74,186.64,94.09,34.27,104.91,60.4,44.55,93.83,141.41,46.78,95.32,44.415,29.38,84.18,35.15,86.62,49.87,52.15,78.24,94.61
2014-10-09,101.02,94.75,122.76,16.59,93.5,24.19,114.51,85.71,76.39,24.78,570.81,181.27,93.07,33.62,102.08,59.08,43.87,92.72,138.64,45.85,93.59,43.615,28.99,83.66,34.66,84.94,48.93,51.12,77.86,91.82
2014-10-10,100.73,94.71,121.5,16.48,93.13,23.34,113.89,86.27,76.83,24.27,555.19,180.38,92.55,31.91,101.23,58.52,44.47,92.3,133.83,44.03,93.63,43.595,29.13,84.69,34.25,85.39,48.94,50.64,78.29,91.6
2014-10-13,99.81,93.04,120.45,16.4,91.68,22.93,112.03,83.91,77.41,23.95,544.75,178.77,90.6,31.47,99.12,58.16,44.07,90.73,132.9,43.65,92.79,42.695,28.47,83.37,33.82,83.95,48.37,50.2,77.56,90.84
2014-10-14,98.75,93.35,122.29,16.52,92.8,23.055,109.78,84.14,78.87,24.1,548.69,178.7,90.1,32.14,97.01,57.99,43.64,91.1,134.18,43.73,93.34,42.545,28.46,83.55,33.84,82.82,48.22,48.83,77.98,90.55
2014-10-15,97.54,91.98,120.19,15.76,92.59,22.96,109.27,82.08,78.9,24.28,540.73,177.24,87.85,31.275,98.21,55.53,43.23,90.44,134.22,43.22,91.82,42.59,28.19,82.95,33.87,82.16,47.92,47.85,75.2,90.22
2014-10-16,96.26,92.46,120.29,16.08,93.24,22.82,111.06,81.74,78.17,24.25,536.92,172.58,88.88,30.85,96.78,55.08,42.56,89.91,135.05,42.74,93.37,43.52,27.7,82.24,33.64,85.39,47.67,48.13,73.82,90.6
2014-10-17,97.67,93.17,123.24,16.21,95.05,23.25,111.8,83.83,78.43,24.82,522.97,176.91,90.24,31.38,98.7,56.2,42.88,91.04,137.4,43.63,94.25,43.59,27.83,83.27,34.08,88.18,48.07,48.69,74.1,91.21
2014-10-20,99.76,94.09,124.31,16.26,94.03,22.93,111.49,85.52,79.5,25.03,532.38,177.84,91.85,31.58,99.2,56.63,43.29,91.59,137.6,44.08,95.13,44.45,27.93,84.18,34.28,88.54,48.48,49.18,75.14,91.77
2014-10-21,102.47,95.6,127.12,16.6,95.89,23.51,115.09,87.54,79.08,25.45,538.03,180.18,94.2,32.61,100.36,57.93,40.68,91.01,140.93,44.88,95.52,45.32,28.28,84.61,34.62,90.95,48.69,50.45,76.02,93.65
2014-10-22,102.99,94.94,121.45,16.4,94.57,23.26,114.0,87.1,80.16,25.19,542.69,176.83,93.34,32.27,101.22,57.45,40.62,90.94,138.95,44.38,96.53,44.93,28.3,84.23,34.5,89.77,48.31,50.17,76.03,93.13
2014-10-23,104.83,95.87,122.03,16.6,99.27,23.565,116.19,87.99,80.07,25.44,553.65,180.06,94.8,32.69,102.63,58.06,40.86,91.02,145.05,45.02,97.8,45.185,28.6,83.23,33.66,90.66,48.22,50.6,76.25,94.11
2014-10-24,105.22,96.17,122.24,16.72,99.44,23.78,115.91,88.61,80.3,25.64,548.9,183.35,94.99,33.18,103.13,58.74,41.03,91.67,148.59,46.13,98.36,45.45,29.11,85.16,33.87,91.64,48.77,51.2,76.38,94.49
2014-10-27,105.11,96.15,122.12,16.59,98.54,23.76,115.02,88.45,80.61,25.52,549.88,183.91,95.47,33.2,104.07,58.64,40.76,92.01,149.56,45.91,98.09,45.82,29.03,85.95,34.11,92.13,49.42,51.31,76.59,93.71
2014-10-28,106.74,96.4,123.61,16.8,101.16,24.065,117.13,89.93,80.72,25.88,558.94,186.32,96.59,33.74,104.79,59.63,40.56,92.6,151.06,46.49,99.13,46.225,29.09,86.47,34.33,92.64,49.96,51.78,76.35,95.1
2014-10-29,107.34,95.05,123.08,16.99,100.19,24.1,117.14,89.53,80.27,25.66,558.45,186.08,96.42,33.92,105.56,59.29,42.31,92.73,151.01,46.62,98.6,45.975,30.04,86.54,34.4,95.8,49.83,52.17,76.39,94.59
2014-10-30,106.98,99.74,123.82,17.03,102.99,24.08,117.2,90.22,79.85,25.67,560.27,190.18,97.52,32.58,107.04,59.39,41.4,93.38,152.1,46.05,99.91,46.5,29.84,86.94,34.51,93.88,49.9,53.54,76.45,94.45
2014-10-31,108.0,97.5,124.91,17.16,101.41,24.47,119.95,91.38,82.15,25.81,567.87,189.99,97.52,34.01,107.78,60.48,41.88,93.73,153.77,46.95,100.22,46.485,29.95,87.27,34.84,95.01,50.25,53.09,76.27,96.71
2014-11-03,109.4,96.86,126.03,17.27,100.22,24.58,116.78,91.71,82.38,25.7,563.77,190.83,96.09,34.31,107.46,60.88,41.81,93.61,153.3,47.44,100.81,46.725,30.19,87.38,34.84,94.86,50.39,53.37,76.28,95.26
2014-11-04,108.6,96.88,125.84,17.21,98.61,24.88,115.37,90.35,82.23,25.7,564.19,190.27,95.96,34.54,108.62,60.25,41.82,94.47,155.05,47.57,100.96,46.975,30.28,88.64,34.79,94.98,50.33,53.27,77.26,94.52
2014-11-05,108.86,97.65,124.22,17.34,99.41,25.15,117.05,91.0,83.5,25.82,555.95,189.84,95.78,33.76,108.82,61.15,42.31,94.64,155.69,47.86,104.88,47.34,30.04,89.0,34.92,95.8,50.34,53.53,77.7,95.07
2014-11-06,108.7,99.55,124.58,17.36,100.91,25.26,118.53,92.0,81.17,26.36,551.69,191.0,97.29,33.82,109.01,61.23,42.29,94.66,156.05,48.7,103.95,47.3,30.04,88.9,34.72,96.21,50.28,54.06,77.81,96.26
2014-11-07,109.01,99.47,124.45,17.36,101.76,25.33,118.8,90.0,82.08,26.41,551.82,190.71,97.65,33.58,108.2,61.47,42.32,95.1,156.55,48.68,104.73,46.89,29.92,89.13,34.91,93.61,50.86,53.84,78.77,96.59
2014-11-10,108.83,99.3,124.64,17.37,102.21,25.15,117.92,89.78,82.81,26.47,558.23,191.8,98.16,33.26,108.82,61.93,42.39,95.11,157.66,48.89,105.61,47.48,30.2,89.45,35.12,94.75,50.72,53.83,79.44,96.28
2014-11-11,109.7,99.5,125.36,17.32,102.53,25.15,118.44,89.98,82.66,26.38,561.29,191.88,98.14,33.31,108.91,61.37,42.51,95.14,157.11,48.87,104.8,47.44,30.32,89.67,35.1,95.69,50.61,53.58,79.01,96.41
2014-11-12,111.25,99.74,125.87,17.29,102.99,25.11,117.65,89.9,79.85,26.52,558.25,190.18,98.49,33.38,108.75,60.56,42.71,95.33,157.68,48.78,103.09,47.905,30.42,89.48,35.4,95.68,50.82,53.54,79.2,95.38
2014-11-13,112.82,99.95,128.53,17.22,101.11,25.68,116.45,90.49,78.99,26.42,556.44,190.24,99.0,33.68,109.07,60.23,42.79,95.48,158.35,49.61,102.27,48.06,30.42,88.6,35.61,95.9,51.2,53.39,82.94,94.66
2014-11-14,114.18,99.53,128.86,17.14,101.34,26.32,116.32,90.8,79.11,26.46,555.19,189.98,98.24,33.95,108.16,60.28,42.73,96.21,158.85,49.58,101.85,47.75,30.34,88.11,35.9,95.11,51.5,53.35,82.96,95.09
2014-11-17,113.99,99.54,128.42,17.09,101.7,26.465,115.75,90.41,80.3,26.61,546.64,189.93,98.03,34.24,108.3,60.38,42.92,95.97,158.69,49.46,103.21,48.03,30.32,87.84,35.85,96.47,51.4,53.44,83.57,95.11
2014-11-18,115.47,100.65,130.66,17.14,102.04,26.595,115.47,90.28,80.31,27.01,544.51,189.64,95.98,34.71,108.83,60.53,43.53,96.41,160.15,48.74,103.34,48.235,30.59,87.95,35.72,98.19,51.22,53.27,83.79,94.87
2014-11-19,114.67,100.81,131.61,17.06,101.3,26.59,116.47,89.82,80.38,26.92,547.2,189.19,96.7,34.35,108.76,60.6,44.22,96.56,158.83,48.22,103.71,48.475,30.44,88.73,35.37,96.86,50.49,53.36,84.99,95.61
2014-11-20,116.31,100.71,131.7,17.0,102.09,26.81,117.31,88.9,80.17,26.85,543.76,189.75,97.57,35.95,108.18,60.12,44.25,96.64,159.36,48.7,103.06,48.65,30.44,88.47,35.28,96.85,50.19,53.48,84.58,95.82
2014-11-21,116.47,102.1,132.78,17.12,106.45,26.88,118.58,88.96,79.77,26.99,545.89,189.59,98.28,35.59,107.86,60.45,44.5,96.68,160.16,47.98,103.74,48.71,30.45,88.6,35.28,96.71,50.21,53.81,84.65,96.81
2014-11-24,118.625,102.47,134.61,17.18,105.96,27.03,117.59,90.58,79.03,27.0,547.48,190.07,98.4,36.25,106.88,60.96,44.27,97.17,159.88,47.59,103.22,48.975,30.22,88.11,34.7,96.9,49.5,54.1,85.4,95.72
2014-11-25,117.6,104.17,134.81,17.1,106.24,27.28,116.15,91.65,79.15,26.86,549.23,188.86,97.01,36.32,106.7,60.3,44.43,97.0,158.06,47.47,102.85,48.645,30.47,88.8,34.82,97.9,49.34,53.88,84.95,94.78
2014-11-26,119.0,104.7,134.78,17.11,105.79,27.425,115.11,91.92,79.69,26.87,547.73,188.52,97.7,36.9,107.21,60.34,44.29,96.22,158.31,47.75,103.2,48.9,31.1,88.88,35.13,98.11,50.04,54.28,84.98,94.48
2014-11-28,118.93,105.01,134.36,17.04,100.6,27.64,108.87,92.51,80.9,26.49,549.08,188.41,99.4,37.25,108.25,60.0,44.83,96.81,160.09,47.81,104.39,49.645,31.15,90.43,35.38,98.63,50.59,54.48,87.54,90.54
2014-12-01,115.07,103.49,132.39,16.79,99.0,27.59,111.73,92.7,82.0,26.02,539.65,188.2,98.88,37.17,108.03,60.0,44.55,95.78,158.16,48.62,104.81,48.845,31.26,90.08,35.06,99.06,50.03,53.82,86.22,92.35
2014-12-02,114.63,101.97,132.28,17.15,99.51,27.82,114.02,93.47,82.34,26.05,538.59,190.19,98.16,37.6,108.51,61.08,44.54,95.11,160.6,48.46,105.11,49.02,31.57,91.07,34.29,99.83,49.11,54.22,86.4,94.19
2014-12-03,115.93,101.68,131.97,17.29,100.18,27.95,113.71,93.11,81.97,26.38,536.97,190.95,98.59,37.43,107.72,61.54,43.8,95.5,162.26,48.08,104.39,49.25,31.75,90.0,34.0,100.8,48.79,54.39,84.94,94.95
2014-12-04,115.49,101.61,131.32,17.21,99.67,27.77,112.28,93.23,82.35,26.09,542.58,191.95,98.95,37.46,107.56,61.38,43.5,95.66,162.26,48.84,103.49,49.525,31.67,90.58,33.91,99.67,48.78,54.5,84.76,94.37
2014-12-05,115.0,100.54,132.21,17.68,98.78,27.5,110.87,93.76,80.73,26.01,528.08,195.45,99.64,37.67,108.51,62.7,43.53,96.31,162.27,48.42,102.93,49.665,31.99,90.38,33.94,100.33,48.61,55.03,84.12,93.82
2014-12-08,112.4,100.77,130.28,17.66,95.25,27.23,106.8,93.8,81.63,25.69,530.73,196.62,100.43,37.2,108.52,62.67,43.14,92.61,160.93,47.695,103.67,48.86,31.97,90.76,33.88,99.92,48.9,54.77,84.23,91.7
2014-12-09,114.12,100.78,129.66,17.56,95.45,27.42,107.01,92.94,82.18,25.58,536.11,196.89,99.64,36.89,108.05,62.45,42.04,91.36,160.83,47.59,104.59,48.515,31.95,90.71,32.89,101.02,46.92,54.83,83.56,91.38
2014-12-10,111.95,100.17,124.64,17.38,93.02,26.87,104.86,91.63,82.25,25.27,528.04,192.0,98.94,36.42,106.24,60.68,41.6,90.0,158.24,46.9,101.44,48.83,31.86,90.0,32.49,99.09,46.18,54.26,82.98,88.67
2014-12-11,111.62,99.95,123.37,17.47,92.69,26.99,104.91,91.75,82.89,25.41,532.11,193.54,100.27,36.7,106.72,61.14,41.53,90.97,159.15,47.17,102.48,48.465,31.65,90.41,32.71,99.73,46.36,54.43,83.83,89.2
2014-12-12,109.73,98.58,120.77,17.13,90.5,26.855,102.38,91.49,82.69,24.89,521.51,188.82,99.78,36.225,104.43,60.04,40.91,90.62,157.12,46.95,100.81,48.085,30.95,89.55,32.16,98.76,45.58,53.7,83.81,86.6
2014-12-15,108.225,97.45,122.08,16.85,89.75,26.68,100.86,90.9,81.14,24.59,515.84,185.54,100.05,35.92,103.96,59.16,40.57,88.46,156.85,46.67,100.66,47.715,30.86,89.2,32.25,98.27,45.42,53.19,83.94,86.9
2014-12-16,106.745,95.78,124.25,16.72,89.34,26.585,101.7,90.17,80.62,24.49,498.16,183.31,97.06,35.56,102.76,58.43,40.39,88.72,159.05,45.16,101.08,46.605,30.67,89.36,32.14,95.85,45.53,52.77,82.96,86.41
2014-12-17,109.41,97.14,125.06,17.26,89.75,26.81,106.02,91.38,81.37,24.66,506.45,185.03,98.94,36.24,104.07,59.77,41.55,91.65,160.6,45.74,103.12,47.25,31.12,90.7,32.67,99.14,46.44,53.79,84.23,89.02
2014-12-18,112.65,98.58,125.67,17.53,91.69,27.65,109.03,92.61,83.01,25.14,514.62,191.61,100.67,37.02,106.81,61.48,42.39,93.67,165.3,47.52,105.45,48.54,31.97,92.0,33.51,102.24,47.05,55.21,85.94,91.16
2014-12-19,111.78,99.53,126.23,17.62,91.71,27.77,112.93,92.89,82.85,25.62,520.04,193.28,101.93,36.37,105.55,61.93,41.95,93.22,165.48,47.66,105.87,47.42,31.94,92.05,33.54,102.49,47.02,54.45,85.16,93.64
2014-12-22,112.94,100.68,128.22,17.71,92.32,28.22,112.03,94.2,83.61,25.71,532.3,194.44,103.5,37.21,106.74,61.94,42.35,93.89,167.27,47.98,105.94,47.965,32.09,92.6,33.85,103.04,47.51,54.97,86.38,93.33
2014-12-23,112.54,100.65,130.03,17.93,93.5,28.25,113.95,94.69,83.68,25.88,538.77,195.5,103.76,37.43,104.28,62.48,42.97,94.22,166.87,48.45,106.32,47.985,31.45,93.29,34.03,102.85,47.67,55.47,86.66,94.59
2014-12-24,112.01,100.75,131.24,17.98,93.72,28.3,113.47,94.42,84.97,25.83,536.93,195.89,103.56,37.44,104.59,62.48,42.94,93.83,166.96,48.14,107.98,48.145,31.42,93.14,33.96,102.68,47.67,55.34,86.43,93.78
2014-12-26,113.99,100.64,131.63,17.98,94.23,28.35,113.25,95.03,85.81,25.78,541.52,195.45,103.75,37.55,105.06,62.55,42.96,94.78,166.26,47.88,109.29,48.415,31.65,93.46,34.17,102.55,47.86,55.28,86.91,93.21
2014-12-29,113.91,100.63,132.29,18.11,93.71,28.46,113.32,95.5,86.83,25.7,537.31,196.19,104.53,37.18,105.33,62.96,42.86,95.04,166.71,47.45,110.5,48.65,31.39,92.64,34.11,102.33,47.55,55.71,86.64,93.07
2014-12-30,112.52,100.34,131.83,18.13,92.59,28.36,113.11,94.7,84.7,25.57,535.28,195.71,104.27,36.76,105.36,63.15,42.76,94.25,165.84,47.02,107.83,48.44,31.38,92.4,34.08,102.85,47.33,55.42,86.79,93.02
2014-12-31,110.38,98.85,129.98,17.89,91.53,27.815,112.18,94.19,83.54,25.27,530.66,193.83,104.97,36.29,104.57,62.58,42.22,93.7,164.32,46.45,106.29,48.075,31.15,91.09,33.59,101.09,46.78,54.82,85.88,92.45
2015-01-02,109.33,99.67,129.95,17.9,91.88,27.61,112.58,93.75,84.05,25.06,529.55,194.41,103.43,36.36,104.52,62.49,42.14,93.26,164.06,46.76,106.69,47.515,31.33,90.44,33.87,100.78,46.96,54.7,85.9,92.83
2015-01-05,106.25,98.23,129.05,17.38,87.03,27.06,108.08,92.38,82.84,24.6,519.46,188.34,101.26,35.95,103.79,60.55,42.14,92.23,160.36,46.325,105.56,46.75,31.16,90.01,33.55,99.12,46.57,53.2,85.65,90.29
2015-01-06,106.26,97.97,127.53,16.86,86.47,27.05,108.03,91.89,84.2,24.07,506.64,184.53,100.95,35.28,103.28,58.98,42.46,92.4,158.65,45.65,105.97,46.475,31.42,89.6,33.6,98.92,47.04,52.09,86.31,89.81
2015-01-07,107.75,99.0,129.51,16.94,87.81,27.3,107.94,92.83,84.47,24.08,505.15,187.28,104.41,36.02,105.56,59.07,42.99,94.01,159.8,46.23,106.94,47.435,31.85,90.07,33.17,99.93,46.19,52.4,88.6,90.72
2015-01-08,111.89,99.92,131.8,17.29,88.71,27.51,110.41,93.79,84.81,24.37,506.91,190.27,106.72,36.69,106.39,60.39,43.51,94.36,163.63,47.59,107.59,48.53,32.5,91.1,33.5,104.7,47.18,53.56,90.47,92.23
2015-01-09,112.01,99.41,131.54,16.98,87.65,27.79,108.21,94.25,84.93,24.03,500.72,187.35,104.89,36.76,104.94,59.34,43.03,93.21,161.62,47.19,106.64,47.995,32.65,90.25,33.4,103.72,46.76,52.68,89.35,92.1
2015-01-12,109.25,98.98,130.87,16.68,86.89,28.05,105.88,94.46,85.01,23.98,497.06,185.07,104.42,36.6,104.58,58.83,42.64,93.01,160.74,46.6,106.37,47.93,32.77,89.92,33.49,102.55,47.08,52.05,90.02,90.33
2015-01-13,110.22,97.88,131.17,16.45,86.37,28.095,104.2,95.19,85.47,23.86,501.8,184.93,103.73,36.5,104.76,58.84,42.63,92.83,160.62,46.355,106.79,47.505,32.44,90.3,33.49,103.07,47.18,51.85,89.31,90.0
2015-01-14,109.8,97.26,130.38,16.04,86.07,27.92,103.9,94.23,85.69,23.78,505.93,180.23,102.64,36.35,104.0,56.81,42.56,91.54,159.84,45.955,107.45,46.855,32.48,89.99,33.33,103.33,46.97,51.25,86.61,89.74
2015-01-15,106.82,96.28,130.14,15.2,84.32,27.41,102.67,94.35,86.76,23.58,504.01,178.49,101.01,36.19,102.49,54.99,42.38,91.38,159.66,45.48,107.04,46.405,32.4,89.86,33.26,104.46,47.1,50.72,87.38,88.96
2015-01-16,105.99,97.42,130.78,15.38,83.86,27.68,105.12,95.18,87.35,23.59,510.455,177.23,104.12,36.45,104.04,55.93,42.53,91.49,162.0,46.24,108.22,46.495,32.8,91.25,33.8,105.77,47.99,51.64,86.77,91.12
2015-01-20,108.72,97.13,131.22,15.26,83.97,28.07,106.47,94.74,87.69,23.85,509.94,175.63,103.25,36.09,101.29,55.71,43.16,90.8,161.94,46.39,108.93,46.805,33.1,91.19,33.95,105.62,48.18,52.0,86.69,91.09
2015-01-21,109.55,96.75,132.41,15.41,85.37,27.84,108.16,94.17,88.68,24.04,520.39,177.15,103.53,36.48,101.9,55.89,43.36,90.34,162.54,45.92,109.89,46.755,32.64,90.73,34.0,109.32,48.25,52.1,86.64,91.87
2015-01-22,112.4,98.83,135.64,16.09,86.82,28.5,108.92,95.15,88.63,24.28,537.3,182.04,106.07,36.91,103.76,57.59,43.78,90.89,165.89,47.13,109.55,47.925,32.81,91.62,33.79,113.85,47.8,53.77,88.3,92.87
2015-01-23,112.98,99.6,134.62,15.73,85.61,28.21,106.85,94.72,88.72,24.48,541.95,180.49,105.37,36.445,102.2,56.68,43.31,89.56,164.02,47.18,109.48,48.08,32.45,90.08,33.37,112.0,47.15,53.26,88.51,90.89
2015-01-26,113.1,101.76,134.07,15.85,86.03,27.97,108.88,94.97,88.55,24.59,536.72,180.42,106.36,35.805,102.26,56.77,43.0,90.67,164.24,47.01,109.75,48.175,32.8,89.58,33.18,111.61,46.96,53.58,88.63,91.76
2015-01-27,109.14,100.39,132.48,15.63,79.85,26.9,108.26,93.97,88.72,24.38,521.19,176.49,105.16,34.185,102.09,56.2,42.39,89.57,163.63,42.66,111.22,47.25,32.6,86.49,32.81,110.01,46.35,52.97,87.53,90.95
2015-01-28,115.31,98.88,139.64,15.2,80.01,26.805,103.71,92.67,87.85,23.84,512.43,173.05,104.74,33.775,101.48,54.75,41.92,88.78,163.94,41.19,109.92,46.655,31.95,85.15,32.68,108.46,46.05,52.16,86.82,87.95
2015-01-29,118.9,98.42,147.78,15.43,80.0,27.22,103.0,93.22,89.36,24.08,513.23,175.99,107.62,34.21,102.38,55.67,42.1,93.27,166.13,42.01,111.66,47.435,31.83,85.67,32.96,109.39,46.11,52.76,87.72,87.58
2015-01-30,117.16,96.95,145.37,15.15,79.97,26.365,102.53,90.96,87.14,23.89,537.55,172.41,104.42,33.04,100.14,54.38,41.17,92.44,162.3,40.4,109.24,46.125,31.25,84.29,32.92,106.25,45.71,51.92,84.98,87.42
2015-02-02,118.63,97.85,146.26,15.46,80.84,26.83,106.06,91.93,87.0,24.21,532.2,175.49,104.43,33.65,100.83,55.47,41.59,92.51,164.42,41.28,110.07,45.96,31.65,85.12,33.56,107.29,46.98,52.81,85.71,89.58
2015-02-03,118.65,99.09,147.34,15.89,83.92,27.12,109.53,94.1,86.78,24.47,533.3,180.24,107.24,33.7,102.46,56.72,41.63,93.92,165.94,41.6,110.24,46.675,32.02,85.95,34.34,107.81,47.83,53.45,86.19,92.25
2015-02-04,119.56,97.85,147.22,15.79,81.95,26.69,108.35,101.28,85.98,24.16,526.1,178.78,108.41,33.6,101.36,56.38,41.68,94.05,164.81,41.84,109.44,46.27,32.07,85.79,34.41,107.92,47.8,53.03,86.65,91.46
2015-02-05,119.94,99.59,148.6,15.97,83.57,27.26,109.31,102.64,86.72,24.5,529.83,180.77,108.99,33.94,102.46,56.77,41.79,94.34,166.55,42.45,109.71,46.67,32.99,86.7,34.54,108.82,47.86,53.67,87.28,92.36
2015-02-06,118.93,95.73,148.0,16.49,83.21,27.24,109.61,102.02,83.11,24.52,533.875,183.43,109.04,33.295,101.1,57.89,41.45,93.99,166.07,42.41,105.8,45.895,33.17,85.61,34.87,107.6,49.33,54.45,87.33,91.5
2015-02-09,119.72,96.7,147.58,16.35,84.67,27.12,110.43,101.73,82.7,24.64,529.28,182.22,108.34,32.93,99.78,57.82,41.23,92.72,164.84,42.36,104.52,45.585,33.07,85.05,34.64,106.49,49.09,54.21,85.91,91.56
2015-02-10,122.02,96.37,148.04,16.42,83.9,27.49,110.18,101.92,84.18,24.72,540.16,184.56,110.67,33.7,100.35,58.46,42.4,94.02,165.82,42.6,107.83,46.375,34.15,85.39,34.85,108.97,49.51,54.57,87.29,91.01
2015-02-11,124.88,95.96,147.92,16.36,83.41,26.93,109.98,101.87,81.85,24.77,538.0,187.65,110.31,33.55,100.38,58.37,42.37,94.21,164.48,42.38,105.06,45.655,34.25,85.64,34.39,109.85,49.81,53.9,86.34,90.6
2015-02-12,126.46,95.97,148.09,16.67,83.53,29.46,110.86,103.58,81.06,24.89,546.01,189.78,112.16,34.125,98.44,59.57,42.17,95.09,165.91,43.09,105.34,46.0,34.87,86.03,34.61,109.84,49.52,54.86,85.89,92.37
2015-02-13,127.08,96.4,149.73,16.61,85.13,29.43,112.78,104.17,79.84,25.15,551.16,189.0,111.89,34.36,99.62,59.67,41.99,95.65,165.94,43.87,103.62,46.02,34.64,85.9,34.66,109.44,49.31,55.33,85.81,93.37
2015-02-17,127.83,96.22,149.92,16.63,85.38,29.31,112.4,104.12,79.39,25.17,545.01,190.02,112.0,34.735,100.44,60.1,41.81,94.35,166.92,43.58,103.42,45.93,34.58,85.49,34.71,109.76,49.18,55.37,85.96,93.05
2015-02-18,128.715,96.2,151.17,16.3,84.8,29.49,110.44,103.86,80.97,25.25,542.65,188.67,111.99,34.265,99.96,59.37,41.73,94.58,167.4,43.53,106.49,46.81,34.48,86.26,34.49,109.77,48.94,54.52,86.29,91.01
2015-02-19,128.45,95.26,153.75,16.21,83.3,29.31,108.35,103.89,79.17,25.01,546.45,189.11,110.94,34.21,100.7,59.23,42.11,94.19,167.09,43.5,105.43,46.85,34.41,85.21,34.09,110.03,48.91,54.56,83.52,89.44
2015-02-20,129.495,96.53,158.31,16.38,84.44,29.61,108.6,104.55,78.71,25.21,541.8,191.51,112.24,34.41,100.26,59.8,41.97,94.19,168.12,43.855,105.6,47.465,34.56,84.87,34.08,112.62,48.97,54.83,84.3,89.92
2015-02-23,133.0,97.33,154.74,16.2,83.49,29.63,107.86,104.99,79.26,25.17,535.0,190.31,112.28,33.76,100.18,59.35,41.85,94.31,168.81,44.15,105.99,47.505,34.39,85.39,33.85,116.4,48.77,55.1,84.6,89.01
2015-02-24,132.17,94.65,154.38,16.38,84.5,29.63,107.96,104.67,79.85,25.39,538.65,192.22,116.75,34.41,100.7,60.82,42.13,94.98,169.12,44.09,106.08,47.71,34.34,85.5,34.05,115.43,49.22,55.37,84.57,89.42
2015-02-25,128.79,97.85,153.01,16.49,85.15,29.49,108.58,105.57,79.01,25.91,547.33,191.72,116.31,33.945,101.21,61.14,42.05,98.66,168.89,43.99,103.78,48.41,34.66,85.46,34.21,114.05,49.2,55.33,83.57,89.6
2015-02-26,130.415,98.88,151.73,16.04,83.8,29.91,107.06,104.56,78.56,25.89,559.29,192.2,115.38,33.65,102.8,61.58,42.46,99.51,169.61,44.055,103.48,48.495,34.59,85.17,34.5,113.66,49.37,55.15,83.8,88.65
2015-02-27,128.46,99.14,150.85,15.81,82.9,29.51,106.68,104.08,78.55,25.99,562.63,189.79,114.75,33.25,102.51,61.28,43.3,98.9,168.65,43.85,103.46,48.56,34.32,85.13,34.56,113.63,49.45,54.79,83.93,88.54
2015-03-02,129.09,99.4,153.8,16.01,83.0,30.19,105.9,105.89,77.06,26.11,575.02,191.79,116.12,34.06,103.22,61.77,43.2,100.0,170.5,43.88,101.54,49.375,34.77,85.41,34.64,114.4,49.47,55.55,83.96,88.04
2015-03-03,129.36,98.28,155.57,16.04,82.84,29.54,105.16,106.35,77.51,25.86,578.795,191.27,116.07,34.095,102.34,61.97,42.95,99.74,168.27,43.28,101.94,48.985,34.56,85.16,34.41,112.86,49.55,55.45,83.37,87.62
2015-03-04,128.54,98.56,154.35,15.84,81.73,29.33,105.16,105.57,77.08,25.66,578.33,189.67,114.76,34.12,101.65,62.13,42.5,100.25,167.16,43.055,101.39,48.76,34.64,84.35,34.0,113.82,49.07,54.82,82.58,87.18
2015-03-05,126.41,99.24,154.47,16.0,81.51,29.3,104.73,105.03,77.58,25.82,581.435,190.08,115.91,33.73,102.52,62.0,42.4,99.11,167.57,43.11,102.13,49.23,34.47,84.63,34.0,114.79,48.92,54.84,83.57,86.74
2015-03-06,126.6,96.61,153.12,16.22,80.06,28.925,103.55,103.82,74.96,25.42,572.9,186.91,114.45,33.19,100.11,60.89,41.52,97.13,164.36,42.36,98.7,48.455,33.97,82.66,33.48,112.88,48.29,54.59,82.59,85.63
2015-03-09,127.14,96.58,154.75,16.17,80.81,29.36,103.95,105.26,74.76,25.64,574.1,187.93,115.25,32.72,100.66,61.5,41.39,97.71,166.37,42.85,98.93,48.715,34.03,83.09,33.35,114.9,48.23,54.67,82.88,85.16
2015-03-10,124.51,94.57,152.42,15.79,79.91,28.66,102.91,103.09,74.7,25.17,559.85,182.71,112.56,31.7,99.53,59.96,40.69,96.29,162.26,42.03,97.99,48.255,33.78,81.54,32.78,112.46,47.51,53.29,82.07,84.26
2015-03-11,122.24,94.63,151.17,16.11,79.7,28.26,103.54,102.89,74.28,25.19,555.69,184.18,113.07,32.33,98.32,60.24,40.1,94.96,161.73,41.98,97.98,47.67,33.63,81.39,32.62,112.72,47.68,53.7,80.69,84.02
2015-03-12,124.45,96.27,152.04,16.09,80.19,28.24,102.42,107.17,75.28,25.4,561.17,189.95,116.1,30.8,99.83,61.37,40.57,96.25,164.47,41.02,100.52,48.52,34.0,82.09,33.13,114.88,48.73,55.59,81.9,84.22
2015-03-13,123.59,94.24,151.57,16.09,79.23,27.94,101.62,106.44,74.61,25.04,553.0,189.34,114.82,30.93,99.21,61.0,39.91,96.35,162.74,41.38,100.61,47.905,34.0,81.83,32.76,115.25,48.84,55.34,81.9,83.87
2015-03-16,124.95,94.61,153.67,16.13,79.97,28.3,103.13,107.37,75.71,25.45,561.64,191.9,116.5,30.83,101.06,61.85,40.29,97.15,166.21,41.56,102.97,48.22,34.44,83.56,33.06,118.52,49.27,55.73,83.29,84.76
2015-03-17,127.04,94.12,154.51,16.09,78.45,28.15,103.17,106.96,75.08,25.31,557.61,190.57,115.58,30.59,99.89,61.61,40.51,96.17,164.23,41.695,103.28,48.27,34.17,82.85,32.9,117.6,48.95,55.91,82.62,84.08
2015-03-18,128.47,95.51,155.73,15.98,81.33,28.15,106.7,107.97,76.4,25.64,566.16,192.32,116.08,30.89,101.46,61.75,40.6,97.0,166.47,42.5,106.9,48.755,34.38,83.75,33.59,119.96,49.54,56.17,82.53,86.07
2015-03-19,127.495,94.59,154.11,15.61,80.09,28.26,104.75,107.37,76.01,25.33,563.67,189.97,115.16,30.74,101.69,61.2,40.02,95.98,165.66,42.285,105.48,49.16,34.15,83.38,33.2,120.76,49.3,55.51,81.52,84.41
2015-03-20,125.9,97.69,154.5,15.84,81.19,28.44,107.03,108.43,76.67,25.4,564.95,193.13,117.49,31.31,102.4,61.75,40.65,97.05,166.49,42.88,105.99,50.99,34.25,84.74,33.23,119.14,49.56,56.01,83.24,84.54
2015-03-23,127.21,97.64,152.81,15.72,81.09,28.405,105.92,108.22,76.8,25.47,565.37,191.96,116.07,31.2,102.98,61.14,40.62,98.62,166.13,42.855,105.74,50.73,35.05,84.86,33.28,119.04,49.64,55.78,83.31,85.43
2015-03-24,126.69,97.16,151.65,15.61,80.48,28.0,104.2,107.11,76.06,25.27,577.54,191.28,116.15,30.79,101.96,60.46,40.47,99.36,166.32,42.9,104.84,50.325,34.52,83.92,33.07,118.12,49.41,55.35,83.05,84.52
2015-03-25,123.38,95.47,148.23,15.41,79.86,27.46,105.67,105.0,74.96,24.91,567.0,187.35,113.68,29.89,100.34,59.61,40.45,98.14,162.7,41.46,103.42,49.495,34.3,83.01,32.62,116.54,48.73,54.54,81.32,84.86
2015-03-26,124.24,95.2,148.17,15.42,79.88,27.09,105.25,105.24,74.35,24.8,563.64,187.24,112.37,30.08,100.14,59.54,40.35,97.64,162.59,41.21,102.72,49.665,34.16,82.15,32.82,116.25,48.42,54.5,81.89,84.32
2015-03-27,123.25,96.04,148.85,15.31,79.67,27.13,104.28,105.48,75.0,24.86,557.55,188.06,113.86,32.0,100.34,59.55,40.08,96.96,163.5,40.97,103.54,49.94,34.53,82.31,32.75,118.01,48.56,54.12,81.35,83.58
2015-03-30,126.37,96.16,152.7,15.52,81.37,27.65,106.9,106.12,75.9,25.12,561.135,191.02,114.63,31.46,101.55,60.96,40.51,97.88,166.05,40.96,104.74,50.445,35.0,82.72,32.97,121.0,49.12,54.77,82.53,85.63
2015-03-31,124.43,94.15,150.08,15.39,80.03,27.525,104.98,104.89,76.78,24.81,554.7,187.97,113.61,31.27,100.6,60.58,40.55,97.44,164.95,40.655,104.05,50.165,34.79,81.94,32.65,118.29,48.63,54.4,82.25,85.0
2015-04-01,124.25,96.46,148.64,15.41,79.64,27.25,104.79,105.44,76.83,24.84,549.49,192.23,113.13,30.81,99.15,59.95,40.68,96.29,162.52,40.72,104.76,49.775,34.33,82.32,32.89,117.45,48.92,53.94,80.71,84.46
2015-04-02,125.32,96.78,149.28,15.54,80.24,27.13,105.28,106.0,76.97,24.94,541.31,191.55,114.54,30.81,99.64,60.52,40.68,95.83,162.8,40.29,104.75,49.83,34.38,82.43,33.13,117.36,49.47,54.37,80.73,84.3
2015-04-06,127.35,98.04,150.93,15.51,81.49,27.22,106.92,105.63,78.24,25.18,543.95,192.05,114.95,31.04,99.16,60.47,41.17,96.28,165.48,41.545,105.54,49.865,34.48,83.04,33.33,117.7,49.63,54.08,80.99,85.13
2015-04-07,126.01,96.87,152.32,15.46,80.54,27.39,108.54,105.43,77.65,25.02,544.86,192.39,114.3,31.26,100.1,60.85,41.01,96.35,166.21,41.53,104.29,49.805,34.54,82.39,33.16,117.35,49.27,54.02,80.5,85.75
2015-04-08,125.6,96.53,153.36,15.61,80.44,27.55,106.66,106.36,77.3,25.01,548.84,192.56,115.59,31.31,100.16,61.05,40.89,96.85,166.27,41.42,104.04,50.42,34.64,82.77,32.65,118.19,49.13,54.0,81.03,84.06
2015-04-09,126.56,95.34,153.42,15.71,80.68,27.625,106.95,106.77,77.01,25.73,548.02,194.89,114.57,31.24,101.33,61.47,41.05,96.55,166.79,41.48,104.01,50.36,35.03,82.89,32.69,118.55,49.01,54.19,80.84,84.65
2015-04-10,127.1,95.07,154.38,15.72,82.6,28.04,106.91,106.95,77.84,28.51,548.54,195.64,115.24,31.93,102.06,61.7,40.88,97.8,167.07,41.72,104.9,49.985,35.44,83.35,32.77,119.0,49.22,54.32,80.65,85.56
2015-04-13,126.85,94.78,153.24,15.8,82.14,27.98,106.5,106.51,77.23,27.63,548.64,195.58,114.44,31.73,100.55,62.07,40.7,97.44,165.84,41.76,103.75,49.635,35.09,83.43,32.88,119.37,49.04,54.59,80.29,85.34
2015-04-14,126.3,94.5,153.21,15.82,83.0,27.81,108.84,106.66,77.59,27.73,539.78,197.72,114.05,31.49,100.52,63.04,40.51,97.58,165.99,41.65,104.36,49.765,35.03,83.6,32.69,119.92,49.18,54.19,80.15,86.63
2015-04-15,126.78,95.17,152.43,15.64,85.16,28.25,110.41,106.98,78.02,27.46,541.04,201.1,113.45,32.83,100.6,64.21,40.4,96.44,166.44,42.255,104.18,49.915,35.21,83.51,32.89,117.32,49.39,54.81,79.74,88.08
2015-04-16,126.17,96.76,151.97,15.79,84.34,28.6,110.16,108.1,77.31,27.28,543.52,200.21,113.37,32.87,99.79,63.81,40.6,95.63,165.89,42.16,103.76,49.95,35.19,83.5,32.75,121.6,49.27,54.81,79.24,87.73
2015-04-17,124.75,96.1,149.6,15.56,83.28,27.915,109.11,106.69,77.31,27.25,532.74,197.35,112.1,32.47,99.58,62.84,40.3,94.88,161.71,41.615,103.15,49.275,35.04,82.53,32.51,118.71,48.9,54.05,77.88,86.93
2015-04-20,127.6,95.84,152.67,15.57,84.6,28.48,110.29,108.22,78.61,27.02,544.53,198.1,112.86,32.73,100.21,63.24,40.66,96.18,164.51,42.905,104.5,49.995,35.01,82.87,32.83,118.58,49.38,54.36,78.14,87.24
2015-04-21,126.91,94.98,153.33,15.5,83.92,28.69,109.73,107.68,78.07,26.62,542.925,196.84,113.17,32.43,100.3,62.31,40.78,94.87,164.0,42.635,103.4,50.145,34.89,83.08,32.66,119.28,49.17,54.28,78.03,86.88
2015-04-22,128.62,95.92,151.19,15.74,84.87,28.62,109.5,107.94,78.3,26.91,549.18,198.32,112.99,32.7,100.43,62.94,41.31,97.84,164.67,42.985,103.29,50.075,34.93,83.09,32.86,117.81,49.57,54.67,78.43,87.46
2015-04-23,129.67,96.04,149.87,15.69,84.79,28.675,109.97,109.0,78.86,26.85,557.46,199.31,113.96,32.35,100.46,62.8,40.95,97.0,159.66,43.34,104.28,50.555,35.36,80.95,34.23,118.26,50.05,54.86,79.18,87.54
2015-04-24,130.28,95.32,148.4,15.64,84.6,28.82,109.87,109.53,79.41,26.8,573.66,197.99,113.7,32.08,101.08,62.6,40.89,98.74,158.99,47.87,105.05,50.475,35.27,81.0,34.01,118.69,50.03,54.7,79.84,86.97
2015-04-27,132.65,95.19,147.8,15.56,85.33,28.89,109.7,110.16,78.37,26.88,566.12,196.52,111.39,32.5,100.58,62.34,40.83,96.44,157.98,48.03,103.82,50.47,34.59,80.6,34.09,116.24,50.08,54.97,79.37,87.01
2015-04-28,130.56,95.76,147.51,15.65,86.2,29.32,111.12,109.92,78.97,27.12,564.37,197.49,110.58,33.02,100.74,62.76,40.77,96.83,158.33,49.155,104.1,49.93,34.48,80.42,34.86,117.59,50.55,55.41,79.1,87.8
2015-04-29,128.64,93.51,146.15,15.98,87.5,29.05,111.73,109.81,78.43,27.09,561.39,198.56,108.71,32.885,100.39,63.6,40.49,97.02,156.97,49.06,102.7,50.085,34.29,79.85,34.76,113.61,50.47,55.46,77.88,87.87
2015-04-30,125.15,94.53,143.34,15.93,86.88,28.83,111.06,108.72,77.57,27.08,548.77,196.42,106.98,32.55,99.2,63.26,40.56,96.55,156.39,48.64,100.93,49.42,33.93,79.51,34.64,111.4,50.44,55.1,78.05,87.37
2015-05-01,128.95,93.48,144.67,16.11,87.37,29.13,109.04,110.52,77.9,27.31,551.16,197.53,109.55,33.42,100.13,63.61,40.91,97.8,157.68,48.655,101.88,50.39,34.08,80.29,34.42,113.2,50.41,55.19,78.6,88.85
2015-05-04,128.7,94.64,144.02,16.44,87.3,29.17,108.32,111.03,77.96,27.27,552.84,199.3,110.06,33.43,100.35,64.72,40.96,96.13,159.02,48.24,102.76,50.415,34.32,80.35,34.53,114.56,50.52,55.73,79.18,89.11
2015-05-05,125.8,93.0,142.91,16.35,87.0,28.89,108.0,110.81,76.25,26.92,543.045,197.29,108.06,32.64,99.5,64.4,40.75,96.13,157.91,47.6,100.15,50.21,34.12,80.07,33.72,113.37,50.09,55.72,78.13,88.61
2015-05-06,125.01,92.86,141.04,16.29,86.99,28.97,107.95,109.72,76.41,26.81,535.08,196.25,108.31,32.22,99.17,63.92,40.66,96.39,157.64,46.28,100.03,50.11,33.46,80.4,33.38,113.49,49.64,54.92,77.65,88.19
2015-05-07,125.26,93.63,141.49,16.24,86.43,28.805,107.57,109.26,76.81,27.04,542.04,197.39,110.04,32.245,99.66,64.5,40.7,96.78,158.61,46.7,100.6,50.725,33.58,80.2,33.37,114.76,49.73,54.81,78.03,87.6
2015-05-08,127.62,94.95,145.46,16.45,87.31,29.23,108.65,110.11,77.11,27.36,548.95,200.5,112.47,32.8,101.47,65.49,40.98,98.23,160.6,47.75,101.21,51.22,34.02,80.96,33.69,115.68,50.14,56.05,78.53,88.99
2015-05-11,126.32,93.65,145.89,16.49,88.77,29.21,107.36,108.6,76.57,26.92,545.78,201.73,111.9,32.69,101.03,65.45,40.94,97.51,159.9,47.37,100.01,51.395,33.96,80.27,33.49,114.77,49.8,55.51,78.1,86.78
2015-05-12,125.865,93.6,145.43,16.43,88.16,29.23,107.56,109.24,76.3,27.03,538.73,200.53,112.52,32.25,100.47,65.36,40.69,97.95,160.07,47.35,99.91,51.185,33.78,79.95,33.66,114.64,49.62,55.47,78.96,87.02
2015-05-13,126.01,92.94,145.62,16.47,88.44,29.35,107.7,109.19,74.44,27.21,539.49,201.43,111.19,32.64,100.55,65.52,41.05,97.35,161.31,47.625,100.2,51.08,33.53,79.7,33.9,115.86,49.73,55.6,78.16,86.56
2015-05-14,128.95,94.81,147.96,16.52,88.74,29.05,108.45,109.93,75.49,27.41,549.2,202.62,111.94,32.97,101.83,66.05,41.5,97.71,163.15,48.72,101.08,51.72,33.94,80.57,34.13,118.53,49.97,56.04,78.72,86.97
2015-05-15,128.77,95.51,146.88,16.35,88.43,29.55,108.03,110.3,76.15,27.27,546.49,202.97,113.35,32.99,102.3,65.88,41.52,98.04,163.3,48.295,102.14,52.49,33.99,81.05,34.33,119.33,49.79,55.52,79.24,87.35
2015-05-18,130.19,95.2,146.71,16.51,88.29,29.76,106.65,110.33,76.03,27.31,546.67,204.66,114.33,33.41,103.42,66.42,41.32,98.02,162.87,48.01,102.3,52.375,33.98,80.74,34.87,119.8,49.6,55.75,79.92,86.85
2015-05-19,130.07,95.45,147.05,16.77,87.24,29.735,105.02,110.56,76.19,27.35,549.28,205.4,112.34,33.15,103.96,67.01,41.31,100.68,163.12,47.58,102.51,52.32,34.21,80.83,34.37,120.55,49.55,56.4,76.43,86.99
2015-05-20,130.06,94.32,146.42,16.74,87.93,29.62,105.25,110.2,76.54,27.64,552.51,205.08,112.1,33.37,103.6,66.48,41.35,100.11,161.9,47.58,102.52,52.305,34.3,80.48,34.62,121.24,49.69,56.08,75.9,87.13
2015-05-21,131.39,93.9,147.35,16.73,89.33,29.43,105.49,110.39,76.16,27.72,556.81,204.95,112.01,33.55,102.42,66.65,41.23,99.28,162.06,47.42,102.16,52.2,34.36,80.41,35.07,120.46,49.9,56.01,76.11,87.21
2015-05-22,132.54,94.35,144.81,16.75,88.63,29.26,104.89,110.26,76.05,27.68,554.52,207.8,112.16,33.45,101.35,66.47,41.21,98.99,160.98,46.9,102.23,52.215,34.28,79.95,34.71,119.59,49.61,56.0,75.86,86.52
2015-05-26,129.62,94.61,142.8,16.5,87.84,28.95,103.29,109.44,75.76,27.52,547.19,206.38,110.93,33.105,100.82,65.73,40.99,98.46,159.59,46.59,101.03,51.71,34.11,79.14,34.67,118.24,49.42,55.66,74.9,85.35
2015-05-27,132.045,95.16,143.0,16.74,87.92,29.31,103.11,110.37,76.21,27.52,554.25,209.06,112.16,33.71,101.13,66.47,41.12,98.66,161.02,47.61,100.83,51.42,34.3,79.39,34.95,119.45,49.57,56.07,75.19,85.11
2015-05-28,131.78,94.6,142.33,16.67,86.01,29.35,103.24,110.53,75.95,27.63,554.18,208.48,112.19,34.01,101.15,66.2,41.14,96.48,160.87,47.45,102.27,51.15,34.44,79.33,34.8,119.62,49.54,56.21,74.84,85.11
2015-05-29,130.28,92.79,140.52,16.5,85.32,29.31,103.0,110.37,75.73,27.27,545.32,206.19,111.42,34.46,100.14,65.78,40.96,95.93,159.08,46.86,102.34,50.835,34.75,78.39,34.54,120.21,49.44,55.96,74.27,85.2
2015-06-01,130.535,94.23,141.25,16.55,85.53,29.18,102.63,110.96,76.0,27.28,549.21,207.81,111.67,33.905,100.04,66.08,40.94,96.22,158.98,47.23,103.53,50.88,34.56,78.85,34.35,119.86,49.22,56.04,74.73,85.13
2015-06-02,129.96,94.15,143.25,16.72,86.17,29.08,102.58,110.75,75.05,27.33,553.95,206.43,111.59,33.27,99.98,66.02,40.99,96.29,159.08,46.92,102.22,51.055,34.49,78.54,34.36,117.75,49.14,56.18,74.53,85.14
2015-06-03,130.12,92.68,143.81,16.93,86.23,29.09,102.17,111.17,74.2,27.53,555.29,208.29,113.16,32.73,100.09,66.7,40.87,96.52,160.16,46.85,100.22,51.255,34.41,78.56,35.03,118.35,49.08,56.91,74.89,84.95
2015-06-04,129.36,94.67,141.19,16.78,85.47,28.61,101.39,110.3,74.21,27.26,551.69,208.87,111.46,32.31,99.23,66.33,40.59,96.31,158.35,46.36,100.37,50.975,34.24,78.15,35.27,116.65,48.1,56.14,74.15,84.22
2015-06-05,128.65,92.52,140.73,17.19,86.05,28.58,101.59,110.3,72.85,27.29,549.53,210.45,110.37,31.84,98.59,67.42,40.1,95.54,157.08,46.14,98.77,51.015,34.09,77.43,34.57,116.53,47.23,56.61,73.06,84.28
2015-06-08,127.8,92.83,140.64,17.08,86.15,28.275,100.42,109.29,72.45,27.24,543.48,209.79,109.93,31.3,97.96,66.89,40.16,95.32,156.59,45.73,98.12,50.72,33.98,77.71,34.59,116.91,47.44,56.12,72.61,84.85
2015-06-09,127.42,92.07,140.1,17.31,86.73,28.24,100.42,108.52,72.13,27.33,542.16,209.02,109.53,31.25,98.21,67.18,40.2,94.73,156.98,45.65,98.19,50.675,34.01,78.9,34.51,116.99,47.34,56.7,72.47,84.58
2015-06-10,128.88,92.7,141.62,17.59,88.48,28.66,101.83,110.0,72.05,27.63,552.6,213.13,110.98,31.82,98.88,68.26,40.33,95.3,159.04,46.61,99.12,51.67,34.31,79.54,34.72,118.55,47.47,57.21,72.93,85.21
2015-06-11,128.59,93.42,142.96,17.49,88.17,28.86,101.12,110.62,72.86,27.51,550.04,213.94,111.29,31.85,99.24,68.52,40.1,95.59,159.86,46.44,99.67,51.94,34.46,79.41,34.88,119.32,47.76,57.26,72.94,85.09
2015-06-12,127.17,93.2,142.8,17.49,87.85,28.54,99.87,109.95,72.53,27.39,547.47,213.06,110.6,31.32,98.35,68.25,39.96,95.06,158.04,45.97,99.24,51.89,34.21,78.87,34.65,117.65,47.25,57.09,72.43,84.02
2015-06-15,126.92,92.26,142.29,17.47,87.13,28.48,99.29,110.18,72.5,27.21,543.0,211.76,110.01,31.39,97.49,67.99,39.59,94.3,155.87,45.475,99.12,51.675,34.04,78.12,34.41,118.98,47.0,56.98,71.93,83.72
2015-06-16,127.6,93.26,142.34,17.55,86.59,28.71,100.04,111.06,72.57,27.22,544.87,213.56,110.23,31.635,98.36,68.37,40.08,94.63,156.49,45.83,99.53,52.28,34.04,79.1,34.67,121.55,47.42,57.22,72.35,84.68
2015-06-17,127.3,94.12,143.43,17.37,87.25,28.93,99.76,111.49,73.08,27.27,546.6,212.93,110.47,31.95,98.73,68.14,40.27,95.22,156.95,45.97,100.7,52.375,33.98,80.08,34.8,119.74,47.27,57.17,72.73,84.73
2015-06-18,127.88,96.18,145.38,17.38,87.44,29.21,100.25,113.22,74.54,27.37,556.18,214.6,111.85,32.38,100.36,68.78,40.65,96.17,159.62,46.72,102.26,53.0,34.37,80.82,35.02,120.89,47.77,57.7,72.98,85.48
2015-06-19,126.6,95.97,145.13,17.17,87.52,29.03,99.47,112.62,73.2,27.24,557.52,213.19,112.43,32.07,99.86,68.08,40.4,96.08,158.95,46.1,100.96,53.265,34.18,80.54,34.99,120.33,47.46,57.05,72.74,85.21
2015-06-22,127.61,95.79,145.7,17.47,88.27,28.94,100.29,113.53,73.07,27.42,559.68,216.51,113.07,32.26,100.09,68.96,40.48,96.87,159.68,46.23,100.76,53.395,34.31,80.45,35.04,120.25,47.53,57.91,72.79,85.17
2015-06-23,127.03,96.25,144.43,17.67,88.45,28.785,100.09,114.41,71.78,27.55,563.39,218.4,113.18,32.085,99.78,69.75,40.38,97.18,159.84,45.91,99.29,53.6,34.5,79.79,35.91,122.74,47.77,57.89,72.57,85.07
2015-06-24,128.11,95.08,143.0,17.49,88.17,28.51,99.27,113.77,70.93,27.26,558.57,214.43,112.35,31.91,99.33,69.02,40.19,96.64,157.54,45.635,98.53,53.11,34.23,79.51,35.78,119.17,47.29,57.54,72.38,84.68
2015-06-25,127.5,94.74,142.45,17.37,86.72,28.4,98.34,114.45,70.68,27.04,557.95,212.82,112.24,31.99,99.12,68.65,40.02,95.79,155.92,45.65,97.99,52.61,34.02,79.39,36.18,122.33,47.44,57.17,71.86,83.93
2015-06-26,126.75,94.24,142.48,17.41,86.82,28.28,98.6,114.99,71.0,27.09,553.06,213.17,112.6,31.02,99.64,68.95,40.0,97.29,157.09,45.26,98.7,54.855,33.92,79.34,36.12,123.25,47.62,57.44,72.12,83.86
2015-06-29,124.53,92.94,138.73,16.89,85.3,27.54,96.69,113.05,70.85,26.64,541.25,207.65,110.54,30.39,97.68,67.2,39.4,95.44,153.95,44.37,98.17,53.835,33.59,78.32,35.77,121.19,46.77,56.06,71.42,82.82
2015-06-30,125.425,93.29,138.72,17.02,84.82,27.46,96.47,114.14,70.62,26.57,540.04,208.79,111.13,30.415,97.46,67.76,39.23,95.07,154.3,44.15,98.03,54.01,33.53,78.24,35.52,122.0,46.61,56.24,70.93,83.2
2015-07-01,126.6,94.01,140.73,17.22,83.95,27.35,96.09,115.13,71.08,26.66,543.3,209.94,112.07,30.18,98.47,68.07,39.5,95.76,155.65,44.445,98.43,54.715,33.69,79.72,35.57,123.38,47.0,56.91,71.88,82.37
2015-07-02,126.44,94.91,140.21,17.03,84.38,27.33,95.87,114.97,72.53,26.78,547.34,209.2,111.49,30.555,98.44,67.52,39.49,96.17,155.38,44.4,100.22,54.935,33.37,79.93,35.73,121.81,47.2,56.74,71.86,83.14
2015-07-06,126.0,94.98,140.52,16.94,83.15,27.22,94.77,115.7,72.85,26.31,545.62,208.04,111.32,30.04,98.2,67.33,39.42,95.65,155.08,44.39,100.46,54.92,33.25,80.05,35.61,122.16,47.04,56.44,72.53,82.53
2015-07-07,125.69,95.63,143.15,16.69,83.99,27.36,95.27,117.1,75.27,26.47,550.03,208.21,112.4,29.9,98.92,66.8,40.25,96.68,155.43,44.3,102.88,55.645,33.73,81.72,35.77,120.7,47.25,56.25,73.79,82.87
2015-07-08,122.57,94.48,141.92,16.25,82.27,26.99,93.56,115.19,74.79,25.89,541.7,204.06,111.0,29.5,97.77,65.43,39.86,95.84,152.71,44.24,101.95,54.635,33.45,80.99,34.79,118.78,46.58,55.25,73.06,81.97
2015-07-09,120.07,94.39,142.8,16.48,81.69,26.91,93.78,115.6,74.07,26.02,544.65,204.81,111.38,28.93,98.4,66.11,39.92,96.49,153.75,44.52,101.18,54.72,33.86,80.66,34.39,119.34,46.26,55.5,72.78,81.6
2015-07-10,123.28,95.42,144.48,16.7,82.15,27.28,94.41,116.44,74.37,26.27,556.11,207.19,113.1,29.17,99.53,67.05,40.39,97.65,154.95,44.61,101.64,55.26,34.36,80.95,34.65,122.15,47.0,56.08,73.12,82.22
2015-07-13,125.66,95.7,146.62,17.02,83.64,27.79,94.6,118.05,74.35,26.47,571.73,210.12,114.9,29.73,100.27,68.09,40.66,98.43,156.47,45.54,101.97,56.205,34.82,81.91,34.88,122.45,47.2,56.74,73.88,82.42
2015-07-14,125.61,95.48,147.75,17.13,84.46,28.03,95.55,117.85,73.8,26.66,584.18,212.16,115.36,29.65,99.78,69.04,41.17,98.78,156.78,45.62,101.99,56.17,35.08,82.04,35.12,125.0,47.41,57.25,73.79,83.11
2015-07-15,126.82,95.95,146.89,17.68,84.16,28.11,94.24,118.3,74.02,26.77,583.96,212.96,115.58,29.69,100.42,69.19,41.13,99.07,156.0,45.76,102.77,55.95,34.98,82.15,34.73,125.86,47.33,57.78,73.65,82.76
2015-07-16,128.51,97.82,148.49,17.95,83.76,28.32,94.48,119.07,74.81,27.04,601.78,211.18,114.73,29.9,101.11,69.56,41.48,97.86,157.17,46.66,104.43,56.17,35.1,82.3,35.16,124.93,47.83,58.17,73.83,82.91
2015-07-17,129.62,96.95,146.84,18.1,83.16,28.18,93.15,118.86,73.57,27.24,699.62,212.46,114.47,29.47,100.08,69.21,41.25,97.5,156.69,46.62,103.65,56.4,35.07,82.24,35.01,123.85,47.59,57.94,73.39,82.61
2015-07-20,132.07,97.06,146.72,18.12,82.25,28.03,92.94,119.58,73.27,27.14,692.84,212.39,113.41,29.1,100.37,69.26,41.38,97.49,157.12,46.92,103.15,56.565,35.24,82.19,34.9,122.65,48.1,58.05,73.1,81.76
2015-07-21,130.75,96.95,145.0,18.08,82.22,27.84,93.9,119.31,72.42,26.85,695.35,211.5,113.86,28.72,100.34,69.1,41.19,97.32,155.76,47.28,102.13,56.495,35.14,81.63,34.57,120.86,46.97,57.95,72.74,81.66
2015-07-22,125.22,96.54,146.47,18.45,79.76,27.53,93.51,119.33,72.37,26.63,695.1,213.25,114.9,28.605,100.18,70.08,40.9,97.58,155.41,45.54,102.8,57.045,34.88,80.83,34.27,120.61,46.45,58.52,73.16,81.79
2015-07-23,125.16,98.0,146.11,18.18,76.88,28.01,92.94,118.8,71.56,26.26,674.73,211.05,114.59,28.595,100.2,69.64,40.84,97.09,149.5,46.11,102.07,57.0,34.78,80.7,33.93,119.33,46.35,58.21,72.51,81.14
2015-07-24,124.5,96.79,144.06,17.9,76.1,28.4,90.6,118.91,71.69,25.75,654.77,207.35,113.59,28.06,99.15,68.91,40.44,96.1,149.33,45.94,102.28,56.495,34.26,80.29,34.29,117.94,46.04,57.78,71.58,79.94
2015-07-27,122.77,96.48,141.03,17.67,75.32,28.21,89.14,118.25,73.0,25.95,658.27,205.02,113.07,28.35,98.28,68.01,40.54,96.04,148.71,45.35,103.5,55.865,34.34,79.97,34.32,117.88,45.83,57.59,71.38,79.26
2015-07-28,123.38,96.68,141.81,17.88,77.78,28.21,92.4,118.46,73.13,26.1,659.66,206.24,114.84,28.96,99.02,68.05,40.55,97.33,151.11,45.34,104.09,56.735,35.35,80.23,34.33,121.52,45.89,57.4,72.1,82.48
2015-07-29,122.99,96.32,144.14,18.16,77.33,28.4,93.25,119.84,73.11,26.26,661.43,206.84,116.37,29.01,99.73,68.94,40.59,98.21,151.45,46.29,104.59,57.46,35.76,80.62,34.69,121.52,46.56,57.96,72.23,83.14
2015-07-30,122.37,94.95,143.01,18.13,78.35,28.3,93.03,120.03,73.45,26.12,664.56,207.2,116.46,28.91,99.84,69.04,40.56,99.17,151.57,46.88,104.89,57.505,35.73,77.39,34.8,120.56,46.67,58.15,72.16,83.01
2015-07-31,121.3,95.11,144.17,17.88,78.63,28.42,88.48,120.0,74.22,26.1,657.5,205.07,117.03,28.95,100.21,68.53,41.08,99.86,151.34,46.7,105.2,57.61,36.06,76.7,34.74,121.4,46.79,57.87,71.98,79.21
2015-08-03,118.44,95.36,143.69,17.77,77.26,28.36,85.6,121.12,74.96,25.87,664.72,204.69,116.89,29.05,100.02,68.53,41.54,99.42,150.12,46.81,107.71,57.415,36.15,76.4,34.66,120.89,46.97,57.91,72.18,78.06
2015-08-04,114.64,96.12,143.54,17.8,76.6,28.03,85.21,121.69,73.92,25.9,661.28,205.17,117.53,29.13,99.8,68.46,41.85,99.14,150.4,47.54,106.54,57.885,36.11,75.91,34.58,120.84,46.67,57.82,72.25,77.17
2015-08-05,115.4,96.64,144.95,17.87,76.88,28.27,84.03,110.53,73.98,26.1,673.29,205.7,118.0,29.12,100.52,68.73,42.12,99.8,151.01,47.58,105.96,58.375,35.82,75.77,34.57,123.92,46.64,57.65,73.51,77.17
2015-08-06,115.13,98.36,143.82,17.81,77.46,28.21,85.19,108.55,73.84,26.03,670.15,205.09,116.56,29.01,99.07,68.25,41.92,99.35,149.26,46.62,105.75,57.56,35.17,75.74,34.24,122.04,46.63,57.53,72.79,78.09
2015-08-07,115.52,99.65,142.42,17.75,77.29,28.15,83.75,109.35,75.15,25.79,664.39,203.44,116.93,28.88,98.85,68.05,41.77,98.92,148.89,46.74,107.0,57.255,35.19,75.48,34.21,121.82,46.36,57.47,71.25,76.83
2015-08-10,119.72,100.49,145.86,18.04,80.16,28.59,85.89,111.0,74.81,26.24,663.14,205.97,117.6,29.64,99.79,68.89,41.68,99.39,151.24,47.33,106.53,57.68,35.36,76.38,34.78,122.48,47.23,57.94,71.48,78.75
2015-08-11,113.49,101.0,144.05,17.79,78.04,28.02,85.78,108.0,75.29,25.71,690.3,201.7,117.69,28.97,99.01,68.23,41.48,98.81,148.48,46.41,106.63,57.23,35.12,76.22,34.65,122.26,47.6,57.21,71.93,77.49
2015-08-12,115.24,99.97,142.43,17.52,78.92,27.9,86.79,106.99,75.56,25.86,691.47,201.13,117.69,29.46,98.71,67.24,41.26,98.28,148.52,46.74,108.4,56.53,35.37,76.39,34.02,121.2,47.85,56.72,72.58,78.79
2015-08-13,115.15,100.25,144.81,17.62,77.76,28.7,85.85,107.52,75.58,25.79,686.51,200.74,119.02,28.87,98.48,67.55,41.1,99.37,147.4,46.73,108.92,56.8,35.36,75.78,33.81,120.52,47.66,56.89,72.11,78.65
2015-08-14,115.96,101.08,145.09,17.7,78.49,29.03,85.99,107.16,76.37,26.08,689.37,202.02,119.75,29.02,98.81,67.89,41.25,99.27,148.28,47.0,109.04,57.18,35.32,75.62,34.05,121.02,47.49,57.33,72.38,78.36
2015-08-17,117.16,101.45,144.44,17.77,78.54,28.825,83.23,109.05,76.52,26.21,694.11,202.57,119.7,29.08,99.87,68.07,41.35,100.66,149.24,47.32,109.53,57.49,35.5,75.53,34.23,123.82,47.52,57.35,71.91,78.77
2015-08-18,116.5,100.49,144.6,17.69,78.82,28.25,83.44,106.94,76.24,26.07,688.73,201.18,122.8,28.91,99.37,68.21,41.3,100.76,148.31,47.27,109.51,57.41,35.52,75.13,34.35,125.5,47.46,57.54,69.48,77.9
2015-08-19,115.01,100.4,142.72,17.46,77.41,27.8,80.91,106.45,77.21,25.73,694.04,200.95,122.76,28.36,99.31,67.6,40.78,101.1,145.87,46.61,109.07,57.48,35.27,74.12,34.36,123.22,47.44,57.06,68.57,76.23
2015-08-20,112.65,98.85,137.02,16.72,76.41,27.04,79.24,100.02,76.77,25.19,679.48,196.75,120.54,27.53,98.79,65.94,40.55,99.76,143.35,45.66,108.25,56.15,34.55,73.91,33.95,119.79,46.88,56.12,68.43,74.57
2015-08-21,105.76,96.7,131.71,16.1,75.0,26.47,75.76,98.84,76.71,24.59,644.03,187.74,116.16,26.56,95.56,63.6,39.53,97.13,142.09,43.07,106.96,53.435,33.54,71.84,33.38,116.28,46.1,53.97,66.54,72.13
2015-08-24,103.12,91.94,127.19,15.29,72.82,25.19,72.12,95.36,72.44,23.87,618.11,179.46,112.54,26.25,92.82,60.25,38.38,92.87,138.58,41.68,103.04,51.935,32.13,69.14,32.37,110.43,44.74,51.25,63.95,68.72
2015-08-25,103.74,89.51,125.49,15.26,72.06,24.62,70.02,95.89,70.21,23.27,612.47,178.22,110.97,25.87,90.73,59.91,37.99,91.21,137.64,40.47,100.51,51.765,31.34,68.42,31.8,109.98,43.5,50.02,63.1,68.71
2015-08-26,109.69,91.53,129.34,16.06,73.87,25.68,73.09,99.23,71.74,24.01,659.74,184.4,115.93,27.3,95.11,62.91,38.73,95.15,142.72,42.71,101.66,54.38,32.43,70.9,32.69,113.46,45.16,52.3,64.83,72.5
2015-08-27,112.92,93.87,131.87,16.44,75.66,26.17,77.64,102.17,72.52,25.01,667.96,189.21,117.66,27.72,96.22,64.48,39.27,97.33,143.9,43.9,102.26,56.31,33.26,71.48,33.44,117.77,46.19,54.03,66.08,74.85
2015-08-28,113.29,93.45,133.24,16.36,75.95,26.0,80.43,102.48,72.39,25.16,659.69,187.75,117.52,28.42,95.17,64.13,39.45,96.25,144.21,43.93,101.82,56.25,32.66,71.21,33.29,117.28,46.07,53.54,64.94,75.07
2015-08-31,112.76,92.19,130.68,16.34,76.44,25.88,80.99,101.88,70.91,24.82,647.82,188.6,116.46,28.54,93.98,64.1,39.32,95.02,142.14,43.52,98.41,55.875,32.22,70.67,33.2,115.7,46.01,53.33,64.73,75.24
2015-09-01,107.72,90.03,127.44,15.58,74.9,25.12,78.19,99.51,69.05,23.88,629.56,182.12,113.07,27.82,92.09,61.45,38.75,93.47,138.5,41.82,95.35,54.315,31.36,68.9,32.32,112.63,44.9,50.99,63.82,72.08
2015-09-02,112.34,91.17,130.63,15.85,76.1,25.65,78.06,101.89,69.16,24.57,644.91,184.51,116.48,28.6,93.35,62.57,38.9,96.04,141.24,43.36,95.04,55.35,31.97,69.81,32.82,114.23,45.35,51.99,64.44,73.23
2015-09-03,110.37,91.02,131.02,15.94,74.45,25.9,78.26,101.99,69.28,24.51,637.05,185.06,116.6,29.08,92.64,62.68,39.16,96.01,141.74,43.5,95.17,55.425,31.89,69.93,33.04,113.99,45.72,52.43,64.86,73.79
2015-09-04,109.27,89.02,129.76,15.65,73.1,25.52,76.67,100.97,68.26,24.0,628.96,180.38,114.42,28.52,91.31,61.5,38.52,94.85,139.84,42.61,94.62,54.845,31.37,68.76,32.56,112.36,44.82,51.29,63.89,72.46
2015-09-08,112.31,90.05,133.82,16.16,74.3,26.3,76.84,104.01,69.36,24.96,643.88,185.88,116.43,29.5,93.94,63.16,38.9,96.78,143.43,43.89,97.09,55.875,32.53,69.98,33.14,116.09,45.88,52.93,66.38,73.5
2015-09-09,110.15,88.7,132.65,15.9,72.96,25.94,74.92,101.91,68.21,24.55,643.41,185.68,113.97,29.24,92.22,62.18,38.3,95.43,140.86,43.07,95.3,54.93,31.96,68.48,32.78,115.08,45.39,52.19,65.12,72.0
2015-09-10,112.57,88.32,133.55,16.04,72.42,26.26,75.66,102.6,67.74,24.68,651.08,185.91,114.49,29.27,92.72,62.66,38.42,95.25,140.78,43.29,95.35,55.19,32.62,68.32,32.75,116.77,45.46,52.56,64.12,72.52
2015-09-11,114.21,89.26,134.67,16.04,72.63,26.02,75.79,104.48,68.34,24.95,655.3,185.27,115.44,29.47,92.93,62.56,38.13,97.41,141.26,43.48,95.85,55.91,32.97,68.42,32.72,118.7,45.73,52.62,64.65,72.69
2015-09-14,115.31,88.83,134.43,15.96,72.77,25.7,75.77,103.82,68.31,24.77,652.47,183.94,114.73,29.39,93.32,62.38,38.1,96.97,140.81,43.04,96.13,55.945,32.71,68.06,32.55,117.8,45.65,52.77,64.28,72.49
2015-09-15,116.28,89.55,136.3,16.31,74.58,25.98,77.17,103.43,68.59,25.3,665.07,187.45,116.18,29.73,94.4,63.58,38.5,98.19,143.6,43.98,96.23,56.92,33.17,69.45,32.86,120.03,46.37,53.47,64.32,72.86
2015-09-16,116.41,90.6,137.2,16.33,75.64,26.07,79.02,103.96,69.18,25.93,665.52,188.64,117.82,29.77,94.61,64.14,39.15,98.69,144.2,44.3,97.51,57.79,33.18,70.1,32.94,121.15,46.19,53.72,64.69,74.3
2015-09-17,113.92,91.52,137.45,15.86,74.06,25.88,79.41,104.2,69.91,25.35,671.67,186.45,117.91,29.71,94.84,62.65,39.38,97.84,142.95,44.25,98.7,57.635,33.48,70.24,32.78,123.26,45.23,52.21,64.47,74.46
2015-09-18,113.45,90.49,136.09,15.56,71.86,25.54,77.74,102.84,69.45,24.8,660.92,180.94,115.12,29.02,93.39,60.94,38.98,97.05,139.62,43.48,97.29,57.525,32.85,69.94,32.55,122.47,44.57,51.04,63.34,72.68
2015-09-21,115.21,90.39,136.02,15.7,72.16,25.54,78.09,103.41,70.05,25.09,666.98,183.35,116.58,29.16,93.13,61.45,39.19,97.9,140.04,44.11,98.05,58.28,32.42,70.65,32.56,123.94,44.8,51.55,63.72,73.39
2015-09-22,113.4,89.05,133.99,15.57,71.68,25.14,77.25,102.49,69.15,25.11,653.2,179.72,115.8,28.67,93.24,60.91,38.79,97.2,138.02,43.9,97.05,57.985,32.26,70.19,32.27,122.93,44.43,50.69,63.59,72.74
2015-09-23,114.32,88.71,131.67,15.72,70.2,25.28,76.12,101.57,69.09,25.14,653.29,179.41,116.17,28.74,92.99,60.64,38.76,97.38,137.66,43.87,96.98,57.715,32.62,70.26,32.2,123.28,43.98,50.78,63.72,72.3
2015-09-24,115.0,88.03,129.75,15.55,65.8,25.41,76.89,100.62,70.32,24.91,654.91,176.91,116.34,28.48,92.48,60.22,39.15,97.29,137.58,43.91,97.52,57.395,32.7,71.36,32.11,121.09,44.09,50.55,63.83,72.73
2015-09-25,114.71,88.84,131.01,15.89,64.98,26.025,77.7,100.3,70.71,24.92,640.15,179.83,116.74,28.81,91.0,61.47,39.62,97.59,139.56,43.94,98.61,62.5,31.89,72.67,32.33,116.37,44.22,51.48,63.78,73.23
2015-09-28,112.44,87.21,128.13,15.47,63.79,25.66,75.77,98.49,70.45,24.31,624.25,173.02,114.1,28.76,91.37,59.98,39.53,95.96,138.38,43.29,97.55,61.07,30.82,71.77,31.9,112.7,43.74,50.37,63.66,72.6
2015-09-29,109.06,87.01,128.75,15.35,64.31,25.64,76.25,99.42,70.73,24.57,622.61,171.86,112.91,29.24,93.04,59.84,39.66,97.48,141.55,43.44,96.79,59.835,31.02,72.28,32.07,114.22,43.53,50.89,63.78,72.97
2015-09-30,110.3,87.98,130.95,15.58,65.36,26.25,78.88,102.2,71.94,25.22,638.37,173.76,115.49,30.14,93.35,60.97,40.12,98.53,141.77,44.26,97.55,61.485,31.41,71.94,32.58,116.01,43.51,51.35,64.84,74.35
2015-10-01,109.58,88.38,130.61,15.55,64.39,25.73,78.34,102.67,70.67,25.19,642.0,176.02,117.03,30.0,93.17,61.42,39.8,98.78,140.8,44.61,96.55,61.915,31.84,71.95,32.53,116.61,42.96,51.44,64.27,74.06
2015-10-02,110.38,89.74,132.56,15.38,65.7,25.76,81.55,103.0,71.96,25.47,656.99,177.01,117.81,30.51,93.93,60.81,40.39,99.79,143.2,45.57,98.54,62.605,33.08,72.42,32.64,118.83,42.84,51.26,64.98,75.88
2015-10-05,110.78,93.46,134.02,15.69,69.18,26.85,84.03,103.85,73.08,26.82,671.68,180.7,119.2,31.21,94.76,62.02,41.01,101.17,146.32,46.63,100.72,62.135,33.48,73.22,33.43,119.65,44.0,52.41,65.87,76.81
2015-10-06,111.31,93.37,134.63,15.69,70.82,27.23,86.99,103.77,73.09,27.29,671.64,180.32,118.68,31.74,93.42,62.05,40.96,101.9,145.79,46.75,99.85,61.595,32.79,73.4,33.31,116.05,44.06,52.03,65.68,77.89
2015-10-07,110.78,94.24,137.02,15.75,70.38,27.54,88.12,103.39,72.67,27.77,670.0,182.23,119.65,32.315,94.98,62.13,41.52,101.77,147.54,46.8,99.93,61.05,33.29,73.72,33.12,116.43,43.85,52.19,66.36,79.2
2015-10-08,109.5,95.57,139.04,15.75,71.84,27.91,89.91,104.61,73.0,28.03,667.0,181.07,121.06,32.52,95.08,62.13,41.98,102.95,149.48,47.45,100.85,62.455,33.09,74.4,33.4,116.08,44.23,52.54,66.88,80.03
2015-10-09,112.12,94.94,139.7,15.58,71.3,27.91,89.57,105.56,72.26,28.07,671.24,179.19,121.33,32.14,95.37,61.93,42.02,102.76,149.9,47.11,101.05,62.47,33.24,74.48,33.14,119.27,44.16,52.14,66.69,79.26
2015-10-12,111.6,94.8,140.68,15.52,70.5,27.96,88.74,106.35,72.82,28.09,676.43,180.23,121.9,32.21,95.99,61.72,42.0,103.24,150.06,47.0,101.45,63.215,33.22,74.33,33.3,122.51,44.3,52.18,66.93,79.3
2015-10-13,111.79,93.7,140.29,15.52,70.17,27.85,88.38,106.59,72.53,27.87,683.17,180.97,121.61,32.04,95.45,61.55,41.65,103.38,149.11,46.89,101.24,62.905,32.98,74.11,33.22,123.99,44.36,51.86,66.73,79.16
2015-10-14,110.21,93.06,134.22,15.64,70.71,27.82,89.76,105.73,72.34,27.6,680.41,179.51,120.27,32.8,94.53,59.99,41.68,102.82,148.32,46.68,100.93,62.92,33.04,74.21,33.27,122.07,43.99,51.5,60.03,80.16
2015-10-15,111.86,94.65,137.39,16.19,70.83,28.15,90.72,107.89,73.48,28.03,693.02,184.96,121.81,32.75,97.15,61.89,41.92,103.66,149.19,47.01,103.2,64.395,34.08,74.27,33.49,120.17,44.67,52.69,59.33,81.48
2015-10-16,111.04,96.13,137.6,16.12,69.68,28.25,91.29,108.24,73.59,28.98,695.32,185.18,122.74,33.04,98.24,62.43,42.02,104.82,148.7,47.51,103.66,65.235,34.41,74.9,33.83,119.98,44.7,52.88,58.89,82.48
2015-10-19,111.73,96.79,138.42,16.14,69.27,28.25,90.03,109.47,73.58,28.99,699.95,185.74,123.1,33.59,97.94,62.22,41.99,104.49,148.0,47.62,103.77,66.605,34.5,75.16,33.63,120.73,44.7,52.56,58.85,80.99
2015-10-20,113.77,96.91,138.88,16.2,70.27,28.5,89.99,109.84,73.7,28.78,680.0,185.51,122.85,33.44,97.59,62.52,42.29,103.84,149.11,47.77,103.94,66.185,34.0,74.43,33.75,120.42,45.24,53.08,58.75,80.83
2015-10-21,113.76,96.06,141.19,15.9,69.67,28.28,89.33,110.09,73.86,28.85,671.8,179.7,123.3,33.37,97.63,62.06,42.19,102.54,149.82,47.2,104.2,66.235,33.46,73.59,33.6,118.11,44.86,53.12,58.64,80.21
2015-10-22,115.5,99.47,146.31,16.16,70.88,29.01,91.62,113.25,75.06,29.58,681.14,183.56,124.36,34.4,99.53,63.19,43.24,110.87,156.0,48.03,105.71,66.205,33.33,74.85,33.96,113.81,45.89,54.06,58.9,82.89
2015-10-23,119.08,99.17,146.7,16.52,71.75,29.35,91.24,113.09,73.74,29.51,719.33,185.5,124.61,34.9,100.31,63.87,42.79,112.59,155.79,52.87,104.56,65.265,34.05,77.03,33.74,115.92,46.16,54.75,58.3,82.98
2015-10-26,115.28,99.53,146.7,16.51,71.52,28.95,88.77,113.52,72.25,29.55,731.12,187.01,125.01,34.59,99.94,63.9,42.59,112.18,156.54,54.25,103.85,65.69,34.16,77.49,33.66,116.53,46.36,54.29,58.02,81.22
2015-10-27,114.55,99.27,148.46,16.4,70.39,29.05,87.7,113.77,72.41,29.46,732.82,186.31,124.47,34.47,100.19,63.64,42.61,111.64,156.73,53.69,104.1,65.41,34.99,77.29,33.21,119.37,46.17,54.12,57.48,81.09
2015-10-28,119.27,100.87,147.88,17.28,71.97,29.36,89.79,114.34,71.55,29.39,736.92,191.32,123.82,34.71,100.48,65.5,42.73,112.94,158.08,53.98,102.95,65.645,35.45,76.51,33.42,119.78,46.48,55.45,57.64,82.28
2015-10-29,120.53,101.96,147.18,17.09,71.97,29.14,89.89,115.04,71.57,29.34,744.85,189.89,123.63,34.03,101.37,65.21,42.79,112.62,157.61,53.36,101.78,65.56,34.77,77.02,33.55,119.71,46.4,55.09,57.96,82.23
2015-10-30,119.5,102.23,148.07,16.78,72.99,28.85,90.88,113.74,71.47,28.92,737.39,187.5,123.64,33.86,101.03,64.25,42.35,112.25,157.21,52.64,102.66,65.515,33.82,76.38,33.51,117.78,46.88,54.14,57.24,82.74
2015-11-02,121.18,104.06,148.4,17.06,74.34,28.77,94.96,115.04,72.18,29.4,747.74,189.68,124.41,34.11,102.17,65.54,42.24,112.11,159.92,53.24,102.23,65.595,35.06,76.6,33.61,118.69,46.78,54.85,57.61,85.28
2015-11-03,122.57,103.28,148.09,17.18,74.75,28.61,98.14,115.54,72.24,29.59,748.82,190.69,125.66,34.31,101.96,65.78,42.16,112.08,158.75,54.15,102.31,65.7,34.97,77.05,33.63,117.66,46.45,54.93,58.11,86.85
2015-11-04,122.0,102.23,148.19,17.01,74.55,28.47,96.77,113.25,71.93,29.54,755.31,191.65,125.38,34.15,101.94,65.85,41.97,112.4,158.91,54.4,103.22,65.18,34.14,77.06,33.48,114.64,46.14,54.58,58.37,85.98
2015-11-05,120.92,100.87,147.97,17.31,74.22,28.43,94.55,113.0,71.45,29.64,760.67,192.02,125.72,34.0,102.33,66.44,42.33,112.85,158.99,54.38,102.1,65.93,34.15,76.39,33.34,116.23,46.2,54.86,58.61,84.81
2015-11-06,121.06,98.03,147.94,17.95,73.84,28.45,94.03,115.67,67.76,29.92,761.6,199.17,125.98,33.84,101.92,68.46,41.96,113.31,159.26,54.92,98.84,65.89,33.93,75.57,33.16,114.81,45.78,55.85,58.78,84.47
2015-11-09,120.57,97.11,145.98,17.68,71.89,28.18,92.32,116.42,67.97,29.75,754.77,196.76,124.5,33.35,100.84,67.39,41.54,112.93,157.47,54.16,98.91,65.24,33.65,75.4,32.84,114.26,45.3,55.47,58.49,81.95
2015-11-10,116.77,97.13,145.15,17.85,72.43,27.98,93.23,117.42,67.37,30.12,758.26,197.81,125.26,33.21,101.45,67.68,41.77,113.22,157.59,53.51,99.0,65.0,33.79,75.77,32.79,115.89,45.1,55.91,58.68,82.35
2015-11-11,116.11,97.62,144.99,17.75,71.91,27.82,92.19,116.52,68.23,30.67,765.25,197.39,124.71,32.86,101.86,67.35,42.04,113.85,159.05,53.65,99.72,63.71,33.74,75.96,32.92,114.54,45.32,55.8,57.58,81.62
2015-11-12,115.72,97.35,142.54,17.37,68.66,27.83,89.86,116.21,67.29,30.16,756.53,192.77,123.81,32.4,100.27,66.0,41.58,112.11,156.3,53.32,100.73,62.99,33.39,74.66,32.69,112.82,44.83,55.17,56.95,79.41
2015-11-13,112.34,96.38,142.59,17.2,69.63,26.21,88.68,114.84,66.89,30.28,740.07,190.39,120.0,32.11,99.88,65.56,41.38,109.97,155.65,52.84,100.43,60.93,33.27,73.96,32.31,111.41,44.23,54.57,56.42,78.1
2015-11-16,114.175,98.05,144.42,17.43,70.39,26.79,91.45,115.92,67.73,30.36,750.42,192.16,120.84,32.1,101.22,66.51,41.96,111.06,158.21,53.765,102.12,61.73,33.16,75.3,33.04,113.82,45.04,55.27,57.87,80.9
2015-11-17,113.69,98.35,146.08,17.42,69.39,26.81,91.03,116.13,65.83,30.32,745.98,190.57,126.18,32.64,101.5,66.13,41.67,110.94,157.03,52.97,100.75,61.29,32.87,75.07,33.26,114.39,45.08,54.96,59.92,79.96
2015-11-18,117.29,99.66,148.28,17.84,70.32,27.12,92.21,118.14,67.2,30.52,760.01,193.66,126.54,33.16,102.67,67.45,42.28,112.53,157.39,53.85,99.7,62.89,33.31,75.9,33.54,117.25,45.38,55.67,60.93,80.74
2015-11-19,118.78,99.63,149.24,17.69,70.02,27.37,90.83,118.71,68.49,30.27,759.94,193.03,126.86,34.3,102.49,67.66,43.11,113.3,158.38,53.94,100.99,62.89,32.29,76.22,33.62,110.63,45.76,55.97,60.7,80.3
2015-11-20,119.3,100.49,149.4,17.65,71.14,27.57,89.01,120.07,69.1,30.66,777.0,191.47,130.21,34.66,102.48,67.54,42.43,113.91,158.95,54.19,101.02,66.325,32.18,75.82,33.66,112.97,45.39,55.82,60.07,79.79
2015-11-23,117.75,99.94,148.34,17.47,71.02,27.43,90.01,119.42,68.01,30.59,776.7,189.19,132.5,34.48,102.77,66.88,42.96,114.47,158.65,54.19,100.49,66.23,31.33,75.97,33.46,112.16,44.99,55.6,60.26,80.28
2015-11-24,118.88,99.26,148.65,17.47,71.4,27.27,91.35,117.95,68.08,30.66,769.63,188.67,133.6,34.36,102.04,66.78,43.36,114.28,157.75,54.25,99.41,66.255,31.97,76.45,33.39,113.19,45.19,55.28,59.92,81.88
2015-11-25,118.03,99.09,147.43,17.44,71.49,27.24,90.87,118.67,67.72,30.36,769.26,189.15,134.65,34.45,101.96,66.86,43.36,114.4,157.63,53.69,98.88,67.065,32.87,75.9,33.45,114.41,44.92,55.22,60.24,81.25
2015-11-27,117.81,99.68,146.95,17.48,71.22,27.32,90.37,115.13,67.51,30.36,771.97,190.47,134.74,34.46,102.37,67.17,43.15,114.23,157.99,53.93,99.37,67.165,32.79,75.7,33.57,114.34,45.23,55.39,59.89,81.23
2015-11-30,118.3,99.38,145.45,17.43,72.65,27.25,91.32,113.47,67.76,29.94,762.85,190.02,133.88,34.77,101.24,66.68,42.62,114.16,156.58,54.35,99.86,66.14,32.77,74.84,33.67,112.71,45.45,55.1,58.84,81.66
2015-12-01,117.34,101.17,147.74,17.81,71.56,27.57,92.48,115.39,68.06,30.17,783.79,193.07,134.43,35.09,102.36,67.61,42.89,114.45,156.9,55.22,100.57,66.655,33.62,75.94,33.77,116.26,45.58,55.71,58.99,81.89
2015-12-02,116.28,99.46,146.96,17.62,71.03,27.44,90.25,114.0,66.13,29.97,777.85,190.26,133.81,34.83,102.05,66.66,42.77,113.72,155.7,55.21,97.99,66.325,32.9,75.79,33.56,117.64,44.92,55.08,58.35,79.55
2015-12-03,115.2,97.89,145.56,17.3,69.64,26.95,88.85,111.89,66.23,30.03,768.2,185.2,130.93,34.04,100.79,65.8,42.46,113.39,154.38,54.2,96.42,64.56,32.39,75.74,33.1,115.0,44.56,54.2,59.04,78.41
2015-12-04,119.03,97.55,148.5,17.8,69.98,27.48,89.71,114.24,67.04,30.49,779.21,189.99,134.53,34.935,102.95,67.89,43.29,116.2,158.22,55.91,98.14,66.165,32.8,77.83,34.11,117.74,45.71,55.67,59.66,78.86
2015-12-07,118.28,97.69,148.45,17.54,68.36,27.49,87.28,113.83,68.5,30.37,772.99,185.49,133.93,34.985,103.32,67.0,43.2,116.42,157.75,55.81,98.57,65.8,32.66,78.37,34.27,115.91,46.06,55.42,60.5,76.8
2015-12-08,118.23,96.88,144.99,17.19,66.54,27.15,86.44,112.48,68.44,30.19,775.14,182.92,133.84,34.75,102.42,65.96,43.01,116.53,156.79,55.79,99.34,65.85,32.53,77.75,33.85,115.88,45.7,54.4,59.61,74.63
2015-12-09,115.62,95.54,144.24,17.1,65.91,26.73,87.6,111.47,68.61,30.47,762.55,180.71,131.9,34.81,102.15,65.46,42.66,116.58,156.05,54.98,98.76,64.42,32.29,77.7,33.57,115.05,45.36,54.12,59.13,75.63
2015-12-10,116.17,95.07,146.41,17.2,66.38,26.77,89.3,110.76,67.43,30.65,760.04,182.11,132.54,34.77,102.64,65.61,42.76,117.2,157.52,55.27,97.6,64.32,32.36,77.79,33.67,116.21,45.32,54.34,59.56,75.69
2015-12-11,113.18,93.68,144.62,16.73,65.43,26.16,86.44,108.04,67.84,30.26,750.42,176.56,130.44,34.27,101.68,64.07,42.27,116.08,154.83,54.06,97.41,63.145,32.06,77.78,33.17,115.98,44.82,53.31,59.36,74.34
2015-12-14,112.48,94.04,143.0,16.8,66.12,26.49,89.33,109.35,68.45,30.26,762.54,176.4,132.01,34.47,102.15,64.27,42.45,116.26,157.63,55.14,97.98,63.93,32.18,78.29,33.6,115.85,45.45,53.2,60.39,76.03
2015-12-15,110.49,95.61,146.53,17.42,66.75,26.85,92.76,112.16,68.84,30.32,760.09,182.01,131.29,35.18,104.13,66.1,43.07,116.93,148.13,55.2,98.72,64.305,32.26,79.68,33.81,117.61,45.55,54.91,59.64,79.43
2015-12-16,111.34,97.5,148.11,17.75,67.72,27.235,93.44,113.79,70.03,30.98,776.59,186.21,132.9,35.3,105.25,67.53,43.84,117.84,149.95,56.13,103.65,65.465,32.58,80.99,34.4,118.83,46.51,55.85,60.3,79.15
2015-12-17,108.98,96.09,145.56,17.3,64.9,26.72,90.54,112.01,70.5,30.55,769.83,182.61,131.35,34.91,103.64,66.28,43.49,117.5,148.85,55.7,103.41,65.11,32.33,80.29,34.03,119.22,46.1,55.47,58.98,77.96
2015-12-18,106.03,94.6,139.58,16.76,65.11,26.27,89.81,107.72,69.6,30.28,756.85,175.49,130.29,33.865,101.95,64.4,42.5,116.66,146.92,54.13,102.11,64.26,31.99,78.13,33.6,115.82,45.56,53.79,58.85,77.28
2015-12-21,107.33,95.56,140.9,16.97,65.24,26.635,89.24,106.59,69.81,30.4,760.8,177.75,131.31,34.24,101.58,65.54,42.78,117.69,147.48,54.83,102.3,64.9,32.46,78.95,34.09,117.41,45.9,54.02,59.55,77.26
2015-12-22,107.23,96.42,142.38,17.08,68.41,26.89,90.27,106.74,70.95,30.49,767.13,180.05,131.88,34.73,102.71,65.68,43.29,117.72,148.97,55.35,102.91,65.925,32.52,79.6,34.41,117.44,46.34,54.34,60.54,77.65
2015-12-23,108.61,98.5,144.06,17.34,69.89,27.4,93.81,105.56,72.0,30.95,768.51,182.95,133.11,35.0,103.49,66.73,43.67,118.8,151.16,55.82,103.98,64.355,32.56,79.92,34.78,118.69,46.95,55.04,61.09,80.19
2015-12-24,108.03,98.14,143.53,17.27,69.38,27.38,92.05,105.86,72.04,30.83,765.84,182.47,132.9,34.98,103.72,66.6,43.54,118.57,151.19,55.67,103.93,63.18,32.62,79.79,34.66,118.34,46.71,54.82,60.83,79.33
2015-12-28,106.82,98.37,144.54,17.13,68.58,27.31,90.36,107.25,71.92,30.9,782.24,181.62,132.68,34.93,103.22,66.38,43.49,118.75,151.22,55.95,103.99,63.81,32.42,79.92,34.76,118.33,46.75,54.68,60.75,78.74
2015-12-29,108.74,99.41,147.35,17.28,69.19,27.77,91.25,107.08,72.37,31.28,793.96,183.53,133.7,35.44,104.03,67.07,43.71,120.07,152.89,56.55,104.65,64.26,32.83,80.36,34.93,119.82,47.21,55.29,61.61,79.16
2015-12-30,107.32,98.1,146.41,17.05,68.69,27.53,90.09,106.34,72.19,31.05,790.3,182.01,133.35,34.99,103.78,66.59,43.57,119.43,151.91,56.31,104.91,63.25,32.75,80.07,34.74,118.92,46.77,54.89,61.68,78.11
2015-12-31,105.26,96.95,144.59,16.83,67.96,27.155,89.96,105.08,71.39,31.15,778.01,180.23,132.25,34.45,102.72,66.03,42.96,118.14,150.64,55.48,103.89,62.5,32.28,79.41,34.41,117.64,46.22,54.36,61.3,77.95
2016-01-04,105.35,96.7,140.5,16.43,67.99,26.41,88.85,102.98,71.19,30.71,759.44,177.14,131.07,33.99,100.48,63.62,42.4,117.58,146.82,54.8,103.57,61.52,31.95,78.37,34.35,116.46,45.87,52.91,61.46,77.46
2016-01-05,102.71,98.61,141.07,16.43,67.28,26.29,89.61,100.9,71.7,30.74,761.53,174.09,130.43,33.83,100.9,63.73,42.55,119.2,147.46,55.05,104.58,62.38,32.18,78.62,34.59,116.68,46.5,52.89,62.92,78.12
2016-01-06,100.7,98.26,138.83,16.08,66.22,26.01,86.07,100.36,71.86,30.25,759.33,169.84,129.08,33.08,100.39,62.81,42.32,118.4,144.49,54.05,104.24,61.49,31.61,77.86,34.06,115.49,45.52,51.88,63.55,77.47
2016-01-07,96.45,95.81,133.01,15.5,63.94,25.41,83.02,99.5,71.2,28.97,741.0,164.62,125.4,31.84,99.22,60.27,41.62,115.66,140.97,52.17,104.7,59.85,31.4,77.18,33.51,112.09,45.27,50.4,65.03,76.23
2016-01-08,96.96,94.23,129.99,15.2,63.29,24.78,82.13,99.25,71.04,28.45,730.91,163.94,123.9,31.51,98.16,58.92,41.51,115.48,140.49,52.33,105.17,58.87,31.0,75.97,33.54,110.16,44.83,49.56,63.54,74.69
2016-01-11,98.53,94.48,130.21,15.31,61.47,25.27,80.77,99.92,71.83,28.58,733.07,165.73,125.78,32.06,97.57,58.83,41.58,116.69,140.46,52.3,105.58,59.55,31.07,76.67,33.95,109.58,45.09,50.09,64.22,73.69
2016-01-12,99.96,94.48,131.92,15.31,61.6,25.35,82.15,101.46,71.27,28.64,745.34,165.71,127.49,32.68,98.24,58.96,42.12,117.44,140.86,52.78,105.38,59.94,31.0,76.51,33.9,112.26,44.93,51.36,63.62,75.2
2016-01-13,97.39,92.15,128.12,14.9,60.89,24.6,81.33,98.48,71.7,28.24,719.57,158.99,121.4,31.91,97.02,57.34,41.85,115.12,138.72,51.64,104.62,58.78,30.37,75.85,33.74,109.23,44.15,49.73,61.92,75.65
2016-01-14,99.52,92.21,129.2,14.99,62.27,24.66,85.47,99.11,72.37,29.06,731.39,161.39,119.62,32.74,98.89,58.2,41.88,116.62,141.18,53.11,105.69,58.51,31.11,76.15,34.3,110.76,44.87,50.64,63.06,79.12
2016-01-15,97.13,88.39,125.63,14.46,59.87,23.62,83.67,93.9,72.08,28.49,710.49,155.61,119.23,29.76,97.0,57.04,41.5,115.18,138.69,50.99,105.26,57.56,30.81,74.98,33.99,109.27,44.43,48.82,61.93,77.58
2016-01-19,96.66,90.91,126.06,14.24,59.03,23.85,81.51,93.97,73.16,28.49,719.08,156.82,119.76,29.8,97.5,57.01,41.92,117.5,138.39,50.56,107.81,58.32,30.69,76.73,34.51,112.58,44.87,48.21,62.56,76.4
2016-01-20,96.79,89.0,122.14,13.69,58.81,22.9,78.98,92.54,71.42,28.0,718.56,153.75,116.46,29.59,95.75,55.51,41.38,115.78,136.96,50.79,105.31,59.04,30.66,75.83,33.9,114.79,44.42,47.87,60.84,73.18
2016-01-21,96.3,90.02,123.4,13.36,59.69,22.9,81.05,94.02,71.09,28.59,726.67,151.65,120.22,29.66,95.94,55.25,41.39,117.84,137.76,50.48,105.04,60.56,30.58,76.72,34.54,113.5,45.87,48.01,61.88,74.1
2016-01-22,101.42,93.25,124.61,13.56,60.98,23.37,83.54,96.9,72.18,28.24,745.46,156.86,122.76,29.925,96.75,56.95,42.06,118.4,139.52,52.29,106.6,60.88,30.71,77.36,35.14,114.33,47.04,49.02,62.69,76.57
2016-01-25,99.44,91.12,124.01,12.96,57.91,23.17,80.89,95.29,71.8,28.04,733.62,151.12,121.71,29.6,96.4,55.66,42.16,119.2,137.57,51.79,106.42,60.7,30.5,76.85,35.0,113.38,47.03,47.66,63.45,73.98
2016-01-26,99.99,92.47,128.01,13.31,59.16,23.72,84.12,96.27,72.22,28.31,733.79,154.45,122.2,29.94,101.18,57.08,42.08,120.43,144.78,52.17,106.56,61.11,30.67,78.81,35.4,113.96,48.25,48.26,64.0,76.7
2016-01-27,93.42,92.51,116.58,13.36,58.32,23.43,83.29,94.32,72.41,28.0,717.58,153.72,121.57,29.81,102.16,57.04,42.09,120.87,145.55,51.22,106.73,59.58,30.52,78.8,35.48,112.33,49.03,48.57,63.95,75.29
2016-01-28,94.09,92.51,118.01,13.53,61.08,23.105,85.92,93.53,73.47,28.21,748.3,157.06,122.28,29.97,102.27,57.28,42.57,122.38,147.32,52.055,108.3,61.2,30.2,79.82,35.53,111.38,49.01,48.92,64.22,76.99
2016-01-29,97.34,94.34,120.13,14.14,62.24,23.79,86.47,95.82,75.3,29.1,761.35,161.56,125.76,31.02,104.44,59.5,42.92,123.78,151.0,55.09,111.71,62.01,30.49,81.69,36.06,115.16,49.97,50.23,66.36,77.85
2016-02-01,96.43,93.1,121.56,13.96,62.7,23.48,85.29,95.15,77.0,28.64,770.77,159.65,126.51,30.82,104.37,58.86,43.0,124.61,148.73,54.71,112.98,63.16,30.17,81.12,36.18,115.89,50.76,49.94,67.5,76.29
2016-02-02,94.48,91.35,117.52,13.23,60.67,22.83,81.24,93.12,76.75,28.24,780.91,151.7,125.27,29.8,103.41,57.03,42.44,123.95,147.87,53.0,113.91,62.55,30.14,80.22,36.06,113.88,49.91,48.83,66.86,74.59
2016-02-03,96.35,90.49,121.87,13.03,63.27,23.1,84.62,95.14,78.56,28.67,749.38,152.68,123.79,29.34,104.14,57.41,42.72,121.47,152.52,52.16,114.75,62.49,29.67,81.1,36.72,112.75,50.62,47.6,66.27,78.48
2016-02-04,96.6,91.09,123.61,13.25,65.96,23.54,84.79,95.43,78.58,29.18,730.03,156.49,121.11,29.77,103.9,58.4,42.53,120.66,153.44,52.0,113.52,60.17,29.0,80.7,36.53,114.2,50.43,48.25,66.42,79.83
2016-02-05,94.02,88.84,122.56,12.95,66.12,22.89,82.88,93.9,79.04,28.54,703.76,156.47,116.43,29.04,100.54,57.75,42.44,115.4,153.47,50.16,113.61,57.17,29.03,81.2,36.88,111.72,50.97,47.86,67.0,80.08
2016-02-08,95.01,85.41,119.47,12.27,64.58,22.93,85.99,92.12,79.17,28.17,704.16,149.25,111.85,28.82,102.0,56.54,42.65,116.05,153.9,49.41,114.17,55.04,28.56,82.62,37.11,110.02,50.74,46.5,66.9,81.16
2016-02-09,94.99,85.57,118.88,12.2,63.93,22.65,82.92,92.32,78.93,28.28,701.02,148.25,113.86,28.81,101.97,56.2,43.3,117.01,154.74,49.28,115.35,55.68,29.1,82.64,36.65,111.16,50.15,46.45,65.81,80.08
2016-02-10,94.27,85.84,116.36,11.98,62.14,22.51,83.04,88.85,78.12,28.3,706.85,147.23,114.33,28.23,101.73,55.52,42.55,117.54,152.45,49.71,113.74,57.41,29.49,81.62,36.43,112.74,49.98,46.17,65.79,79.35
2016-02-11,93.7,83.66,108.44,11.16,61.41,24.68,82.99,90.31,76.8,27.45,706.36,140.69,113.27,28.22,101.7,53.07,42.41,116.73,150.67,49.69,111.9,56.0,29.13,79.9,36.21,110.62,49.39,45.16,65.32,79.6
2016-02-12,93.99,85.67,108.63,11.95,63.15,25.11,85.43,91.15,76.24,28.26,706.89,146.13,116.32,28.64,101.82,57.49,43.11,117.93,153.96,50.5,111.67,56.42,29.36,80.99,36.47,111.82,50.11,47.31,66.18,81.03
2016-02-16,96.64,86.45,112.6,12.25,65.21,25.84,84.81,92.91,76.29,28.86,717.64,149.02,119.43,28.78,102.32,58.35,43.36,119.18,155.53,51.09,112.35,57.79,29.81,81.47,36.65,115.15,50.24,48.24,65.9,81.22
2016-02-17,98.12,86.19,116.34,12.56,67.26,26.46,88.31,95.5,75.5,29.34,731.97,150.94,121.21,29.47,102.5,58.77,43.49,118.64,156.62,52.42,111.43,58.17,29.63,82.45,36.64,118.3,50.32,48.13,66.11,82.0
2016-02-18,96.26,87.5,117.57,12.24,66.12,26.43,86.73,95.17,76.21,29.08,717.51,147.73,119.97,29.42,104.24,57.81,43.61,117.17,156.78,52.19,114.33,58.6,29.55,81.98,36.99,117.45,50.94,47.73,64.12,82.45
2016-02-19,96.04,87.32,115.16,12.13,65.42,26.55,86.5,95.01,74.55,29.02,722.11,146.91,121.69,28.71,104.16,57.82,43.77,116.53,156.45,51.82,114.75,59.31,29.49,81.79,36.57,117.68,50.86,48.09,64.66,82.5
2016-02-22,96.88,89.24,117.39,12.54,67.31,26.63,88.82,96.37,74.84,29.41,729.05,148.79,122.85,29.35,104.75,58.57,43.94,117.67,157.7,52.65,115.7,60.17,30.05,82.13,36.86,121.27,51.07,49.19,65.63,82.39
2016-02-23,94.69,88.02,116.9,12.16,65.78,26.12,84.91,95.38,74.81,29.22,717.29,144.91,124.53,28.8,104.08,56.12,43.69,116.9,156.17,51.18,116.12,60.21,29.96,81.81,36.74,121.15,50.63,48.1,66.48,81.23
2016-02-24,96.1,89.03,115.59,12.13,65.88,26.32,85.27,95.43,74.95,28.96,720.9,145.56,125.61,29.19,104.96,56.14,43.91,117.06,157.22,51.36,116.0,60.4,30.02,81.56,37.1,120.2,50.82,47.61,67.12,81.52
2016-02-25,96.76,89.42,116.82,12.32,66.47,26.6,85.3,95.65,76.44,29.23,729.12,148.25,126.86,29.62,106.38,57.01,44.16,118.37,158.99,52.1,115.84,62.38,30.59,82.34,37.37,121.2,51.11,47.75,68.04,82.01
2016-02-26,96.91,90.01,118.16,12.7,66.87,26.41,84.35,95.31,74.03,29.4,724.86,150.25,126.26,29.8,105.78,57.54,43.14,117.06,158.27,51.3,112.52,62.6,30.23,81.1,37.13,121.33,51.02,48.07,66.51,81.75
2016-02-29,96.69,92.2,118.18,12.52,67.7,26.18,83.44,95.52,74.28,29.14,717.22,149.53,124.12,29.59,105.21,56.3,43.13,117.19,156.87,50.88,112.82,61.59,29.67,80.29,36.95,119.1,50.73,46.92,66.34,80.15
2016-03-01,100.53,94.7,119.96,13.19,69.09,26.83,86.13,97.65,73.35,29.88,742.17,154.65,125.7,30.37,107.22,59.2,43.69,118.85,159.59,52.58,112.6,62.92,30.04,81.23,37.39,121.67,51.46,48.72,66.46,81.28
2016-03-02,100.75,94.62,119.65,13.41,69.38,26.9,87.14,97.0,73.63,30.18,739.48,154.2,125.59,30.54,107.04,59.76,43.77,118.48,159.41,52.95,112.36,62.22,29.98,82.55,37.69,121.27,52.12,49.57,66.21,82.7
2016-03-03,101.5,95.3,119.61,13.5,71.75,26.87,87.53,98.82,74.33,30.22,731.59,155.33,126.8,30.58,106.65,59.96,43.96,116.69,159.38,52.35,111.62,61.47,29.89,82.84,37.99,121.82,51.89,49.77,66.14,82.4
2016-03-04,103.01,95.94,121.07,13.54,72.84,26.8,87.93,98.48,75.17,30.46,730.22,156.84,125.56,30.63,106.5,60.05,44.11,117.18,160.07,52.03,114.29,61.26,29.71,83.49,37.93,121.8,51.81,50.11,66.78,82.29
2016-03-07,101.87,95.6,122.9,13.53,74.77,27.14,90.67,99.39,76.25,30.29,712.8,155.35,126.17,30.94,106.74,59.94,44.01,117.15,160.57,51.03,114.45,59.25,29.79,83.1,38.13,121.76,52.21,50.07,67.89,84.46
2016-03-08,101.03,94.6,122.35,13.06,71.73,27.05,88.74,97.82,77.27,30.06,713.53,151.6,126.72,30.56,106.22,58.78,44.32,118.42,160.2,51.65,115.45,59.81,29.36,83.06,38.09,121.66,52.46,49.05,68.04,82.63
2016-03-09,101.12,94.6,122.86,13.14,71.87,27.61,92.82,97.66,77.51,30.05,725.41,149.91,126.03,30.865,106.84,59.12,44.81,119.64,160.09,52.84,116.26,58.33,29.74,82.96,37.98,121.1,52.34,48.79,67.53,82.4
2016-03-10,101.17,94.71,122.94,13.27,71.36,27.38,93.94,97.04,77.26,29.94,732.17,151.02,125.89,31.25,107.14,58.61,45.23,119.98,159.89,52.05,115.69,58.88,29.59,82.28,38.31,122.09,52.32,48.51,67.41,82.18
2016-03-11,102.26,98.46,124.63,13.79,72.8,27.86,94.58,97.94,77.76,30.34,744.87,153.94,128.46,31.76,107.71,59.34,45.2,121.55,161.88,53.07,115.82,60.08,30.5,81.75,38.36,125.1,52.53,50.07,67.17,82.19
2016-03-14,102.52,98.06,126.34,13.64,72.73,27.7,94.26,98.81,77.72,30.27,750.24,153.49,128.84,31.43,107.66,59.12,45.29,122.9,161.81,53.17,115.84,60.81,30.1,81.17,38.32,125.22,52.54,49.88,67.36,82.41
2016-03-15,104.58,98.41,126.36,13.57,72.44,27.66,94.27,98.24,78.05,30.28,750.57,152.03,129.71,31.65,107.76,59.2,45.24,123.43,162.41,53.59,115.6,61.4,29.54,81.31,38.52,124.85,52.67,49.98,68.09,82.82
2016-03-16,105.97,99.81,127.57,13.31,74.34,27.88,95.4,98.44,78.95,30.17,757.36,150.54,130.45,31.69,107.41,58.92,45.05,123.52,162.89,54.35,117.12,61.86,29.04,81.34,38.77,124.9,53.21,49.54,67.99,82.87
2016-03-17,105.8,101.75,130.7,13.4,75.9,28.19,96.89,99.6,79.99,30.96,758.48,152.91,130.88,31.98,106.74,58.75,45.77,123.16,163.75,54.66,118.33,63.18,29.34,82.75,39.12,124.53,53.63,49.73,67.45,84.1
2016-03-18,105.92,100.51,133.96,13.79,75.47,28.33,97.69,99.2,79.67,30.92,755.41,157.6,131.35,32.68,107.5,60.48,45.6,124.08,165.33,53.49,118.5,62.99,29.45,83.15,38.56,126.72,53.24,50.54,66.95,84.2
2016-03-21,105.91,100.34,135.86,13.84,75.89,28.19,96.44,98.46,79.52,31.09,762.16,156.29,131.01,32.34,107.28,60.46,45.67,123.81,164.84,53.86,117.57,64.72,30.07,83.32,38.92,126.74,53.44,50.67,67.97,83.62
2016-03-22,106.72,99.93,135.12,13.76,75.55,28.28,95.5,97.58,78.88,31.06,760.05,154.2,130.59,32.32,107.38,60.24,45.5,123.82,164.91,54.07,117.04,64.9,30.38,82.74,38.63,128.02,53.21,50.37,67.87,84.12
2016-03-23,106.13,99.58,132.86,13.62,73.68,27.83,93.59,96.83,79.81,31.07,757.56,154.08,130.22,32.0,108.5,59.94,45.46,124.19,164.27,53.97,117.69,62.44,30.19,82.82,38.54,129.79,52.91,49.76,67.46,83.75
2016-03-24,105.67,100.35,132.12,13.68,75.29,27.96,94.85,97.22,79.75,31.11,754.84,153.0,130.46,31.88,108.31,59.48,45.58,123.29,164.46,54.21,118.48,61.65,30.08,82.89,38.88,128.59,53.56,48.9,68.0,83.98
2016-03-28,105.19,100.24,131.29,13.62,75.32,27.9,94.68,98.09,79.48,31.49,753.28,153.84,131.08,31.9,108.23,59.4,45.8,123.17,166.28,53.54,117.58,61.34,29.78,82.62,39.07,128.92,53.4,48.7,68.12,84.22
2016-03-29,107.68,101.92,130.88,13.42,76.01,28.1,95.32,98.16,80.44,31.48,765.89,155.03,132.47,32.38,109.14,59.03,46.48,123.97,164.39,54.71,119.01,61.49,30.05,82.8,39.45,129.83,54.05,48.05,68.03,84.53
2016-03-30,109.56,102.31,128.58,13.48,76.51,28.46,95.25,98.91,80.35,31.83,768.34,156.5,133.42,32.71,108.98,59.71,46.58,125.83,166.75,55.05,118.5,62.04,30.07,82.68,39.37,129.68,54.04,48.65,68.8,84.52
2016-03-31,108.99,102.37,126.94,13.52,76.54,28.47,95.4,99.31,80.68,31.79,762.9,156.98,133.43,32.35,108.2,59.22,46.39,125.68,166.63,55.23,118.34,61.47,29.64,82.31,39.17,128.9,54.08,48.36,68.49,83.59
2016-04-01,109.99,104.5,126.96,13.56,76.79,28.69,94.26,99.07,81.13,31.93,769.67,159.82,134.85,32.45,109.19,59.88,46.83,127.02,167.53,55.57,118.71,61.59,30.04,83.53,39.05,129.92,54.01,48.45,69.06,82.96
2016-04-04,111.12,104.7,126.34,13.51,75.72,28.14,93.43,98.68,81.09,31.23,765.12,157.77,134.85,32.0,108.59,59.2,46.89,127.57,166.4,55.43,118.72,59.97,30.72,83.21,39.36,129.49,54.42,48.5,69.1,83.16
2016-04-05,109.81,104.0,127.03,13.19,75.24,27.58,92.67,97.0,79.9,30.98,758.57,155.35,134.58,31.9,108.95,58.36,46.53,127.38,165.81,54.56,116.35,59.67,31.36,83.16,39.2,127.04,54.09,47.51,68.64,82.21
2016-04-06,110.96,105.7,127.93,13.27,75.22,28.0,94.84,97.48,79.36,30.9,768.07,155.19,135.44,32.08,109.42,58.81,46.71,127.52,166.81,55.12,116.71,60.31,32.93,83.81,38.64,128.03,53.52,48.08,69.04,83.31
2016-04-07,108.54,105.01,127.0,12.85,74.17,27.6,94.79,96.16,79.29,30.63,760.12,150.41,133.87,31.55,109.27,57.32,46.36,128.14,167.16,54.46,116.19,60.3,32.76,83.24,38.59,126.87,52.0,46.93,68.22,82.37
2016-04-08,108.66,105.71,127.88,12.88,74.35,27.69,96.33,96.42,79.77,30.79,759.47,150.28,133.62,31.63,109.1,57.74,46.87,127.96,166.63,54.42,116.81,59.42,32.5,83.2,38.5,125.68,52.18,47.07,68.06,83.21
2016-04-11,109.02,106.01,127.91,12.97,74.63,27.62,95.24,96.27,79.44,30.71,757.54,152.2,133.01,31.67,108.97,58.2,46.44,127.56,166.59,54.31,116.23,57.92,31.89,82.73,38.39,126.33,51.61,47.03,67.4,83.32
2016-04-12,110.44,106.17,129.47,13.27,76.1,27.64,97.51,97.35,80.22,30.81,764.32,154.31,134.38,31.86,109.6,59.28,46.65,127.61,168.03,54.65,117.05,58.55,31.96,82.83,38.67,126.8,51.95,47.77,68.8,84.35
2016-04-13,112.04,106.23,131.14,13.79,79.13,28.23,97.6,99.48,79.63,30.98,771.91,159.85,133.84,32.13,109.87,61.79,46.04,126.89,168.59,55.35,116.48,59.58,32.54,82.46,38.25,127.76,51.29,49.03,69.15,84.83
2016-04-14,112.1,105.2,130.85,14.14,79.05,28.25,97.98,98.63,79.45,31.02,775.39,160.91,134.37,31.8,109.84,62.59,45.83,127.51,168.16,55.36,116.15,59.49,32.65,82.01,38.42,127.98,51.36,48.79,68.8,85.43
2016-04-15,109.85,105.78,131.13,14.0,79.17,27.9,97.23,98.59,80.0,31.03,780.0,158.52,135.01,31.46,110.18,61.87,46.1,127.78,168.78,55.65,117.43,59.5,32.5,82.3,38.48,127.33,51.35,48.25,69.06,84.97
2016-04-18,107.48,105.54,131.97,14.17,79.25,28.19,98.7,101.48,80.4,31.06,787.68,159.02,136.8,31.65,110.93,62.27,46.22,128.85,169.55,56.46,117.77,59.57,32.61,82.83,38.65,127.81,51.73,48.84,69.86,85.78
2016-04-19,106.91,105.5,132.68,14.45,80.39,28.33,100.5,102.64,79.79,31.15,776.25,162.65,135.44,31.6,112.68,63.32,46.6,128.86,169.65,56.39,118.1,59.56,32.89,83.28,38.92,130.5,52.08,49.88,69.77,86.21
2016-04-20,107.13,104.82,130.57,14.93,79.75,28.44,101.69,103.27,78.2,31.15,774.92,166.98,135.19,32.0,113.58,64.24,44.37,128.55,168.94,55.59,115.51,59.62,33.23,81.55,38.72,133.93,51.75,50.45,69.21,86.8
2016-04-21,105.97,102.57,130.74,14.9,78.66,28.24,101.4,102.91,76.34,30.98,780.0,165.32,134.6,31.97,113.57,63.6,43.66,125.79,168.66,55.78,112.91,60.08,33.24,80.8,37.86,132.96,50.03,50.05,68.47,86.79
2016-04-22,105.68,104.19,131.05,15.11,78.32,28.15,102.01,103.77,77.01,30.76,737.77,166.75,135.66,31.64,113.32,63.97,44.54,125.5,168.66,51.78,114.44,59.43,33.27,80.95,38.07,134.13,50.55,50.62,68.72,87.53
2016-04-25,105.08,104.18,130.75,14.96,76.79,28.23,101.51,104.57,76.76,30.68,742.21,165.09,135.65,31.39,113.51,63.6,44.71,127.46,168.38,52.11,114.47,59.21,33.21,81.41,38.21,133.78,50.76,50.51,69.47,87.33
2016-04-26,104.35,104.77,133.24,15.09,77.65,28.45,102.29,104.89,76.95,30.9,725.37,165.84,135.34,31.4,112.91,63.93,44.53,127.71,166.18,51.44,115.52,59.54,33.05,79.55,38.09,134.24,50.44,50.92,69.3,87.63
2016-04-27,97.82,104.49,137.08,15.02,78.68,28.64,103.85,105.28,78.06,30.93,721.46,166.92,135.75,31.75,112.77,64.11,44.68,128.3,167.76,50.94,116.89,59.27,33.0,79.89,38.72,132.8,51.69,50.93,69.42,88.46
2016-04-28,94.83,104.13,134.8,14.79,77.75,27.96,102.4,104.03,78.34,30.9,705.06,164.29,132.73,31.11,112.48,63.6,44.63,127.92,167.0,49.9,116.47,58.54,32.91,79.76,38.64,132.07,51.02,50.41,68.91,88.03
2016-04-29,93.74,104.88,134.8,14.56,77.72,27.49,102.18,103.26,78.78,30.75,707.88,164.11,133.89,30.28,112.08,63.2,44.8,126.49,167.38,49.87,117.58,58.94,32.71,80.12,38.82,131.68,50.94,49.98,66.87,88.4
2016-05-02,93.64,105.51,134.01,14.77,77.84,27.37,103.31,104.36,78.94,30.89,714.41,166.18,136.05,30.61,112.75,63.79,44.98,128.2,168.34,50.61,118.06,59.59,32.8,80.97,39.1,132.1,51.32,50.59,67.59,89.13
2016-05-03,95.18,104.16,132.49,14.36,76.36,26.86,101.32,103.78,78.84,30.63,708.44,163.14,134.54,30.36,112.69,62.56,44.84,128.4,167.97,49.78,118.42,59.52,33.7,81.1,38.91,132.46,50.68,50.01,67.0,88.11
2016-05-04,94.19,105.51,130.89,14.13,74.24,26.44,100.59,103.67,80.02,30.07,711.37,160.07,135.16,29.85,112.22,61.57,44.98,129.33,167.16,49.87,119.46,59.11,33.4,81.6,38.88,132.03,50.84,48.94,67.19,87.94
2016-05-05,93.24,106.31,132.08,14.05,72.79,26.21,101.42,104.93,80.18,29.89,714.71,159.53,134.67,29.9,112.88,61.24,45.06,129.28,167.77,49.94,118.85,58.19,33.57,81.3,38.74,132.31,50.84,48.96,67.21,88.04
2016-05-06,92.72,106.57,133.26,14.11,73.36,26.53,101.86,105.54,79.38,30.12,725.18,158.85,135.7,30.04,112.74,61.6,45.32,130.58,168.89,50.39,118.49,58.43,33.58,82.13,38.99,132.04,51.12,49.02,68.25,88.51
2016-05-09,92.79,106.65,132.1,13.99,70.78,26.51,100.35,105.34,80.06,29.87,729.13,157.51,136.24,29.8,113.72,61.21,45.24,130.83,168.52,50.07,118.89,58.72,33.82,82.12,38.86,132.67,51.08,48.88,68.95,88.57
2016-05-10,93.42,107.18,134.73,14.3,72.51,27.03,101.27,106.6,80.06,30.48,739.38,161.42,137.51,30.14,114.67,62.04,45.75,131.6,170.26,51.02,119.6,59.2,33.81,82.48,39.31,133.57,51.54,49.4,68.8,90.0
2016-05-11,92.51,105.73,133.0,14.2,72.43,26.7,101.14,102.29,80.49,30.34,730.55,159.42,134.3,30.06,114.37,61.81,45.46,129.14,169.77,51.05,119.69,57.01,33.16,82.15,39.18,130.69,51.15,49.08,66.41,88.81
2016-05-12,90.34,106.56,134.42,14.14,71.7,26.67,102.12,101.71,81.08,30.09,728.07,158.07,134.19,29.76,114.23,61.77,45.83,130.12,170.15,51.51,121.15,57.99,33.19,82.41,39.55,129.74,51.47,49.2,66.85,89.67
2016-05-13,90.52,105.7,132.12,13.88,70.07,26.53,100.74,100.52,80.77,29.64,724.83,155.34,133.13,29.91,113.56,61.2,45.35,128.83,168.32,51.08,120.76,57.31,33.19,81.23,39.15,129.0,50.94,48.24,64.94,88.66
2016-05-16,93.88,106.48,134.14,13.93,70.7,26.97,102.3,100.36,81.0,29.96,730.3,155.38,135.34,30.39,114.44,61.66,45.62,129.64,169.55,51.83,121.48,57.14,33.38,81.63,39.28,130.64,51.23,48.27,66.02,89.57
2016-05-17,93.49,105.36,132.56,14.01,71.05,26.65,100.75,99.94,79.51,29.71,720.19,154.65,132.0,29.98,113.83,61.66,44.75,127.69,167.82,50.51,119.78,57.1,33.03,80.62,39.11,129.56,50.9,47.62,65.1,89.53
2016-05-18,94.56,104.55,130.99,14.69,70.59,26.72,100.06,99.0,76.57,29.61,721.78,159.94,131.77,29.99,113.59,64.04,44.48,126.21,166.82,50.81,118.02,56.12,33.17,79.85,38.45,130.51,50.39,48.65,63.15,89.35
2016-05-19,94.2,103.77,128.08,14.53,69.43,27.57,99.85,98.41,76.97,29.36,715.31,154.7,131.73,29.63,112.86,63.39,44.32,125.29,165.11,50.32,118.41,57.04,33.38,80.19,38.44,130.0,49.63,48.38,69.2,90.11
2016-05-20,95.22,104.01,127.39,14.52,69.87,27.97,99.79,99.78,77.0,29.56,721.71,154.51,131.85,30.15,112.64,63.51,43.95,122.56,165.01,50.62,119.33,56.48,33.74,80.02,38.45,130.94,49.66,48.75,69.86,89.74
2016-05-23,96.43,104.16,127.58,14.47,70.4,27.94,99.38,99.18,76.15,29.49,717.25,155.45,131.42,30.23,112.16,63.46,43.97,122.81,166.11,50.03,117.99,55.99,33.67,80.2,38.32,130.42,49.14,48.7,69.5,89.6
2016-05-24,97.9,105.3,127.5,14.68,71.09,28.47,100.19,99.51,76.99,29.85,733.03,157.59,133.36,31.06,112.69,64.54,44.37,123.95,168.63,51.59,119.89,56.59,34.1,80.97,38.5,132.59,49.58,49.2,70.24,89.67
2016-05-25,99.62,106.17,128.86,14.92,72.57,28.92,101.77,99.86,76.95,30.09,738.1,161.25,133.2,31.39,113.35,65.52,44.38,123.26,169.99,52.12,119.11,55.99,34.35,81.48,38.62,133.42,49.85,50.5,70.48,90.26
2016-05-26,100.41,105.3,129.31,14.7,72.08,28.9,101.5,99.81,77.96,30.02,736.93,159.83,134.05,31.49,112.9,65.03,44.69,123.79,168.91,51.89,119.82,55.84,34.43,81.22,38.84,132.98,50.16,50.55,70.85,89.8
2016-05-27,100.35,106.06,129.22,14.88,71.96,28.92,102.02,100.29,77.98,30.12,747.6,159.53,133.95,31.57,113.06,65.43,44.78,123.25,168.89,52.32,119.84,56.19,34.61,81.43,38.99,134.0,50.62,50.85,70.75,90.01
2016-05-31,99.86,105.78,126.15,14.8,72.51,29.05,101.0,99.22,78.23,30.23,748.85,159.48,132.12,31.59,112.69,65.27,44.6,122.06,168.32,53.0,120.12,55.22,34.7,81.04,39.15,133.67,50.9,50.72,70.78,89.02
2016-06-01,98.46,105.47,126.41,14.86,72.27,28.9,101.13,98.52,79.02,30.11,748.46,159.97,131.83,31.66,112.78,65.69,44.7,121.98,168.69,52.85,120.15,54.94,34.75,81.79,38.73,134.53,50.43,51.0,70.5,89.24
2016-06-02,97.72,106.56,126.85,14.94,73.62,29.08,100.53,98.72,78.94,30.05,744.27,159.28,132.41,31.76,114.49,65.81,44.72,121.17,168.04,52.48,119.81,54.53,34.87,81.95,38.84,136.04,50.77,51.11,70.95,88.53
2016-06-03,97.92,106.97,127.38,14.42,75.04,29.13,100.66,98.75,80.08,29.94,735.86,155.67,131.74,31.62,114.76,64.64,45.04,121.35,168.38,51.79,121.8,53.45,34.69,82.47,39.21,136.84,50.92,50.19,70.87,88.37
2016-06-06,98.63,107.2,131.9,14.52,76.42,29.1,101.17,98.78,79.84,30.12,730.06,157.06,129.19,31.68,115.77,65.28,45.37,122.0,170.08,52.13,121.75,54.3,34.93,82.77,39.34,138.15,50.71,50.49,71.05,89.34
2016-06-07,99.03,107.87,131.93,14.35,76.81,29.07,103.32,98.35,79.99,30.14,731.09,155.17,129.92,31.88,115.73,65.06,45.32,121.9,170.91,52.1,121.11,53.55,34.84,82.32,39.79,136.94,51.75,50.27,71.03,90.71
2016-06-08,98.94,107.56,133.0,14.43,78.11,29.14,103.09,98.04,80.51,30.31,742.93,154.64,129.59,31.89,115.8,65.25,45.55,122.11,171.42,52.04,122.92,54.12,35.25,82.65,39.86,140.4,51.52,50.0,71.28,90.79
2016-06-09,99.65,109.07,133.1,14.19,77.16,29.14,102.81,97.84,81.26,30.24,742.52,153.17,129.3,31.94,117.0,64.75,45.76,122.79,170.13,51.62,123.98,54.94,35.31,83.17,40.09,140.68,51.95,49.14,71.09,90.67
2016-06-10,98.83,108.79,131.14,13.83,76.03,29.03,101.98,97.34,81.24,30.04,733.19,149.89,128.83,32.04,117.01,63.84,46.0,122.36,168.56,51.48,123.83,55.11,35.29,83.2,40.33,139.24,52.67,48.34,71.14,89.98
2016-06-13,97.34,108.93,129.92,13.6,75.23,28.84,102.1,97.57,81.61,29.83,731.88,148.63,127.83,32.17,116.79,63.27,45.12,122.99,167.13,50.14,123.59,54.91,34.74,82.57,40.19,138.09,52.57,47.97,70.53,90.59
2016-06-14,97.46,107.62,130.5,13.26,74.86,28.96,101.28,98.4,82.41,30.44,733.25,146.19,125.24,32.14,117.12,62.08,45.04,122.51,167.61,49.83,124.98,54.12,34.99,83.35,40.38,137.87,52.99,46.88,70.95,90.43
2016-06-15,97.14,107.23,130.16,13.34,75.07,28.65,100.63,98.27,81.53,30.71,732.19,146.16,126.53,31.61,116.41,61.97,45.01,122.25,167.8,49.69,123.84,54.31,34.79,82.95,40.29,137.26,52.84,46.78,71.12,90.16
2016-06-16,97.55,107.69,129.37,13.31,74.99,28.87,101.07,98.38,82.53,30.64,724.25,146.63,127.36,31.69,116.64,62.22,45.31,122.47,169.93,50.39,124.85,53.47,34.75,83.41,40.49,138.66,53.46,46.85,71.3,91.22
2016-06-17,95.33,106.94,129.82,13.4,75.93,28.95,101.57,99.0,82.98,30.6,704.25,145.64,127.14,31.76,115.48,62.28,44.79,122.27,168.94,50.13,125.1,53.71,34.22,83.13,40.73,137.69,53.78,46.6,70.95,90.72
2016-06-20,95.1,107.42,132.75,13.54,76.43,28.8,102.61,99.57,82.0,30.83,706.13,147.75,127.62,32.17,116.54,62.37,44.98,123.42,171.23,50.07,124.24,54.36,34.5,83.04,40.78,138.52,53.76,46.93,71.1,91.12
2016-06-21,95.91,109.44,131.52,13.62,76.49,28.77,103.24,98.82,82.0,30.94,708.88,148.35,127.74,32.32,116.18,62.95,45.13,122.63,171.37,51.19,124.27,54.77,34.75,83.41,41.07,138.19,54.1,47.23,71.46,91.53
2016-06-22,95.55,109.4,131.77,13.61,76.43,28.72,102.29,98.79,81.83,30.78,710.47,148.14,127.6,32.29,116.46,62.71,44.86,120.62,171.23,50.99,123.64,54.57,34.47,83.57,41.3,137.9,54.03,46.97,71.75,91.17
2016-06-23,96.1,111.47,133.55,14.04,78.22,29.22,104.44,99.02,82.05,31.19,714.87,152.66,128.29,32.99,117.38,64.05,45.08,121.21,174.11,51.91,123.81,54.12,34.59,84.21,41.88,139.19,54.67,47.91,72.1,91.8
2016-06-24,93.4,108.27,126.52,13.0,73.03,27.75,101.9,95.72,82.43,29.82,685.2,141.86,126.4,31.55,115.63,59.6,43.93,119.44,169.12,49.83,123.8,52.59,33.97,82.26,41.52,137.29,54.43,45.71,71.96,89.39
2016-06-27,92.04,108.89,122.7,12.18,71.38,27.31,100.36,94.38,83.99,29.32,681.14,139.51,124.67,30.72,116.55,57.61,43.78,116.3,167.19,48.43,127.88,51.89,33.8,81.23,42.03,137.11,54.74,45.01,71.5,88.86
2016-06-28,93.59,110.8,123.89,12.7,72.52,27.79,101.63,96.05,83.94,29.94,691.26,142.41,127.53,31.19,118.23,59.52,44.18,118.5,169.59,49.44,128.46,53.09,34.44,82.46,42.02,138.71,54.82,46.1,71.51,90.91
2016-06-29,94.4,113.0,126.99,13.19,74.23,28.26,103.42,96.98,84.15,30.55,695.19,145.5,127.37,31.93,119.33,61.2,44.44,119.49,171.52,50.54,127.75,55.13,35.01,83.91,42.54,140.52,55.06,46.97,72.46,92.46
2016-06-30,95.6,113.61,129.87,13.27,75.81,28.69,104.83,97.82,85.79,31.48,703.53,148.58,127.69,32.8,121.3,62.15,45.33,120.34,175.12,51.17,130.4,55.2,35.21,84.67,43.21,141.2,55.84,47.33,73.02,93.74
2016-07-01,95.89,113.6,129.69,13.1,76.45,28.8,104.15,98.03,85.63,31.49,710.25,148.25,129.62,32.75,121.29,61.26,45.12,120.4,175.54,51.16,129.73,55.61,35.57,84.78,43.47,140.86,56.23,47.03,72.81,93.84
2016-07-05,94.99,113.83,126.97,12.74,74.38,28.33,103.57,97.66,86.93,31.45,704.89,144.45,129.35,32.68,122.27,59.55,45.43,120.76,175.63,51.17,130.87,55.2,35.81,85.44,43.36,141.56,56.53,46.21,73.14,93.02
2016-07-06,95.53,112.4,126.96,12.86,74.83,28.72,104.58,98.46,87.23,31.74,708.97,145.58,131.57,32.97,122.64,60.19,45.27,120.63,175.16,51.38,130.89,55.8,35.86,85.03,43.1,142.38,56.26,46.65,73.82,94.09
2016-07-07,95.94,112.2,127.17,13.01,75.05,28.74,103.05,98.41,85.29,31.82,707.26,147.0,131.16,33.2,122.51,60.58,45.09,120.92,174.87,51.38,128.33,55.92,35.77,84.83,42.3,140.8,55.38,46.8,73.53,92.96
2016-07-08,96.68,113.66,130.09,13.17,77.37,29.26,104.77,99.62,86.01,32.2,717.78,150.38,134.34,34.0,122.85,61.83,45.38,121.31,177.12,52.3,129.93,56.72,36.12,85.77,42.61,141.27,55.9,47.79,73.84,93.54
2016-07-11,96.98,114.67,132.04,13.21,77.8,29.43,105.39,99.98,86.01,32.21,727.2,152.19,135.15,34.38,122.93,62.27,45.57,122.0,178.01,52.59,129.69,56.83,36.15,85.75,42.51,140.32,55.93,48.08,74.06,93.89
2016-07-12,97.42,116.1,130.81,13.54,79.8,29.61,106.78,100.2,84.44,32.26,732.51,156.92,134.84,34.94,122.92,63.2,45.58,122.25,179.16,53.21,127.33,58.06,36.24,85.75,42.41,139.86,55.47,48.35,73.27,94.95
2016-07-13,96.87,116.01,130.11,13.44,79.69,29.75,106.65,99.88,85.05,32.36,729.48,157.92,133.56,35.01,123.0,63.16,45.74,122.82,179.21,53.51,128.17,57.99,36.31,85.89,42.59,141.48,56.0,48.27,73.62,94.88
2016-07-14,98.79,117.0,131.55,13.65,80.06,29.76,106.7,99.97,84.75,32.63,735.8,162.54,134.54,35.2,123.18,64.12,45.69,123.93,180.9,53.74,127.24,58.49,36.92,85.87,42.77,140.84,55.84,48.94,73.7,94.95
2016-07-15,98.78,116.82,132.39,13.66,80.71,29.82,107.03,99.8,84.92,32.88,735.63,161.64,134.78,35.07,123.0,64.18,45.63,123.61,181.4,53.7,127.58,57.87,36.77,86.01,42.89,141.33,55.84,47.71,73.67,95.12
2016-07-18,99.83,116.3,133.43,14.11,79.82,29.91,106.09,100.15,85.25,32.91,753.2,163.33,136.34,35.05,123.14,63.96,45.63,123.8,181.11,53.96,128.25,57.74,36.64,85.93,42.85,140.75,55.93,48.28,73.84,94.82
2016-07-19,99.87,117.37,134.66,14.26,79.74,29.92,106.04,99.47,85.38,32.93,753.41,161.41,136.98,35.15,125.25,63.86,45.63,126.5,181.24,53.09,128.09,57.76,36.64,86.17,42.77,142.59,55.7,48.37,73.66,94.47
2016-07-20,99.96,117.73,134.72,14.4,79.69,30.63,105.59,98.22,84.92,32.78,757.08,161.77,137.41,35.69,125.14,63.93,45.51,126.06,181.42,55.91,127.21,57.76,36.68,85.32,42.71,143.02,55.62,48.61,73.79,93.93
2016-07-21,99.43,117.55,133.53,14.27,80.01,30.58,105.39,98.01,85.4,32.59,754.41,160.05,136.07,34.27,125.15,63.69,45.45,127.18,180.26,55.8,128.26,56.99,36.71,85.26,42.52,142.87,55.37,48.3,73.52,93.85
2016-07-22,98.66,117.84,133.47,14.38,79.38,30.71,105.66,97.71,86.5,32.06,759.28,160.41,136.52,34.66,125.03,64.04,45.83,128.26,180.44,56.57,129.81,56.73,36.74,85.72,43.11,143.69,56.1,48.32,73.55,94.01
2016-07-25,97.34,116.87,132.94,14.37,78.69,30.79,103.07,97.39,86.69,31.64,757.52,160.51,136.5,34.69,124.89,63.87,45.57,127.4,179.63,56.73,129.49,57.14,36.78,85.8,42.94,141.73,55.87,48.12,73.75,92.2
2016-07-26,96.67,116.97,134.85,14.53,82.75,30.88,102.68,96.69,85.75,31.47,757.65,161.16,136.75,35.09,125.15,64.13,44.88,121.71,177.66,56.76,128.43,56.37,36.83,85.27,42.38,141.7,54.81,47.97,73.73,91.53
2016-07-27,102.95,117.61,135.96,14.63,84.1,30.76,102.26,96.33,84.83,31.28,761.97,160.99,136.31,34.83,124.77,64.33,43.4,119.48,178.27,56.19,127.17,55.79,36.85,84.46,42.76,141.68,55.32,48.0,73.32,90.91
2016-07-28,104.34,116.65,133.01,14.68,82.92,30.52,101.79,95.91,85.2,31.25,765.84,160.53,137.96,34.77,124.46,64.1,43.65,119.42,177.98,56.21,127.42,55.45,36.67,84.81,42.58,142.76,54.86,48.13,73.24,90.2
2016-07-29,104.21,115.77,133.66,14.49,82.76,30.53,102.48,95.95,85.59,31.14,791.34,158.81,138.24,34.86,125.23,63.97,43.63,117.65,178.36,56.68,128.29,55.5,36.89,85.59,43.29,143.2,55.41,47.97,72.97,88.95
2016-08-01,106.05,117.04,133.21,14.33,81.95,30.73,99.11,95.54,85.65,31.15,800.94,158.18,138.77,34.85,125.4,63.8,43.45,118.01,178.29,56.58,128.5,55.41,37.31,86.41,43.18,143.51,54.5,47.81,73.78,85.86
2016-08-02,104.48,116.74,131.6,14.13,81.24,30.62,99.59,95.01,85.56,31.05,800.12,156.06,137.22,34.56,124.85,63.65,43.53,117.7,178.36,56.58,127.63,54.92,36.4,86.76,43.16,143.17,54.0,47.71,73.13,87.04
2016-08-03,105.79,115.73,131.87,14.48,82.03,30.72,100.61,96.09,85.15,31.13,798.92,158.34,137.06,34.25,123.9,64.66,43.64,117.52,178.38,56.97,128.09,54.75,35.29,85.97,43.14,142.88,53.9,47.57,72.94,87.49
2016-08-04,105.87,116.42,131.21,14.48,81.77,30.8,100.39,95.16,85.24,31.17,797.25,158.05,136.05,34.58,123.86,64.56,43.51,118.3,177.81,57.39,127.45,54.79,35.15,86.05,43.08,142.71,53.93,47.84,73.3,87.48
2016-08-05,107.48,116.58,131.73,15.05,82.56,31.04,100.51,95.83,84.23,31.28,806.93,162.09,136.91,34.98,124.24,66.3,43.48,119.21,178.57,57.96,125.99,55.85,35.44,85.78,43.16,142.99,53.64,48.68,73.76,87.56
2016-08-08,108.37,115.73,132.19,15.13,83.44,31.01,101.2,95.75,84.74,31.27,805.23,162.83,136.21,35.04,123.65,66.1,43.44,118.29,178.58,58.06,125.99,55.98,34.93,85.76,42.93,142.13,53.59,48.91,73.34,88.59
2016-08-09,108.81,115.92,132.63,15.19,82.83,30.94,101.32,96.67,84.73,31.3,807.48,163.44,136.11,34.92,123.43,65.87,43.47,118.31,178.39,58.2,126.07,55.77,35.08,85.99,43.08,141.82,53.66,48.93,73.55,88.71
2016-08-10,108.0,116.24,132.28,14.81,82.65,30.85,100.14,97.86,83.79,31.27,808.49,162.19,135.6,34.53,123.36,65.28,43.61,118.8,178.82,58.02,126.37,55.13,35.13,86.31,43.2,142.19,53.81,48.18,73.95,86.41
2016-08-11,107.93,115.89,133.0,14.88,83.24,30.95,101.4,97.77,83.91,31.29,808.2,163.86,137.04,34.68,123.77,65.46,43.75,119.38,181.0,58.3,127.02,56.73,35.15,86.73,43.39,142.63,53.86,48.24,73.8,86.72
2016-08-12,108.18,116.5,133.1,14.91,83.0,30.87,102.16,96.84,83.49,31.24,807.05,163.25,136.57,34.57,123.22,65.32,44.03,119.52,180.27,57.94,126.79,56.45,34.98,87.04,43.28,142.88,53.65,47.9,73.89,87.85
2016-08-15,109.48,115.79,134.66,15.02,84.15,31.19,102.77,97.1,81.66,31.24,805.96,165.55,137.06,34.91,122.31,65.72,44.24,118.52,180.56,58.12,125.32,56.77,35.11,87.02,43.02,141.62,53.61,48.27,73.32,87.81
2016-08-16,109.38,114.12,135.0,15.17,84.29,31.12,102.63,96.88,80.45,31.19,801.19,165.65,136.23,35.21,120.33,65.71,43.83,117.94,179.26,57.44,123.99,56.88,34.79,86.58,41.96,141.08,52.76,48.44,72.89,87.92
2016-08-17,109.22,114.56,134.72,15.15,84.41,30.72,102.22,96.87,81.69,31.29,805.42,165.67,136.15,35.02,121.31,65.89,44.06,117.1,179.87,57.56,125.8,56.86,35.14,86.96,41.86,141.71,53.17,48.61,72.93,88.11
2016-08-18,109.08,114.35,135.0,15.16,83.38,30.48,103.55,96.65,82.78,31.43,802.75,166.06,134.8,34.97,120.73,65.95,44.1,117.13,179.18,57.6,126.96,57.21,35.19,87.44,41.4,142.17,52.87,48.53,74.3,88.91
2016-08-19,109.36,113.61,134.44,15.22,83.84,30.52,102.32,96.39,81.65,31.25,799.65,166.23,135.46,35.24,119.92,65.86,43.92,115.01,179.61,57.62,125.08,58.9,34.98,87.31,41.01,142.04,52.45,48.65,72.81,87.8
2016-08-22,108.51,114.62,134.99,15.18,83.59,30.63,101.94,95.87,81.89,31.32,796.95,166.26,135.34,35.36,119.13,65.8,43.74,115.42,179.07,57.67,125.04,58.66,34.84,86.85,40.91,142.09,52.55,48.63,72.7,87.99
2016-08-23,108.85,115.22,134.14,15.35,84.01,30.98,101.68,95.97,81.45,31.23,796.59,166.08,136.22,35.4,119.44,65.77,43.85,115.19,179.77,57.89,124.27,59.62,35.09,87.4,40.85,142.01,52.63,48.41,71.97,87.72
2016-08-24,108.03,114.57,133.29,15.4,83.15,31.06,102.2,95.82,81.56,31.22,793.6,165.3,135.06,35.15,118.71,65.95,43.85,114.87,179.41,57.95,124.15,60.22,34.82,87.31,40.87,139.87,52.53,48.63,72.23,88.02
2016-08-25,107.57,114.25,132.98,15.53,82.84,31.29,101.89,95.55,81.73,31.21,791.3,165.9,135.43,35.09,118.57,66.07,43.67,115.43,179.58,58.17,124.52,59.24,34.77,87.9,41.07,137.3,52.75,48.38,71.22,87.46
2016-08-26,106.94,113.23,132.23,15.79,82.66,31.35,101.32,95.21,79.92,31.23,793.22,165.97,134.36,35.26,119.04,66.22,43.32,114.44,179.41,58.03,121.62,59.0,34.82,87.58,40.68,136.62,52.07,48.51,71.14,87.27
2016-08-29,106.82,113.84,132.9,15.84,83.1,31.58,102.05,94.87,80.44,31.36,795.82,166.88,135.25,35.55,119.92,66.95,43.54,115.42,180.5,58.1,122.34,58.63,35.11,88.3,41.0,137.27,52.5,49.56,71.4,87.84
2016-08-30,106.0,113.22,130.81,16.19,82.48,31.54,101.7,94.86,79.52,31.37,791.92,169.37,134.1,35.7,119.47,67.5,43.24,115.36,180.15,57.89,121.22,58.0,34.88,87.54,40.89,136.87,52.27,50.62,71.31,87.52
2016-08-31,106.1,113.38,129.45,16.14,81.95,31.44,100.58,94.46,79.66,31.24,789.85,169.46,134.12,35.89,119.34,67.5,43.43,115.66,179.24,57.46,120.94,57.65,34.8,87.31,40.88,136.05,52.33,50.8,71.44,87.14
2016-09-01,106.73,113.82,129.9,15.98,81.45,31.58,100.21,94.26,79.33,31.2,791.4,168.51,134.23,36.02,119.08,67.21,43.35,115.4,179.98,57.59,121.0,58.54,34.68,88.31,40.96,135.74,52.56,50.43,72.84,86.84
2016-09-02,107.73,115.09,131.16,16.0,81.69,31.83,100.93,94.42,80.24,31.29,796.87,169.18,135.15,36.08,119.32,67.49,43.66,115.83,180.81,57.67,123.13,58.02,34.77,88.2,40.95,136.61,52.88,50.55,72.5,87.42
2016-09-06,107.7,117.15,132.99,15.78,82.08,31.87,102.43,93.8,80.94,31.05,808.02,169.33,134.1,36.57,119.75,67.44,43.79,117.25,180.46,57.61,125.29,57.41,34.77,88.64,41.23,135.97,53.51,49.99,73.0,88.57
2016-09-07,108.36,116.83,132.64,15.7,83.72,31.79,102.88,93.71,80.54,31.06,807.99,169.67,132.79,36.46,119.61,67.16,43.64,116.92,179.75,57.66,125.06,57.72,34.84,87.95,41.27,134.99,53.71,49.77,72.06,88.24
2016-09-08,105.52,116.25,132.9,15.86,83.54,31.47,104.12,94.09,80.81,31.04,802.84,171.66,131.26,36.44,119.47,67.25,43.63,116.17,180.1,57.43,125.38,56.17,34.72,87.78,41.19,135.44,53.6,49.9,71.83,89.05
2016-09-09,103.13,110.19,128.53,15.74,80.79,30.85,101.27,92.42,77.95,30.11,788.48,168.57,127.74,35.44,118.23,66.65,42.27,114.58,175.64,56.21,120.86,55.33,34.1,86.24,39.71,133.62,51.82,48.72,70.3,86.84
2016-09-12,105.44,111.27,130.12,15.9,81.92,31.44,102.25,93.64,79.28,30.49,798.82,171.06,128.59,36.08,119.16,67.06,43.19,115.95,178.1,57.05,123.29,56.01,34.65,88.25,40.71,135.53,52.57,48.54,71.94,87.29
2016-09-13,107.95,108.11,128.76,15.72,80.23,31.06,99.43,92.7,78.79,29.85,788.72,167.0,125.72,35.61,117.61,66.53,42.28,114.73,176.07,56.53,121.54,55.37,34.04,87.05,39.97,133.95,51.45,46.96,71.46,85.21
2016-09-14,111.77,108.37,127.67,15.63,81.02,31.0,98.42,92.26,78.67,29.7,790.46,166.16,126.26,35.62,117.86,66.4,42.11,115.18,175.62,56.26,122.1,55.13,33.94,87.01,39.89,133.69,51.49,46.52,71.52,84.6
2016-09-15,115.57,109.08,127.77,15.67,82.03,31.31,99.5,92.5,79.06,29.75,801.23,168.08,126.96,36.56,118.63,66.64,42.36,116.14,176.59,57.19,122.73,55.47,34.14,88.06,40.45,135.61,51.98,46.15,72.4,85.08
2016-09-16,114.92,108.0,126.7,15.49,82.05,30.84,97.84,92.56,79.61,29.68,797.97,166.0,126.11,37.67,118.25,65.82,42.14,115.28,175.06,57.25,123.32,55.18,33.94,88.05,40.2,138.47,51.88,45.43,72.87,84.03
2016-09-19,113.58,109.2,127.48,15.59,81.88,31.02,98.04,92.63,80.46,29.43,795.39,166.21,126.29,37.16,117.66,66.19,42.1,115.21,176.72,56.93,124.74,54.95,33.65,88.37,40.06,137.68,51.2,46.01,72.09,83.83
2016-09-20,113.57,108.65,127.79,15.6,81.7,31.1,97.7,92.95,80.17,29.67,799.78,166.47,126.83,37.14,117.95,66.46,42.34,116.45,177.6,56.81,125.07,54.87,33.81,88.58,39.96,137.47,51.27,46.56,71.97,82.54
2016-09-21,113.55,110.1,130.56,15.65,83.47,31.36,99.63,92.39,81.9,29.85,805.03,167.03,128.11,37.45,118.91,66.84,42.53,116.93,179.59,57.76,127.84,55.34,34.28,87.8,40.57,139.91,51.87,45.83,72.19,83.3
2016-09-22,114.62,112.28,131.87,15.6,83.5,31.66,99.98,93.41,82.51,30.04,815.95,168.02,128.75,37.55,119.46,67.39,42.96,117.36,179.85,57.82,128.03,55.41,34.15,88.99,41.11,141.04,52.35,45.72,72.27,83.54
2016-09-23,112.71,112.99,131.78,15.52,82.44,31.34,99.22,93.27,82.52,29.89,814.96,165.13,127.79,37.19,118.81,67.25,42.74,117.17,177.39,57.43,126.75,55.15,34.26,87.76,41.28,140.51,52.56,45.74,72.35,83.45
2016-09-26,112.88,112.69,130.57,15.09,82.37,31.07,98.78,91.96,82.15,29.54,802.65,161.48,125.45,36.65,117.78,65.78,42.05,116.53,175.95,56.9,126.23,54.4,33.64,87.85,41.14,139.72,52.15,44.88,71.62,83.06
2016-09-27,113.09,112.58,131.32,15.29,82.88,31.48,98.98,91.72,81.43,29.88,810.73,162.89,126.82,37.18,119.22,66.36,42.59,116.88,176.3,57.95,126.79,55.34,33.83,88.36,41.46,140.79,52.49,45.09,72.33,83.24
2016-09-28,113.95,112.63,132.23,15.38,86.59,31.5,102.15,92.2,81.1,29.9,810.06,163.45,128.27,37.44,119.39,66.71,42.15,115.18,177.59,58.03,126.48,53.25,33.99,89.46,40.85,140.41,52.06,45.31,71.79,86.9
2016-09-29,112.18,113.48,131.03,15.16,87.47,31.39,101.27,91.8,80.31,29.53,802.64,158.95,127.93,37.32,117.27,65.65,42.03,114.79,175.37,57.4,123.7,52.16,33.32,88.23,40.73,138.32,52.12,44.37,70.73,86.46
2016-09-30,113.05,113.33,131.74,15.65,88.77,31.72,102.92,92.86,80.04,29.62,804.06,161.27,128.68,37.75,118.13,66.59,42.32,115.36,176.23,57.6,122.32,52.65,33.87,89.75,40.61,140.0,51.98,44.28,72.12,87.28
2016-10-03,112.52,112.25,132.38,15.63,88.28,31.5,102.45,92.49,79.09,29.64,800.38,161.07,128.5,37.66,118.81,66.51,42.03,114.64,175.04,57.42,121.13,52.67,33.68,88.66,40.77,138.49,51.88,43.83,72.01,87.05
2016-10-04,113.0,110.61,132.25,15.8,87.51,31.35,101.27,92.59,77.46,29.5,802.79,162.27,128.2,37.54,118.82,66.6,41.84,113.5,171.68,57.24,118.9,52.14,33.72,88.35,39.9,138.16,51.26,43.75,71.75,86.25
2016-10-05,113.05,107.44,134.66,16.11,89.42,31.59,102.23,92.45,77.09,29.5,801.23,166.4,127.58,37.99,119.18,67.69,41.81,113.41,172.39,57.64,118.54,52.12,33.9,88.85,39.16,137.6,50.27,44.99,71.67,87.0
2016-10-06,113.89,108.51,134.42,16.22,89.29,31.48,102.18,92.83,77.09,29.27,803.08,167.15,130.19,38.07,118.75,67.87,41.71,113.92,171.64,57.74,118.03,52.03,33.65,89.22,39.11,136.47,50.26,45.18,69.36,87.04
2016-10-07,114.06,108.51,133.85,16.13,88.47,31.47,102.27,92.49,76.57,29.08,800.71,169.83,128.31,38.1,119.24,68.11,41.73,113.45,171.33,57.8,121.74,51.79,33.56,90.0,38.87,136.66,49.92,45.33,68.7,86.74
2016-10-10,116.05,109.43,135.84,16.3,88.22,31.47,103.98,92.49,77.06,28.86,814.17,171.04,127.25,38.02,119.8,68.64,41.73,114.71,171.14,58.04,122.78,51.79,33.61,89.06,39.01,138.08,50.19,45.65,67.98,88.44
2016-10-11,116.3,108.94,133.74,16.11,87.47,31.04,103.04,91.86,75.91,28.92,809.57,169.04,125.85,37.27,117.64,68.31,41.54,113.68,169.68,57.19,121.15,51.82,33.13,88.54,39.1,134.75,49.9,45.45,67.39,87.74
2016-10-12,117.34,111.54,133.16,16.03,87.58,30.34,102.15,91.41,76.65,28.9,811.77,169.3,126.69,37.13,117.97,68.13,41.78,114.71,169.72,57.11,122.98,52.44,33.07,88.57,39.33,135.1,50.3,45.32,67.46,87.13
2016-10-13,116.98,112.7,133.38,15.83,86.97,30.17,100.79,91.12,77.94,28.77,804.08,167.42,126.29,36.97,118.26,67.74,41.76,115.41,170.02,56.92,124.63,52.03,32.76,88.24,39.37,134.19,50.29,44.75,68.23,86.56
2016-10-14,117.63,113.35,133.5,16.0,87.67,30.18,101.08,91.3,77.21,28.89,804.6,170.52,126.42,37.45,117.56,67.52,41.67,114.09,170.33,57.42,124.03,51.62,32.66,88.43,39.22,133.92,50.28,44.71,68.45,86.54
2016-10-17,117.55,113.34,134.0,16.05,87.29,30.22,101.36,90.83,77.54,28.85,806.84,169.0,125.14,37.29,118.49,67.17,41.6,112.41,170.21,57.22,124.06,51.03,32.5,87.83,39.27,134.13,50.43,44.5,68.22,86.54
2016-10-18,117.47,114.15,135.1,16.26,87.22,30.44,101.79,91.17,77.9,28.98,821.49,172.63,125.74,37.75,115.41,67.7,41.97,111.25,169.95,57.66,125.11,51.22,32.69,87.45,39.36,143.39,50.27,44.95,68.87,86.77
2016-10-19,117.12,115.32,136.18,16.47,88.0,30.35,102.27,91.93,78.13,29.06,827.09,174.51,125.89,35.51,114.59,68.35,42.05,111.26,169.91,57.53,124.58,51.8,32.6,85.54,39.38,144.37,50.38,45.26,68.89,87.17
2016-10-20,117.06,114.83,135.84,16.56,86.63,30.16,101.87,92.03,78.42,29.07,821.63,174.51,126.25,35.43,114.87,68.26,41.93,110.57,169.86,57.25,124.13,51.89,32.54,84.93,38.65,145.07,49.14,44.93,68.73,87.21
2016-10-21,116.6,115.71,135.63,16.67,86.33,30.15,101.3,93.03,78.02,28.98,824.06,174.67,126.6,35.15,113.44,68.49,42.13,113.93,169.5,59.66,123.71,51.77,32.18,84.33,37.49,145.37,48.2,45.09,68.34,86.62
2016-10-24,117.65,116.75,137.45,16.77,85.99,30.46,100.66,93.37,78.4,28.92,835.74,175.12,127.78,35.26,113.61,68.87,42.56,113.57,171.27,61.0,124.38,51.87,32.13,84.1,36.86,144.69,48.21,45.52,69.19,86.91
2016-10-25,118.25,116.75,139.02,16.72,84.48,30.34,100.77,92.75,78.59,28.65,828.55,175.55,123.34,35.1,113.96,68.8,42.54,112.72,166.23,60.99,125.52,51.05,32.28,86.97,36.7,143.78,47.84,45.72,69.36,86.72
2016-10-26,115.59,115.67,145.54,16.87,84.13,30.55,101.19,93.49,78.77,28.87,822.1,177.07,122.71,34.92,114.56,69.13,42.44,112.11,166.51,60.63,126.2,51.97,32.4,87.4,36.43,142.23,47.63,46.15,69.59,87.09
2016-10-27,114.48,115.4,143.31,16.91,83.01,30.38,99.92,94.02,78.42,28.63,817.35,177.75,122.26,34.81,115.7,69.23,42.12,112.08,165.76,60.1,125.12,51.89,32.48,86.58,36.52,141.94,48.54,46.41,69.83,86.92
2016-10-28,113.72,116.13,143.01,16.68,83.88,30.59,103.82,93.85,78.72,29.22,819.56,177.14,123.58,34.74,115.33,69.11,42.23,112.1,165.77,59.87,125.73,52.02,31.93,86.84,36.51,140.35,48.21,46.23,69.99,84.78
2016-10-31,113.54,117.19,142.43,16.5,83.46,30.68,104.75,92.69,80.02,29.1,809.9,178.24,122.01,34.87,115.99,69.26,42.4,112.57,165.3,59.92,128.0,50.18,31.71,86.8,36.79,141.33,48.1,46.01,70.02,83.32
2016-11-01,111.49,115.15,142.41,16.61,82.24,30.48,106.48,92.39,78.57,28.88,805.48,178.06,119.89,34.52,115.34,68.97,42.12,112.25,164.25,59.8,125.89,49.62,31.07,86.85,36.56,139.43,47.66,45.99,69.3,83.65
2016-11-02,111.59,112.91,140.75,16.48,81.11,30.39,105.39,91.91,78.0,28.49,788.42,176.58,120.29,34.6,114.86,68.68,42.05,112.39,165.73,59.43,123.68,49.72,30.63,86.74,36.37,138.98,46.94,45.24,69.45,83.45
2016-11-03,109.83,113.27,140.02,16.48,81.27,30.32,105.39,93.37,77.98,28.28,782.19,176.21,120.18,33.93,115.03,68.38,42.03,111.72,166.83,59.21,123.84,49.73,29.89,86.6,36.63,137.83,46.87,45.34,69.63,83.66
2016-11-04,108.84,112.98,139.54,16.55,82.31,30.19,104.78,92.45,77.27,28.44,781.1,175.92,120.91,33.61,115.11,67.76,41.69,111.04,166.48,58.71,123.18,49.96,30.0,85.08,36.5,137.71,47.08,44.6,69.16,83.57
2016-11-07,110.41,115.19,143.03,17.01,83.75,30.94,106.85,94.43,79.13,29.31,802.03,181.48,123.75,34.69,116.66,69.88,42.46,112.82,169.74,60.42,124.66,50.91,30.38,86.56,36.81,141.93,47.46,45.4,69.78,85.45
2016-11-08,111.06,115.93,142.2,17.0,84.68,31.0,107.29,94.38,79.65,29.42,811.98,181.92,124.25,34.74,117.05,70.03,42.88,114.11,171.03,60.47,125.17,51.08,30.0,87.46,36.99,142.9,47.65,45.54,69.79,85.31
2016-11-09,110.88,109.22,145.09,17.97,91.2,31.36,107.64,94.64,77.34,29.63,805.59,192.63,126.02,34.75,120.31,73.25,42.27,114.98,170.39,60.17,117.49,51.12,32.12,85.93,37.44,141.9,47.86,47.99,71.1,86.25
2016-11-10,107.79,105.71,147.69,18.76,93.45,31.0,107.79,94.96,75.16,30.41,780.29,200.87,129.03,34.5,119.54,76.65,40.94,114.51,174.28,58.7,115.06,50.39,33.49,82.96,36.57,146.13,46.69,51.63,71.39,87.05
2016-11-11,108.43,105.71,148.52,19.02,93.01,31.36,106.64,97.68,75.24,30.71,771.75,203.94,129.85,34.61,118.47,76.69,41.03,114.22,175.08,59.02,113.54,50.77,32.59,83.58,36.51,146.42,46.69,51.73,71.23,85.67
2016-11-14,105.71,102.57,149.99,20.08,94.17,31.37,106.59,97.92,74.44,30.51,753.22,209.18,127.67,34.48,116.6,79.51,41.17,117.86,172.91,58.12,114.44,50.21,32.38,83.0,36.13,152.28,46.18,53.22,70.49,85.28
2016-11-15,107.11,103.49,148.11,20.16,94.44,31.7,108.96,97.7,75.93,30.75,775.16,211.19,124.4,34.91,116.32,79.36,41.44,118.32,174.24,58.87,115.03,50.13,32.23,83.62,36.77,152.23,47.37,52.59,71.42,86.82
2016-11-16,109.99,105.43,146.44,19.75,93.35,31.57,108.35,99.12,73.97,30.74,779.98,206.26,125.33,34.84,116.36,77.4,41.26,119.21,172.01,59.65,114.29,50.68,31.96,83.19,37.15,151.5,47.93,51.68,71.39,85.75
2016-11-17,109.95,105.54,145.33,20.08,92.78,30.05,108.12,99.37,73.87,30.79,786.16,209.63,128.93,35.02,116.57,78.02,41.12,119.45,172.77,60.64,114.78,51.59,31.73,83.07,37.41,150.77,47.84,52.49,69.19,85.23
2016-11-18,110.06,105.09,146.35,20.0,92.34,30.18,109.2,98.24,73.6,30.67,775.97,210.35,128.33,34.95,115.36,77.71,40.91,120.0,172.96,60.35,114.09,51.1,31.48,82.0,37.56,149.45,48.07,52.82,68.54,85.28
2016-11-21,111.73,105.91,147.02,20.33,92.9,30.05,110.18,97.63,74.43,30.87,784.8,211.08,128.22,34.98,115.0,78.05,41.36,119.5,171.52,60.86,114.35,51.28,31.57,82.64,37.74,150.41,48.31,52.12,69.37,86.49
2016-11-22,111.8,107.98,149.52,20.3,93.62,29.89,110.62,97.71,73.88,31.18,785.0,211.11,130.98,35.48,112.74,78.53,41.37,119.69,171.91,61.12,113.83,51.71,31.33,82.76,38.55,152.26,49.49,52.22,70.12,86.68
2016-11-23,111.23,106.78,149.74,20.56,96.18,29.71,111.0,98.26,73.54,31.34,779.0,212.31,131.21,35.2,113.07,78.86,41.12,120.14,172.25,60.4,113.42,51.34,31.42,82.68,38.73,153.54,50.23,52.16,70.83,86.92
2016-11-25,111.79,107.3,150.04,20.86,95.81,30.09,111.0,98.82,74.35,31.44,780.23,211.38,131.57,35.44,114.13,78.83,41.53,120.66,173.49,60.53,114.76,51.52,31.69,83.46,39.21,152.81,50.67,52.62,71.23,87.12
2016-11-28,111.57,106.11,149.77,20.3,94.9,29.92,110.5,98.97,76.08,31.25,785.79,210.35,130.64,35.51,113.13,78.32,41.75,121.82,172.5,60.61,116.3,51.01,31.54,83.07,39.54,152.11,51.12,51.58,71.19,86.47
2016-11-29,111.46,106.05,151.64,20.29,94.04,29.83,109.34,99.67,76.37,31.05,789.44,211.75,129.62,35.31,112.48,78.92,41.15,120.68,172.77,61.09,117.27,50.63,31.92,82.89,39.48,157.59,50.96,51.86,71.37,85.9
2016-11-30,110.52,102.27,150.56,21.12,95.56,29.82,111.56,99.12,73.77,30.76,775.88,219.29,129.4,34.7,111.3,80.17,40.35,119.27,171.74,60.26,114.23,50.07,32.14,82.46,38.63,158.32,49.9,52.92,70.43,87.3
2016-12-01,109.49,100.98,152.39,21.5,96.24,29.45,113.29,98.94,72.75,31.39,764.33,226.63,129.47,33.76,111.38,81.79,40.17,118.47,172.63,59.2,112.95,50.65,31.46,81.86,38.88,160.94,49.87,54.34,70.67,87.24
2016-12-02,109.9,102.57,152.25,21.23,95.14,29.25,113.0,98.5,73.42,31.34,764.46,223.36,129.87,34.16,111.96,81.6,40.36,118.24,172.43,59.25,114.41,50.46,31.63,82.4,38.61,160.73,49.81,53.58,70.88,87.04
2016-12-05,109.11,102.04,152.16,21.84,94.45,29.53,113.25,99.96,73.61,31.11,778.22,228.55,129.68,34.39,111.94,83.26,40.62,119.29,171.62,60.22,115.0,51.85,31.59,82.99,38.63,157.63,49.75,54.35,69.94,87.48
2016-12-06,109.95,100.85,152.24,22.16,95.22,29.33,112.76,100.66,73.86,31.17,776.18,231.38,128.74,34.72,112.06,83.69,40.57,119.25,171.8,59.95,114.75,50.57,31.56,82.91,39.35,157.32,50.36,55.55,70.36,87.56
2016-12-07,111.03,102.2,154.14,22.57,97.33,29.95,114.44,101.99,74.67,31.6,791.47,235.56,132.46,35.5,111.1,84.07,41.29,119.92,176.05,61.37,117.68,52.1,31.19,84.18,40.45,159.4,51.38,57.28,70.6,88.07
2016-12-08,112.12,102.39,155.39,22.95,96.27,29.95,115.17,103.38,74.73,31.53,795.17,241.45,132.53,35.7,110.99,85.12,40.98,120.45,175.88,61.01,116.87,51.55,30.94,83.5,40.41,159.32,51.13,57.29,70.34,88.32
2016-12-09,113.95,102.91,156.49,23.09,95.53,30.06,115.81,104.86,75.82,31.78,809.45,241.85,133.39,35.76,112.26,85.49,42.0,121.26,178.49,61.97,116.49,51.72,31.7,84.37,40.38,160.12,51.49,57.14,70.08,89.0
2016-12-12,113.3,103.89,157.16,22.61,95.08,30.17,117.15,104.06,76.48,31.86,807.9,237.17,134.58,35.97,115.36,84.73,41.9,121.74,179.64,62.17,117.45,51.54,32.4,85.13,41.12,159.49,51.76,55.78,71.67,90.98
2016-12-13,115.19,106.13,156.66,22.61,96.02,30.59,117.42,103.85,77.32,31.74,815.34,238.55,136.54,36.8,115.89,84.76,41.76,122.68,178.83,62.98,119.02,52.3,32.83,85.18,41.36,160.54,52.36,55.84,71.8,92.58
2016-12-14,115.19,106.5,154.47,22.67,93.74,30.46,115.96,104.05,75.53,31.5,817.89,239.93,135.98,36.55,114.99,84.73,41.21,122.84,176.6,62.68,116.03,51.79,32.82,84.37,41.1,159.86,51.63,54.7,71.34,90.58
2016-12-15,115.82,106.06,153.77,23.16,94.53,30.63,117.05,104.39,76.03,31.26,815.65,243.0,135.84,36.79,115.89,86.0,41.55,122.36,176.02,62.58,117.03,51.29,32.75,84.68,41.5,160.62,51.81,55.19,71.08,90.89
2016-12-16,115.97,105.8,154.5,22.66,92.58,30.59,118.08,103.91,76.59,31.75,809.84,238.9,135.11,36.31,115.88,84.94,41.74,123.24,177.45,62.3,118.9,50.92,32.84,84.68,41.67,163.94,52.27,55.34,70.98,91.18
2016-12-19,116.64,106.95,156.18,22.48,92.71,30.75,117.65,105.3,77.13,31.92,812.5,239.07,135.44,36.89,116.02,85.43,41.67,122.99,178.16,63.62,119.22,50.85,32.83,84.71,42.12,161.54,52.91,55.22,71.58,90.42
2016-12-20,116.95,106.98,156.39,22.71,94.34,30.56,117.95,105.46,77.35,32.25,815.2,243.09,137.11,37.21,115.66,86.53,41.66,123.33,178.65,63.54,119.3,51.79,32.85,84.57,42.47,161.59,53.12,56.1,71.82,90.43
2016-12-21,117.06,106.6,157.48,22.63,93.82,30.42,117.91,105.56,77.0,32.13,812.2,241.44,136.83,36.98,115.31,86.75,41.57,123.18,178.43,63.54,118.6,52.3,32.4,84.28,42.36,161.33,52.97,55.71,71.24,90.28
2016-12-22,116.29,106.6,157.46,22.54,94.12,30.46,118.77,105.42,77.77,31.82,809.68,240.12,135.43,36.93,115.44,86.89,41.55,123.72,179.2,63.55,118.9,52.14,32.34,84.47,42.72,161.58,53.65,55.75,69.59,90.87
2016-12-23,116.52,106.03,157.81,22.6,94.32,30.53,118.42,105.15,77.62,31.88,807.8,240.97,135.05,36.97,115.96,87.05,41.6,123.14,178.75,63.24,119.23,51.91,32.48,84.96,42.73,163.03,53.68,55.96,69.54,90.71
2016-12-27,117.26,106.29,157.48,22.61,94.55,30.68,118.22,105.17,77.48,31.9,809.93,241.56,135.26,37.07,115.91,87.13,41.61,123.07,178.92,63.28,119.25,51.29,32.53,84.6,42.65,162.64,53.64,55.95,69.7,90.75
2016-12-28,116.76,105.84,156.1,22.33,93.15,30.42,117.91,104.3,77.03,31.7,804.57,240.65,135.07,36.63,115.1,86.5,41.39,122.68,178.08,62.99,118.65,51.02,32.35,84.07,42.52,161.44,53.44,55.32,69.31,90.3
2016-12-29,116.73,106.39,155.69,22.0,93.29,30.46,117.82,104.56,78.02,31.71,802.88,238.18,135.1,36.66,115.49,85.89,41.6,122.79,178.41,62.9,120.18,51.06,32.49,84.35,42.66,161.04,53.74,54.84,69.26,90.35
2016-12-30,115.82,105.68,155.68,22.1,92.74,30.22,117.7,104.22,77.62,31.6,792.45,239.45,134.08,36.27,115.21,86.29,41.46,121.72,178.57,62.14,119.46,50.83,32.48,84.08,42.53,160.04,53.38,55.11,69.12,90.26
2017-01-03,116.15,106.15,156.97,22.53,93.99,30.54,117.85,106.08,77.73,31.69,808.01,241.57,134.31,36.6,115.84,87.23,41.8,119.62,178.05,62.58,118.72,51.98,33.0,84.2,43.02,161.45,54.58,56.0,68.66,90.89
2017-01-04,116.02,106.34,158.62,22.95,93.57,30.1,117.82,107.44,77.65,31.7,807.77,243.13,135.5,36.41,115.65,86.91,41.65,119.48,178.32,62.3,119.07,53.07,33.29,84.5,42.77,161.91,54.52,56.05,69.06,89.89
2017-01-05,116.61,105.97,158.71,22.68,93.0,30.17,117.31,107.38,77.75,31.52,813.02,241.32,133.9,36.35,116.86,86.11,41.75,119.7,177.71,62.3,119.0,53.06,33.61,85.06,42.65,162.18,54.64,55.18,69.21,88.55
2017-01-06,117.91,105.27,159.1,22.68,93.04,30.23,116.84,108.98,77.49,31.61,825.21,244.9,133.53,36.48,116.3,86.12,41.74,120.76,178.23,62.84,118.65,53.91,33.48,85.03,41.32,162.41,53.26,55.04,68.26,88.5
2017-01-09,118.99,105.02,158.32,22.55,92.37,30.18,115.84,108.36,76.64,31.46,827.18,242.89,134.31,36.61,116.28,86.18,41.32,120.43,177.27,62.64,118.35,53.38,33.47,84.4,40.8,161.95,52.68,54.24,68.71,87.04
2017-01-10,119.11,103.5,159.07,22.94,93.83,30.38,114.96,108.38,76.5,31.37,826.01,242.57,136.1,36.54,116.16,86.43,41.04,120.25,176.58,62.62,118.58,53.11,33.44,83.49,40.81,161.58,52.76,54.62,68.23,85.93
2017-01-11,119.75,103.83,159.4,23.07,94.65,30.15,115.93,109.44,77.1,31.47,829.86,245.76,135.7,36.95,114.73,87.08,41.05,120.88,177.89,63.19,119.41,52.69,32.83,83.75,40.61,161.89,52.46,54.8,68.53,86.81
2017-01-12,119.25,104.2,158.29,22.92,93.99,30.04,116.16,107.53,77.54,31.39,829.53,243.84,135.07,36.71,114.62,86.24,40.95,122.1,177.44,62.61,119.5,52.4,32.6,83.84,41.01,162.36,52.68,54.5,67.97,86.34
2017-01-13,119.04,103.45,158.83,23.01,94.48,30.07,116.38,108.06,77.21,31.36,830.94,244.3,135.04,36.79,114.6,86.7,40.88,121.5,177.39,62.7,119.05,52.92,32.52,84.01,40.96,161.8,52.55,55.31,67.13,86.35
2017-01-17,120.0,105.17,157.67,22.05,93.57,29.99,116.28,107.97,77.46,31.27,827.46,235.74,135.93,36.8,114.87,83.55,41.22,122.75,177.26,62.53,120.22,53.65,32.06,85.21,41.11,160.66,52.74,53.78,68.42,87.36
2017-01-18,119.99,105.67,158.32,22.63,93.33,30.03,115.94,108.16,77.5,31.23,829.02,234.29,136.16,36.76,114.7,83.94,41.29,122.71,178.49,62.5,120.03,53.27,32.03,84.93,40.8,157.74,52.25,54.27,68.11,86.28
2017-01-19,119.78,104.44,159.0,22.53,93.38,29.98,115.58,107.28,77.12,31.21,824.37,231.41,135.39,36.57,114.2,83.3,41.14,122.18,178.68,62.3,119.28,52.93,31.7,84.7,41.0,158.7,52.36,54.58,67.62,84.73
2017-01-20,120.0,104.2,159.53,22.64,94.58,30.1,115.6,107.66,77.33,30.53,828.17,232.2,135.6,36.94,114.15,83.67,41.32,122.26,178.49,62.74,119.26,53.2,31.77,87.45,41.45,158.66,52.72,55.07,67.18,85.89
2017-01-23,120.08,104.78,157.84,22.56,94.46,30.27,115.39,107.12,77.03,29.75,844.43,232.67,138.07,36.77,113.91,83.71,41.43,121.38,178.51,62.96,118.78,53.24,31.46,86.96,42.0,159.07,52.41,54.25,66.65,84.97
2017-01-24,119.97,104.57,160.55,22.95,96.24,30.6,116.37,107.9,77.18,30.0,849.53,233.68,138.06,37.62,111.76,84.72,41.9,121.05,175.97,63.52,118.81,53.45,31.15,87.86,41.36,160.43,50.12,54.7,67.4,85.09
2017-01-25,121.88,103.92,167.36,23.37,98.15,30.7,117.24,108.04,77.08,30.37,858.45,237.25,137.48,37.8,112.8,86.03,42.12,121.79,176.73,63.68,119.02,53.86,31.29,87.16,41.39,161.24,49.77,56.62,66.89,85.34
2017-01-26,121.94,104.3,169.12,23.44,97.22,30.74,116.55,108.06,77.12,30.32,856.98,239.58,138.46,37.56,111.84,86.75,41.81,121.88,176.82,64.27,118.75,53.65,31.28,86.6,41.77,162.75,49.12,57.18,66.73,85.6
2017-01-27,121.95,103.82,167.7,23.36,98.99,30.98,113.79,109.3,76.94,30.01,845.03,236.95,138.33,37.98,113.38,86.93,41.45,122.86,177.48,65.78,121.37,53.19,31.42,86.72,42.01,162.99,49.6,56.59,65.66,85.51
2017-01-30,121.63,103.01,165.57,22.95,96.79,30.83,111.82,110.94,77.12,29.96,823.83,233.9,138.47,37.42,113.13,86.03,41.38,123.02,175.42,65.13,122.45,53.08,31.31,86.75,41.82,162.09,49.37,56.08,66.42,84.86
2017-01-31,121.35,103.5,163.42,22.64,95.66,30.72,111.35,110.65,78.54,29.7,820.19,229.32,137.58,36.82,113.25,84.63,41.57,122.57,174.82,64.65,123.72,52.9,31.73,87.6,42.16,162.1,49.01,56.33,66.74,83.89
2017-02-01,128.75,103.28,163.97,22.89,95.11,30.5,111.0,111.3,77.36,29.69,815.24,230.67,137.44,36.52,113.23,84.95,41.26,122.42,175.17,63.58,122.62,53.02,31.67,87.33,42.06,162.71,48.39,55.91,66.23,82.94
2017-02-02,128.53,104.11,162.26,22.72,93.77,31.18,112.21,110.61,77.79,29.68,818.26,230.41,136.95,36.68,113.57,84.59,41.4,123.22,174.18,63.17,123.46,52.8,31.73,87.76,41.18,160.76,48.28,55.75,66.7,83.45
2017-02-03,129.08,105.25,162.4,23.29,93.28,31.32,113.57,110.3,77.65,29.7,820.13,240.95,137.98,36.52,113.64,87.18,41.54,124.24,175.04,63.68,124.21,52.36,32.09,87.41,41.25,161.87,48.58,57.27,66.5,83.54
2017-02-06,130.29,103.64,163.98,23.12,92.87,31.3,112.98,109.57,77.57,29.66,821.62,239.98,136.49,36.27,113.4,86.77,41.56,124.45,175.1,63.64,123.86,52.8,32.23,87.4,41.06,160.51,48.03,56.55,66.4,83.31
2017-02-07,131.53,103.47,166.5,22.9,93.31,31.45,111.39,109.0,77.75,29.56,829.23,239.62,136.65,36.35,113.48,86.72,41.9,124.59,175.76,63.43,124.33,52.81,32.08,88.01,41.12,160.53,48.04,56.34,66.89,82.77
2017-02-08,132.04,104.3,163.81,22.67,92.91,31.27,111.58,109.0,78.64,29.43,829.88,237.73,137.88,36.38,113.4,85.96,42.02,124.67,177.07,63.34,126.3,53.88,32.14,88.33,41.21,160.31,48.37,55.63,67.81,81.48
2017-02-09,132.42,105.78,164.28,23.12,93.96,31.5,112.26,109.49,77.75,29.59,830.06,241.55,138.71,35.46,114.08,87.2,41.25,124.48,178.18,64.06,124.65,55.31,32.38,88.67,41.31,160.44,48.81,56.73,69.08,81.84
2017-02-10,132.12,105.49,166.23,23.08,96.31,31.51,113.05,109.26,78.1,29.72,834.85,242.72,139.85,35.34,115.24,87.0,40.58,125.82,179.0,64.0,125.47,56.22,32.35,87.97,41.38,160.75,48.98,56.86,68.02,82.52
2017-02-13,133.29,107.55,168.03,23.4,98.5,31.97,113.91,109.65,78.69,30.04,838.96,246.27,139.87,35.8,115.88,88.15,40.62,125.54,181.02,64.72,126.0,56.09,32.61,88.31,40.65,161.99,48.55,57.08,67.77,83.0
2017-02-14,135.02,106.78,168.5,24.06,98.09,32.31,112.52,110.33,78.04,30.28,840.03,249.46,141.36,35.93,116.36,89.56,40.53,125.81,181.6,64.57,126.0,56.45,32.75,87.86,40.75,163.13,48.27,57.98,68.66,82.82
2017-02-15,135.51,107.11,169.3,24.58,99.02,32.82,112.57,110.18,76.78,30.35,837.32,250.54,142.19,36.05,117.2,90.59,40.44,126.48,181.7,64.53,125.29,56.64,33.51,91.12,41.12,164.29,48.08,58.55,68.69,83.16
2017-02-16,135.345,107.71,170.81,24.58,98.26,33.6,110.68,110.71,78.9,30.45,842.17,249.44,141.54,36.41,118.08,90.53,41.2,126.7,183.41,64.52,126.19,56.29,33.62,90.79,41.25,163.65,48.46,58.12,68.87,82.3
2017-02-17,135.72,108.11,172.71,24.52,98.85,33.74,110.33,110.06,78.36,30.37,846.55,250.38,143.0,36.48,118.86,90.23,41.23,127.8,182.95,64.62,126.86,56.75,33.62,91.09,41.48,157.62,49.19,58.09,69.37,81.76
2017-02-21,136.7,111.18,175.56,24.78,98.1,34.13,111.72,110.01,79.09,30.52,849.27,251.76,145.02,36.52,119.66,91.01,41.46,128.04,183.37,64.49,128.26,57.36,33.62,91.67,41.73,160.57,49.43,58.25,71.45,81.89
2017-02-22,137.11,111.02,175.36,24.79,98.2,34.09,110.38,110.12,79.87,30.33,851.36,251.73,145.25,36.07,119.52,91.06,41.6,127.85,186.04,64.36,128.44,58.24,33.59,91.44,41.59,160.57,49.67,58.36,71.71,80.93
2017-02-23,136.53,112.2,176.86,24.58,95.55,34.04,111.02,109.73,80.91,30.02,851.0,251.19,144.71,36.18,121.7,91.13,41.66,128.27,187.19,64.62,129.17,57.39,34.06,91.13,41.95,162.6,50.31,58.49,71.31,81.78
2017-02-24,136.66,112.89,177.44,24.23,95.48,34.32,110.12,110.32,81.96,30.19,847.81,247.35,145.95,36.53,122.73,90.33,41.78,128.65,187.41,64.62,130.96,57.86,34.26,91.05,42.36,163.06,50.6,57.81,72.39,81.08
2017-02-27,136.93,113.34,179.43,24.57,97.44,34.26,111.75,110.23,81.86,29.94,849.67,249.33,145.3,36.51,122.4,90.43,41.67,126.99,186.91,64.23,129.87,57.69,34.28,90.89,41.82,165.38,49.94,58.06,71.74,81.54
2017-02-28,136.99,114.79,180.23,24.68,96.66,34.18,112.5,110.09,82.55,29.81,844.93,248.06,144.91,36.2,122.21,90.62,41.96,127.65,186.35,63.98,131.0,57.16,34.12,91.07,41.79,165.38,49.63,57.88,70.93,81.32
2017-03-01,139.79,113.84,183.91,25.5,98.58,34.44,113.88,111.04,81.93,30.19,856.75,252.71,146.68,35.93,123.86,93.6,42.16,129.05,189.86,64.94,129.41,57.95,34.42,91.66,42.04,167.94,49.81,59.73,70.45,83.02
2017-03-02,138.96,114.81,182.99,25.23,94.36,34.39,113.36,110.59,82.36,30.19,849.85,251.06,147.95,35.91,123.63,92.14,42.47,128.23,189.89,64.01,130.94,57.8,34.51,90.91,42.07,167.31,49.98,58.71,70.76,83.3
2017-03-03,139.78,115.67,182.18,25.44,95.12,34.29,113.55,111.24,81.91,30.12,849.08,252.89,147.81,35.9,123.79,92.8,42.48,127.9,189.31,64.25,130.8,56.7,34.52,90.5,42.01,168.2,50.09,58.89,70.03,82.46
2017-03-06,139.34,114.71,180.93,25.25,95.66,34.19,113.17,110.67,81.87,30.0,847.27,252.01,147.13,35.57,123.71,91.92,42.18,128.03,188.9,64.27,130.64,56.77,34.35,90.37,41.96,168.7,50.03,58.61,69.88,82.83
2017-03-07,139.52,114.7,182.02,25.21,95.93,34.2,111.81,110.86,81.69,29.86,851.15,250.9,146.02,35.8,123.83,91.41,41.99,128.07,189.09,64.4,130.65,56.55,33.99,90.29,41.88,168.3,49.44,58.3,69.87,82.52
2017-03-08,139.0,113.24,181.74,25.26,93.23,34.02,109.61,110.84,80.32,29.8,853.64,250.24,146.92,35.62,124.1,91.21,41.99,128.09,189.51,64.99,129.44,56.51,33.91,90.14,41.77,167.91,49.16,58.21,69.8,81.03
2017-03-09,138.68,113.0,180.57,25.35,91.39,34.07,110.04,111.03,80.05,29.66,857.84,250.18,146.62,35.82,125.95,91.57,42.03,128.14,189.9,64.73,128.75,56.36,34.05,90.34,41.94,168.01,49.28,58.7,69.86,81.67
2017-03-10,139.14,113.58,178.7,25.31,92.31,34.26,110.61,110.92,80.64,30.28,861.405,248.38,146.85,35.91,126.21,91.28,42.29,127.98,191.21,64.93,130.06,56.43,34.11,91.07,42.35,169.98,49.35,58.85,70.1,81.61
2017-03-13,139.2,114.26,179.05,25.3,92.64,34.1,109.35,111.52,80.87,29.86,864.58,248.16,147.43,35.16,126.68,91.36,42.03,127.61,191.52,64.71,130.46,56.67,34.11,91.31,42.37,170.21,49.47,58.7,69.95,81.42
2017-03-14,138.99,114.02,178.73,25.32,91.86,34.12,107.36,112.31,80.87,29.54,865.91,247.72,147.16,35.18,127.05,91.51,41.97,127.8,190.33,64.41,130.57,57.28,34.22,91.0,42.09,169.06,49.36,58.76,70.72,80.99
2017-03-15,140.46,115.28,178.71,25.18,93.36,34.24,108.88,111.87,82.0,29.76,868.39,246.78,147.95,35.1,128.96,91.73,42.12,127.88,191.2,64.75,131.9,57.66,34.63,91.4,42.59,171.78,50.14,58.71,70.58,82.0
2017-03-16,140.69,115.09,178.19,25.22,92.85,34.23,107.86,111.71,81.62,29.75,870.0,248.22,148.73,35.14,128.46,91.64,42.25,127.98,190.31,64.64,129.9,57.6,34.43,91.44,42.44,171.3,50.04,59.32,70.44,82.07
2017-03-17,139.99,116.01,180.1,24.86,92.91,34.23,107.68,111.76,81.84,29.88,872.37,243.94,149.6,35.27,128.06,90.68,42.03,128.64,192.36,64.87,130.23,57.8,34.32,91.0,42.61,169.7,50.39,58.67,69.89,82.0
2017-03-20,141.46,115.98,179.39,24.44,95.4,34.28,107.66,112.71,81.18,29.74,867.91,242.14,147.8,35.43,128.07,90.03,42.18,128.78,193.01,64.93,129.89,58.68,34.38,91.22,42.42,168.0,50.24,57.63,69.98,82.0
2017-03-21,139.84,116.74,175.96,23.02,92.43,33.88,108.04,111.75,82.68,29.39,850.14,233.0,146.61,35.04,127.25,87.39,42.5,128.52,192.13,64.21,131.85,58.01,34.25,91.19,42.08,167.7,50.16,55.85,69.9,81.83
2017-03-22,141.42,118.31,176.98,22.94,92.43,34.1,108.39,112.08,82.76,29.53,849.8,231.07,147.36,35.37,126.26,87.53,42.38,129.1,192.22,65.03,132.41,53.92,34.47,90.99,41.65,167.03,49.71,55.33,70.25,81.76
2017-03-23,140.92,118.95,177.26,23.07,92.23,33.96,107.87,112.24,82.68,29.62,839.65,231.9,147.99,35.27,125.9,87.39,42.17,129.0,192.14,64.87,132.09,55.37,34.29,90.77,41.65,165.29,49.64,55.25,69.86,81.86
2017-03-24,140.64,119.32,175.82,23.12,92.15,34.08,107.99,112.14,82.99,29.72,835.14,228.41,147.71,35.16,125.48,87.29,42.12,129.34,191.51,64.98,132.8,56.36,34.0,90.57,41.68,165.0,49.68,55.83,69.61,81.23
2017-03-27,140.88,120.01,176.1,23.03,91.51,33.99,106.28,112.38,82.79,29.44,838.51,225.48,146.87,35.39,125.8,87.24,42.32,129.49,190.43,65.1,131.1,55.93,34.18,90.49,41.49,164.6,49.14,55.39,69.66,81.25
2017-03-28,143.8,120.39,177.36,23.48,92.95,34.02,107.17,113.05,82.93,29.62,840.63,229.33,147.2,35.6,125.66,88.6,42.43,129.45,190.99,65.29,131.26,56.62,34.16,90.76,41.56,165.35,49.3,55.96,70.32,81.84
2017-03-29,144.12,121.04,177.63,23.35,92.86,33.74,108.07,112.53,82.42,29.68,849.87,228.45,147.04,35.57,124.92,88.27,42.42,128.84,190.68,65.47,130.55,56.68,34.33,90.6,41.45,163.44,49.13,55.67,70.74,82.02
2017-03-30,143.93,120.91,177.98,23.87,93.22,33.74,107.78,113.18,82.04,29.87,849.48,231.22,146.95,35.75,124.66,89.03,42.6,129.32,191.28,65.71,128.13,56.04,34.35,90.2,41.76,164.99,49.06,56.24,71.59,83.7
2017-03-31,143.66,121.54,176.86,23.59,92.76,33.8,107.37,113.39,82.01,29.8,847.8,229.72,146.83,36.07,124.55,87.84,42.44,129.61,191.33,65.86,128.37,55.73,34.21,89.85,41.55,164.01,48.75,55.66,72.08,82.01
2017-04-03,143.7,121.15,176.65,23.59,92.27,33.58,107.8,113.2,82.25,29.88,856.75,228.96,146.62,36.16,124.69,87.52,42.41,129.61,190.72,65.55,128.72,55.56,34.24,89.68,41.57,165.59,49.18,55.49,71.83,82.07
2017-04-04,144.77,120.74,178.7,23.44,94.13,33.41,108.66,113.04,82.37,30.02,852.57,229.26,146.34,36.28,124.68,87.31,42.68,129.29,190.19,65.73,129.54,55.04,34.34,89.91,41.69,164.97,49.31,55.2,72.01,82.37
2017-04-05,144.02,120.64,177.08,23.17,94.24,33.0,108.64,113.0,82.87,29.97,848.91,227.66,146.64,36.22,124.8,86.19,42.57,130.41,190.24,65.56,130.64,54.98,34.19,89.97,41.51,165.37,49.02,54.98,71.65,82.53
2017-04-06,143.66,121.95,177.37,23.26,95.82,33.08,109.29,113.05,82.59,29.93,845.095,228.64,147.24,36.03,125.05,86.48,42.67,130.15,189.89,65.73,129.76,55.14,34.11,89.4,40.6,165.34,48.43,55.37,71.43,83.01
2017-04-07,143.34,122.12,178.85,23.16,95.52,32.96,108.86,112.58,82.26,29.99,842.1,227.88,147.13,36.03,124.92,86.18,42.61,129.96,189.99,65.68,128.93,55.11,34.1,89.23,40.59,166.02,48.66,54.84,72.9,82.76
2017-04-10,143.17,122.48,177.56,23.02,97.14,33.01,109.43,112.43,82.4,30.01,841.7,228.89,148.21,35.8,124.34,85.88,42.69,129.98,189.71,65.53,129.43,54.9,34.04,89.49,40.38,165.48,48.54,54.54,73.06,83.13
2017-04-11,141.63,122.76,178.57,22.92,97.1,32.92,108.97,113.07,82.19,30.04,839.88,227.74,148.2,35.74,124.22,85.73,42.66,131.2,190.07,65.48,129.32,54.92,33.93,89.8,40.31,165.83,48.7,54.16,73.43,82.84
2017-04-12,141.8,122.37,176.05,22.65,94.86,32.62,108.97,113.04,82.78,29.77,841.46,225.75,146.54,35.63,125.4,85.4,42.94,131.26,189.7,65.23,130.51,55.57,33.92,90.31,40.56,165.56,48.92,53.12,73.44,82.97
2017-04-13,141.05,122.6,175.62,22.34,93.1,32.42,106.1,113.2,82.59,29.56,840.18,223.32,145.91,35.25,124.99,84.4,42.79,130.76,188.65,64.95,130.77,55.34,33.88,90.03,40.28,164.96,48.62,51.35,73.15,81.69
2017-04-17,141.83,124.25,179.02,22.81,94.14,32.61,106.17,113.78,82.93,29.64,855.13,226.26,147.31,35.48,125.72,85.86,43.07,131.35,190.36,65.48,130.91,56.24,34.0,90.39,40.3,167.18,48.81,52.72,73.49,81.58
2017-04-18,141.2,124.86,177.85,22.71,94.39,32.67,105.68,114.19,82.86,29.84,853.99,215.59,147.76,35.765,121.82,85.16,43.48,132.3,190.22,65.39,131.94,56.11,33.84,90.8,40.25,168.59,49.22,52.45,73.89,81.05
2017-04-19,140.68,124.67,178.4,22.74,93.47,32.65,104.23,113.73,82.35,30.0,856.51,214.09,147.22,35.91,121.37,84.46,43.23,132.64,189.83,65.04,131.5,55.86,33.61,89.6,40.25,169.25,48.94,52.15,74.07,80.49
2017-04-20,142.44,124.3,179.3,23.07,94.66,32.83,104.88,114.79,82.03,30.27,860.08,218.06,148.72,36.18,121.87,85.55,43.09,133.27,191.16,65.5,130.87,56.4,33.74,89.33,40.36,171.54,48.41,53.5,74.8,81.01
2017-04-21,142.27,124.43,180.38,22.71,94.32,32.82,104.89,114.44,82.21,29.55,858.95,216.86,150.0,36.32,121.76,84.52,43.07,133.41,191.5,66.4,133.02,55.85,33.64,88.62,39.93,171.16,47.25,53.0,74.94,80.69
2017-04-24,143.64,123.85,182.06,23.63,96.81,33.28,105.93,113.7,82.58,29.55,878.93,223.22,151.89,36.75,122.89,87.5,43.28,134.23,194.23,67.53,132.75,55.47,33.74,89.55,40.02,172.33,47.05,53.65,74.78,81.11
2017-04-25,144.53,123.94,183.51,23.98,104.42,33.42,106.73,115.18,82.69,29.45,888.84,226.63,153.03,36.87,123.43,88.26,43.11,141.7,195.13,67.92,132.92,55.45,33.76,90.0,39.94,174.04,46.7,54.56,75.05,81.73
2017-04-26,143.68,122.81,181.71,23.89,104.66,33.4,106.08,115.58,82.6,29.26,889.14,226.2,154.22,36.93,123.51,88.43,43.24,140.84,195.0,67.83,132.83,55.16,33.85,87.74,40.44,174.38,47.36,54.54,75.43,81.4
2017-04-27,143.79,125.77,183.22,23.65,102.68,33.75,105.47,115.84,82.9,29.08,891.44,225.81,156.12,37.43,123.74,87.61,43.01,140.87,196.11,68.27,133.52,55.47,33.86,87.69,39.91,174.63,46.67,54.44,75.44,81.26
2017-04-28,143.65,125.94,184.83,23.34,102.26,34.07,106.7,115.6,82.5,28.99,924.52,223.8,156.1,36.15,123.47,87.0,43.15,139.93,195.83,68.46,133.56,55.41,33.92,87.33,39.63,174.88,45.91,53.84,75.18,81.65
2017-05-01,146.58,127.51,182.39,23.61,102.0,33.97,105.92,114.73,82.07,28.94,932.82,224.85,154.21,36.31,123.34,87.06,43.22,141.15,194.81,69.41,133.04,54.99,33.78,87.09,39.1,174.59,45.88,54.46,75.23,82.06
2017-05-02,147.51,127.91,183.44,23.53,101.51,34.24,105.36,114.37,82.39,28.99,937.09,225.12,154.95,36.97,123.7,86.5,43.39,141.23,196.53,69.3,134.02,55.07,33.61,86.22,38.95,174.14,45.91,54.54,75.52,82.05
2017-05-03,147.06,126.79,183.39,23.77,101.54,34.25,106.72,111.62,82.04,29.23,948.45,226.31,155.0,36.98,123.33,87.0,43.32,142.62,197.63,69.08,133.36,54.53,33.47,86.43,38.4,172.54,46.15,54.85,75.76,82.7
2017-05-04,146.53,127.39,183.07,23.85,99.39,34.18,104.81,111.17,82.59,29.2,954.72,226.59,154.86,36.85,123.95,87.1,43.66,143.45,199.51,68.81,134.34,54.47,33.45,86.45,38.01,174.02,45.88,55.18,76.34,81.64
2017-05-05,148.96,128.69,185.01,23.74,99.64,34.39,105.79,111.99,82.98,29.22,950.28,226.87,155.73,36.82,123.51,87.0,43.69,143.96,199.4,69.0,134.33,53.95,33.48,86.5,38.56,174.12,46.69,55.11,76.5,82.02
2017-05-08,153.01,128.87,186.02,23.96,99.37,34.29,106.68,111.42,82.92,29.07,958.69,225.03,156.89,36.54,123.25,87.1,43.89,144.24,198.65,68.94,134.95,54.3,33.45,86.55,38.57,174.44,46.63,55.04,76.12,82.89
2017-05-09,153.99,128.09,186.91,23.98,99.29,33.9,105.08,112.07,82.11,28.93,956.71,223.76,157.68,36.37,123.21,86.75,43.51,144.36,197.96,69.04,133.77,54.89,33.38,86.4,38.22,173.24,46.42,54.68,76.72,82.31
2017-05-10,153.26,127.1,183.18,24.15,100.36,33.74,106.5,109.66,82.48,28.7,954.84,224.88,158.13,36.01,122.81,87.43,43.57,144.52,196.64,69.31,134.17,54.56,33.03,86.49,38.45,173.39,46.38,54.72,76.7,81.91
2017-05-11,153.95,126.28,183.94,24.07,100.99,33.63,106.21,109.58,83.0,28.87,955.89,224.76,156.2,35.69,123.2,87.16,43.67,144.21,196.75,68.46,134.64,54.24,33.04,86.17,38.44,173.32,46.02,53.74,76.13,82.61
2017-05-12,156.1,126.12,183.25,24.0,100.71,33.45,105.96,109.69,83.48,28.27,955.14,222.82,156.92,35.53,123.64,86.92,43.59,145.36,196.57,68.38,135.55,54.2,33.01,86.19,38.49,171.81,45.84,53.02,75.71,82.55
2017-05-15,155.7,127.93,182.39,24.06,102.42,34.23,106.85,109.13,83.58,28.18,959.22,225.12,157.33,35.63,126.99,87.34,43.73,146.28,197.63,68.43,136.13,53.77,33.12,86.33,38.59,171.53,45.38,53.32,76.29,82.8
2017-05-16,155.47,128.37,182.7,23.99,102.34,34.3,107.25,107.98,83.12,28.04,964.61,225.6,158.26,35.82,127.77,87.61,43.85,147.29,197.91,69.41,135.9,52.78,32.6,86.24,38.19,168.12,45.31,53.26,75.11,82.55
2017-05-17,150.25,130.74,178.78,22.57,100.14,33.82,104.7,106.31,82.78,27.41,942.17,213.72,156.09,35.04,126.67,84.27,43.93,146.41,194.84,67.48,136.45,51.8,32.23,86.26,37.46,168.86,44.48,52.24,75.12,81.99
2017-05-18,152.54,127.98,177.4,22.74,100.22,31.38,105.17,106.68,83.25,27.48,950.5,215.16,155.7,35.22,126.97,83.96,43.8,147.01,195.24,67.71,136.94,51.68,32.22,85.87,37.95,171.45,45.04,52.38,77.54,81.75
2017-05-19,153.06,128.32,180.76,23.05,102.43,31.21,106.52,107.52,83.37,28.05,954.65,215.39,156.3,35.4,127.0,84.78,43.9,148.15,195.8,67.69,137.29,51.77,32.46,86.24,38.24,172.59,45.42,53.06,78.77,81.93
2017-05-22,153.99,128.73,183.67,23.04,102.29,31.59,106.12,107.63,84.1,28.18,964.07,216.02,155.96,35.77,127.26,84.7,44.18,148.19,198.51,68.45,138.35,51.57,32.12,86.21,38.25,174.7,45.48,53.01,78.55,82.29
2017-05-23,153.8,128.73,183.49,23.39,103.63,31.76,106.27,107.02,84.3,28.28,970.55,219.64,154.83,35.86,127.52,85.76,44.39,147.82,197.73,68.68,138.96,52.2,32.14,86.08,38.31,175.22,45.48,53.39,78.49,82.58
2017-05-24,153.34,129.3,185.25,23.36,103.95,31.49,106.22,107.71,84.69,27.83,977.61,223.83,155.0,36.12,127.51,85.71,45.03,149.5,197.49,68.77,140.15,52.01,32.05,86.5,38.15,175.59,45.04,53.09,78.15,82.29
2017-05-25,153.87,131.05,187.07,23.25,105.02,31.44,105.11,107.27,85.14,27.49,991.86,222.47,156.46,36.26,127.53,85.35,45.41,149.78,199.54,69.62,140.7,52.35,32.16,86.86,38.23,178.05,45.31,52.78,78.31,81.75
2017-05-26,153.61,131.11,186.59,23.24,105.66,31.5,104.72,108.41,85.07,27.45,993.27,223.53,154.9,36.26,126.92,85.36,45.39,149.86,200.67,69.96,140.71,52.59,32.14,87.25,38.12,177.5,45.32,52.41,78.13,81.55
2017-05-30,153.67,132.12,186.88,22.91,105.47,31.68,104.06,108.34,85.41,27.36,996.17,218.42,153.88,36.18,127.11,83.9,45.43,149.93,202.44,70.41,140.65,52.92,32.13,87.4,38.55,176.59,46.2,52.16,78.15,81.1
2017-05-31,152.76,131.19,187.63,22.41,105.43,31.53,103.48,107.94,85.68,27.38,987.09,211.26,153.51,36.11,128.25,82.15,45.47,150.89,204.47,69.84,141.44,52.99,32.65,88.09,38.53,175.18,46.64,51.14,78.6,80.5
2017-06-01,153.18,131.83,187.32,22.63,105.65,31.82,104.27,108.21,86.4,27.72,988.29,215.01,155.15,36.12,128.78,83.06,45.79,152.39,204.35,70.1,141.9,52.3,32.71,88.13,38.87,179.58,46.51,52.08,79.81,80.7
2017-06-02,155.45,132.49,190.23,22.45,105.95,31.98,103.11,107.18,86.28,27.88,996.12,213.31,155.35,36.32,130.08,82.64,45.89,153.74,206.7,71.76,142.71,52.98,32.54,88.59,38.87,179.39,46.44,51.81,79.62,79.5
2017-06-05,153.93,131.61,188.95,22.41,105.2,31.76,103.19,106.52,85.83,27.98,1003.88,213.99,154.79,36.34,130.36,82.79,45.99,152.79,206.22,72.28,141.85,53.01,32.35,88.74,38.81,179.37,46.37,51.72,80.26,80.12
2017-06-06,154.45,131.7,186.75,22.23,104.55,31.56,104.17,105.5,85.81,27.93,996.68,214.53,154.2,36.13,130.83,82.96,45.98,151.23,205.41,72.52,141.92,52.48,32.07,88.8,38.73,180.82,46.44,51.81,78.93,81.21
2017-06-07,155.37,131.82,188.1,22.6,103.51,31.61,103.77,105.92,86.09,27.68,1001.59,215.78,154.96,36.26,130.75,83.91,45.51,151.94,205.01,72.39,142.58,53.23,32.0,88.77,38.76,183.21,46.5,52.09,79.15,80.91
2017-06-08,154.99,130.97,189.93,22.97,105.01,31.61,104.0,104.32,85.38,27.59,1004.28,218.76,153.5,36.48,130.55,84.95,45.13,151.43,205.94,71.95,141.45,53.2,31.75,87.85,38.5,181.69,46.19,52.56,78.93,80.62
2017-06-09,148.98,130.28,190.03,23.67,105.92,31.37,106.4,105.62,85.72,27.94,970.12,222.44,152.96,35.71,131.53,86.96,45.32,151.48,206.93,70.32,140.24,53.46,32.77,88.16,38.79,181.46,46.72,53.8,79.42,82.13
2017-06-12,145.42,129.18,190.0,23.78,106.07,31.25,108.04,107.04,85.62,28.94,961.81,221.91,152.18,35.73,131.82,86.98,45.33,148.47,207.39,69.78,139.42,54.03,32.7,88.24,39.07,179.25,47.19,54.09,79.24,82.93
2017-06-13,146.59,130.19,191.09,23.77,105.75,31.7,108.13,106.56,85.95,28.45,970.5,224.2,153.99,35.88,132.02,87.27,45.03,149.82,209.11,70.65,139.95,54.31,32.58,88.06,38.68,181.05,46.46,54.45,79.52,82.96
2017-06-14,145.16,130.5,192.38,23.76,104.71,31.6,106.6,106.14,86.32,28.69,967.93,226.51,156.76,35.53,132.77,87.09,45.3,150.68,210.01,70.27,141.15,54.66,32.69,88.44,38.72,182.36,46.69,54.53,79.9,82.07
2017-06-15,144.29,130.87,195.45,23.54,106.4,31.58,106.33,105.98,86.95,28.94,960.18,223.23,156.77,35.31,133.04,86.57,45.25,151.17,211.29,69.9,141.87,52.9,32.81,89.38,38.84,180.38,46.64,53.9,78.91,82.26
2017-06-16,142.27,131.95,196.44,23.43,107.6,31.63,108.35,105.51,87.14,29.0,958.62,221.81,156.64,35.21,134.35,86.18,45.31,151.99,213.24,70.0,142.84,51.1,32.97,89.66,38.96,181.63,46.63,53.89,75.24,83.49
2017-06-19,146.34,132.33,199.08,23.91,107.49,31.99,107.46,105.37,86.89,28.8,975.22,226.13,158.81,35.51,134.07,88.07,45.38,153.14,213.36,70.87,142.39,52.02,33.22,89.86,38.91,183.02,46.57,54.24,75.5,82.76
2017-06-20,145.01,131.2,198.33,23.49,107.04,31.85,106.48,103.94,86.91,28.13,968.99,225.1,157.67,34.86,134.22,87.52,45.61,154.07,213.36,69.91,141.96,51.56,33.56,89.63,38.66,183.27,45.94,53.46,75.54,82.31
2017-06-21,145.87,130.61,199.17,23.13,103.47,31.84,104.49,104.8,86.57,27.78,978.59,222.49,156.59,34.58,134.91,87.12,45.22,153.73,212.86,70.27,141.06,52.59,33.88,89.4,38.15,184.92,45.41,52.98,76.24,81.44
2017-06-22,145.63,130.87,199.44,22.93,103.84,31.85,104.45,104.22,86.28,27.55,976.62,219.77,155.48,34.36,136.05,87.02,45.07,154.8,212.22,70.26,141.59,52.4,34.06,89.03,38.1,186.5,45.42,52.49,75.52,81.08
2017-06-23,146.28,131.88,202.23,22.82,104.11,32.09,105.0,104.36,85.96,27.57,986.09,217.19,151.31,34.19,136.43,86.86,45.25,154.64,212.9,71.21,143.14,52.85,34.17,89.42,37.95,185.25,45.39,52.45,74.84,81.61
2017-06-26,145.82,132.46,199.98,22.89,104.25,32.24,104.14,105.57,86.7,27.61,972.09,220.44,151.42,34.07,136.34,87.24,45.43,153.96,212.61,70.53,144.23,53.28,34.04,89.36,38.15,185.12,45.75,52.9,75.5,81.24
2017-06-27,143.73,135.75,198.89,23.27,103.93,31.76,104.07,105.41,85.7,27.21,948.09,220.28,152.24,33.65,135.01,88.05,45.05,153.72,209.78,69.21,142.27,52.95,33.77,88.61,37.7,184.6,44.84,53.16,76.01,81.11
2017-06-28,145.83,134.53,199.62,23.88,106.45,32.08,104.28,106.86,84.97,27.08,961.01,223.22,153.23,34.2,133.82,89.82,45.32,154.3,210.62,69.8,141.02,53.36,33.75,88.37,37.94,185.7,44.84,54.33,76.51,81.53
2017-06-29,143.68,132.82,197.46,24.32,105.64,31.41,104.12,105.71,84.03,27.02,937.82,224.41,152.16,33.54,132.64,91.15,44.83,153.13,207.85,68.49,139.97,53.17,33.63,86.99,37.62,185.27,44.41,55.78,75.93,80.7
2017-06-30,144.02,132.32,197.75,24.26,107.46,31.3,104.33,106.25,83.59,27.01,929.68,221.9,153.4,33.74,132.29,91.4,44.85,153.16,208.19,68.93,140.13,59.0,33.59,87.15,37.73,185.42,44.66,55.41,75.68,80.73
2017-07-03,143.5,131.41,198.59,24.68,106.97,31.33,106.3,107.46,83.31,27.45,919.46,227.28,154.01,33.46,132.9,92.75,44.76,152.5,209.83,68.17,139.62,58.65,33.82,87.74,38.11,186.65,45.0,55.78,75.36,82.1
2017-07-05,144.09,132.25,201.81,24.92,107.49,31.11,104.62,105.63,83.29,27.35,932.26,228.04,152.69,34.34,133.64,93.68,44.82,153.07,209.76,69.08,138.82,57.56,33.64,87.67,38.12,188.25,44.65,55.78,75.32,80.85
2017-07-06,142.73,131.54,201.48,24.71,106.51,30.72,103.82,103.35,83.21,26.31,927.69,226.69,152.05,33.63,132.52,93.38,44.4,153.09,208.02,68.57,139.57,57.16,33.22,87.37,37.18,186.94,43.52,55.56,75.47,80.12
2017-07-07,144.18,133.14,202.37,24.83,106.92,30.9,103.49,103.32,83.42,26.15,940.81,225.28,152.23,33.88,132.54,93.85,44.39,156.27,209.59,69.46,140.48,57.98,33.35,87.65,36.98,187.96,43.48,55.74,75.33,80.22
2017-07-10,145.06,131.21,203.96,24.89,107.84,30.98,103.04,103.59,83.19,26.04,951.0,225.84,151.18,33.65,131.55,93.19,44.38,155.52,210.49,69.98,141.03,58.73,33.41,87.09,36.83,186.95,43.2,55.59,73.23,80.16
2017-07-11,145.53,130.93,206.27,24.6,108.24,31.09,103.12,103.84,83.18,26.38,953.53,226.95,150.6,33.92,131.23,92.83,44.33,154.91,209.66,69.99,140.75,58.18,33.17,86.77,36.6,185.95,42.89,55.04,73.47,80.6
2017-07-12,145.74,133.88,206.44,24.35,108.96,31.16,103.89,104.38,83.98,26.58,967.66,227.39,152.59,34.25,132.23,92.51,44.51,156.58,211.3,71.15,140.78,58.22,33.22,86.96,36.83,186.69,43.22,55.17,73.94,80.96
2017-07-13,147.77,134.14,206.23,24.62,108.47,31.27,104.13,104.29,83.37,26.79,968.85,230.4,153.29,34.24,131.86,93.1,44.43,155.04,211.09,71.77,140.58,57.94,33.28,86.7,36.21,185.48,43.49,55.6,75.05,80.97
2017-07-14,149.04,136.04,208.51,24.21,108.77,31.42,104.44,105.09,83.84,26.78,976.91,228.6,152.88,34.68,132.6,92.25,44.68,155.28,211.77,72.78,141.66,58.0,33.43,87.1,36.3,186.9,43.56,54.99,76.34,81.28
2017-07-17,149.56,135.4,209.0,24.02,108.84,31.5,104.21,104.79,84.03,26.82,975.96,229.26,153.89,34.47,132.15,91.39,44.73,155.26,211.68,73.35,140.97,57.79,33.25,87.55,36.39,186.35,43.66,54.71,76.37,80.86
2017-07-18,150.08,136.18,208.24,23.9,107.07,31.51,103.72,105.75,84.19,26.89,986.95,223.31,152.17,34.53,134.46,91.07,44.67,153.96,211.31,73.3,141.49,57.65,33.36,88.64,35.99,186.85,43.36,54.8,76.2,80.6
2017-07-19,151.02,135.42,210.88,24.06,107.85,31.9,104.46,106.82,84.35,26.94,992.77,222.87,153.3,34.56,135.21,91.2,44.83,153.89,212.1,73.86,141.8,57.77,33.62,88.35,36.13,189.19,43.45,54.94,75.87,80.85
2017-07-20,150.34,136.24,210.28,23.94,107.32,31.86,104.63,107.36,84.93,26.69,992.19,222.3,147.03,34.75,136.57,91.2,44.82,154.21,212.45,74.22,143.48,59.1,33.54,88.6,36.52,191.5,44.22,54.88,76.02,80.86
2017-07-21,150.27,136.9,212.14,23.8,106.59,31.84,103.25,107.09,85.2,25.91,993.84,220.18,146.65,34.73,135.31,90.89,45.03,153.92,211.16,73.79,144.37,59.95,33.48,88.61,36.51,191.78,44.23,54.17,76.15,80.12
2017-07-24,152.09,137.07,212.18,23.91,108.18,31.86,103.2,107.0,84.55,25.43,998.31,218.18,144.58,34.5,133.01,91.28,44.84,151.85,210.0,73.6,143.15,58.95,33.32,88.18,36.23,190.89,43.71,54.27,76.89,79.87
2017-07-25,152.74,136.62,212.46,24.48,114.54,32.12,104.39,106.42,83.81,25.44,969.03,221.58,146.97,34.67,131.88,92.8,45.24,159.07,199.39,74.19,143.11,59.39,33.1,89.14,36.22,190.4,43.98,55.06,78.52,80.27
2017-07-26,153.46,137.87,233.45,24.21,113.52,31.66,105.12,106.94,84.45,25.59,965.31,222.25,146.69,34.75,130.95,91.93,45.74,156.51,199.03,74.05,145.49,58.36,32.89,89.3,38.03,190.75,44.4,54.91,78.9,80.37
2017-07-27,150.56,134.86,241.0,24.11,114.37,31.57,106.11,110.0,85.05,25.79,952.51,221.48,147.73,34.97,130.83,91.55,46.12,156.95,200.05,73.16,144.65,58.15,33.0,90.68,39.41,188.93,47.81,54.71,79.78,80.83
2017-07-28,149.5,138.34,241.27,24.03,114.1,31.52,108.12,109.96,84.91,25.53,958.33,223.61,148.08,35.31,131.85,91.28,46.01,155.85,199.72,73.04,145.12,58.67,33.15,90.21,39.0,191.15,47.94,53.3,79.81,79.6
2017-07-31,148.73,136.33,242.46,24.12,113.95,31.45,109.19,109.93,85.12,25.61,945.5,225.33,149.6,35.47,132.72,91.8,45.84,155.14,201.17,72.7,146.09,59.05,33.16,90.82,39.0,191.81,48.4,53.94,79.99,80.04
2017-08-01,158.59,137.97,239.44,24.96,113.1,31.65,109.78,110.61,86.48,25.44,946.56,227.0,150.5,36.43,132.51,93.03,45.59,154.04,207.65,72.58,146.75,59.84,33.08,91.1,38.88,192.23,48.89,54.08,80.5,80.17
2017-08-02,157.14,137.97,237.95,24.59,113.09,31.52,110.46,108.67,85.74,25.52,947.64,226.27,150.5,36.64,132.16,93.11,45.59,156.59,205.41,72.26,146.74,59.79,32.92,91.04,38.27,193.0,48.21,53.62,80.53,80.6
2017-08-03,155.57,137.15,238.25,24.37,113.56,31.56,109.43,109.12,86.51,25.76,940.3,223.99,150.79,36.49,133.35,92.5,45.67,154.72,207.62,72.15,147.54,60.14,33.43,90.86,38.28,194.77,48.61,53.4,80.87,80.49
2017-08-04,156.39,137.57,237.71,24.97,114.35,31.8,110.11,107.69,86.48,25.78,945.79,229.79,152.75,36.3,133.18,93.66,45.5,153.82,207.65,72.68,146.75,59.76,33.64,90.67,38.43,194.88,48.91,52.84,80.48,80.21
2017-08-07,158.81,138.07,240.23,24.96,114.71,31.84,109.78,106.35,86.26,25.63,945.75,232.92,153.35,36.43,132.86,94.02,45.64,154.97,207.44,72.4,147.09,59.79,33.31,91.44,38.52,194.78,48.86,52.54,81.28,80.16
2017-08-08,160.08,136.63,239.5,24.9,114.41,31.67,110.35,106.98,86.6,25.56,944.19,232.05,153.35,36.41,132.27,93.68,45.6,154.92,206.43,72.79,147.35,59.46,33.28,91.58,38.36,194.9,48.6,52.71,81.59,79.96
2017-08-09,161.06,137.85,234.31,24.74,114.34,31.62,110.89,102.83,86.2,25.71,940.08,231.01,155.26,36.59,133.23,93.53,45.59,154.92,206.48,72.47,147.24,59.9,33.45,91.92,38.36,194.83,48.22,52.79,81.61,80.21
2017-08-10,155.32,136.83,232.88,24.12,113.15,31.0,110.11,101.35,86.39,25.3,923.59,225.5,153.88,36.14,133.09,92.19,45.74,156.62,206.23,71.41,147.72,59.07,33.42,91.74,38.19,192.57,48.02,51.95,80.66,78.97
2017-08-11,157.48,136.68,234.88,23.86,112.85,31.47,109.23,101.99,85.7,25.2,930.09,224.15,154.88,35.87,133.1,91.42,45.59,157.3,205.98,72.5,147.18,58.97,33.25,91.34,38.1,193.02,48.06,51.94,80.4,78.21
2017-08-14,159.85,139.97,237.15,24.42,113.71,31.84,108.71,101.4,86.12,25.36,938.93,227.36,154.26,36.34,133.48,92.49,45.8,157.26,207.37,73.59,148.06,59.78,33.31,91.65,38.5,193.71,48.78,52.84,80.7,78.23
2017-08-15,161.6,139.69,239.17,24.47,113.65,32.09,108.57,101.51,86.89,25.14,938.08,227.59,150.17,36.0,133.38,92.73,46.19,157.62,207.18,73.22,149.05,58.56,33.38,92.2,38.16,194.5,48.48,52.85,80.77,78.04
2017-08-16,160.95,141.09,237.59,24.19,114.12,32.34,106.84,102.2,86.31,25.1,944.27,225.61,152.25,35.81,134.17,92.09,46.2,158.9,207.92,73.65,149.98,58.54,33.36,92.44,38.23,193.77,48.41,52.69,80.98,77.47
2017-08-17,157.86,139.65,235.59,23.64,113.14,31.04,105.92,101.38,85.87,24.75,927.66,221.42,149.67,35.17,133.04,90.65,45.86,157.89,205.35,72.4,148.61,57.46,32.95,92.07,37.6,192.7,47.89,51.8,79.7,76.26
2017-08-18,157.5,140.0,235.77,23.62,113.92,30.37,106.48,100.7,86.38,24.55,926.18,222.15,147.49,35.01,132.63,90.74,45.67,157.76,203.53,72.49,149.93,54.95,32.67,92.47,37.37,190.82,47.69,51.68,79.31,76.64
2017-08-21,157.21,141.28,235.68,23.38,113.6,30.68,105.78,101.17,86.58,24.49,920.87,220.79,149.2,34.92,133.45,90.63,45.68,158.36,204.55,72.15,150.45,53.61,32.76,92.86,37.58,192.03,48.14,51.82,79.71,76.38
2017-08-22,159.78,142.09,239.75,23.83,115.82,31.27,106.36,102.77,86.55,24.6,940.4,223.58,149.91,34.65,132.21,91.56,45.6,159.64,205.46,73.16,150.84,54.13,33.15,92.79,37.98,194.79,48.35,52.22,80.02,76.74
2017-08-23,159.98,142.84,238.09,23.76,114.75,30.92,106.61,101.5,86.88,24.39,942.58,222.74,149.1,34.66,132.8,91.67,45.54,158.81,202.67,72.72,149.64,53.61,33.24,92.44,37.92,194.24,48.28,52.03,79.96,76.61
2017-08-24,159.27,143.8,238.74,23.84,114.78,31.24,107.44,101.52,87.5,24.3,936.89,222.99,148.25,34.71,132.89,91.52,45.41,158.41,202.12,72.69,149.31,53.84,33.23,92.27,37.68,194.75,48.31,52.16,78.34,76.33
2017-08-25,159.86,144.24,235.89,23.77,115.35,31.44,108.23,102.41,87.23,24.49,930.5,222.47,149.65,34.67,131.68,91.89,45.57,158.82,202.13,72.82,150.1,53.9,33.39,92.51,37.99,194.36,48.68,51.77,78.63,76.72
2017-08-28,161.47,145.78,237.18,23.72,115.07,31.54,107.76,102.56,87.42,24.47,928.13,220.35,151.39,34.65,131.74,91.6,45.42,159.67,202.46,72.83,150.88,53.73,33.47,92.47,37.94,195.09,48.61,51.63,78.03,76.47
2017-08-29,162.91,145.89,240.49,23.58,116.01,31.48,107.86,102.57,87.5,24.44,935.75,219.96,149.84,34.73,132.21,91.1,45.45,159.38,202.92,73.05,150.72,52.73,33.5,92.32,37.85,196.73,48.51,51.42,78.77,76.45
2017-08-30,163.35,147.52,240.46,23.87,117.55,31.99,107.73,102.87,87.28,24.28,943.63,222.42,150.0,34.89,131.07,91.31,45.39,159.53,203.69,74.01,150.62,52.56,33.45,91.87,37.67,195.88,48.12,51.36,78.54,76.1
2017-08-31,164.0,148.05,239.66,23.89,117.49,32.21,107.62,101.2,87.3,24.55,955.24,223.74,149.87,35.07,132.37,90.89,45.55,159.97,204.32,74.77,150.51,52.81,33.92,92.27,37.46,198.9,47.97,51.07,78.07,76.33
2017-09-01,164.05,145.77,240.33,24.09,118.28,32.3,108.76,101.5,87.09,25.14,951.99,225.88,150.78,35.09,131.03,91.7,45.78,159.81,203.56,73.94,150.16,53.36,33.96,92.53,37.48,199.75,47.92,50.97,78.37,76.57
2017-09-05,162.08,146.94,237.0,23.31,118.3,31.62,109.44,101.6,87.41,24.76,941.48,217.78,152.93,35.02,129.9,89.51,45.92,159.1,200.98,73.61,150.26,53.01,33.8,92.72,37.09,199.31,47.36,50.1,79.8,77.18
2017-09-06,161.91,146.07,234.62,23.41,116.98,31.87,111.79,101.5,86.99,24.92,942.02,218.83,156.56,35.76,130.67,90.11,45.96,158.22,202.05,73.4,148.25,52.76,33.99,92.72,36.57,198.38,46.91,49.88,80.08,78.78
2017-09-07,161.26,146.99,236.31,22.97,117.77,31.76,111.8,97.06,87.34,24.02,949.89,215.84,157.93,35.54,132.19,88.53,46.28,159.9,204.46,74.34,149.49,52.39,33.99,92.97,35.6,198.17,46.2,49.68,80.12,79.03
2017-09-08,158.63,144.99,238.78,22.89,117.82,31.48,110.78,97.07,87.78,23.82,941.41,217.21,159.66,35.19,130.98,88.42,46.3,159.71,205.69,73.98,148.26,52.2,34.1,92.84,35.59,197.75,46.11,49.58,78.88,78.82
2017-09-11,161.5,146.18,240.59,23.36,118.87,32.19,112.52,97.09,88.34,23.72,943.29,221.06,158.37,35.77,133.21,89.79,46.52,161.53,209.56,74.76,151.4,53.03,34.32,93.99,35.74,199.58,46.3,50.66,79.08,79.25
2017-09-12,160.86,144.83,240.58,23.95,120.94,32.41,112.49,97.89,87.28,23.91,946.65,225.95,159.91,36.09,132.63,90.89,46.72,156.33,209.64,74.68,149.13,53.4,35.37,93.51,36.26,197.47,46.79,51.57,79.61,79.5
2017-09-13,159.65,143.7,241.93,24.33,119.63,32.18,114.18,98.82,86.77,24.11,950.44,226.56,160.02,36.33,132.45,91.15,46.87,157.0,209.49,75.21,148.18,53.52,35.06,93.55,36.55,198.33,47.25,51.46,79.86,79.77
2017-09-14,158.28,141.86,245.23,24.24,120.48,32.19,114.45,97.9,87.5,24.26,940.13,226.85,159.38,36.48,134.18,90.97,46.11,157.0,211.43,74.77,154.1,53.73,35.73,93.55,36.32,197.73,47.18,51.29,79.68,80.09
2017-09-15,159.88,145.01,249.0,24.38,121.37,32.44,114.63,98.52,87.3,23.93,935.29,225.22,158.4,37.0,134.45,91.62,46.18,156.92,213.35,75.31,150.09,53.87,35.36,93.27,37.1,198.18,47.86,51.66,80.38,80.07
2017-09-18,158.67,144.77,253.08,24.7,123.83,32.52,115.19,98.1,86.06,24.46,929.75,227.53,157.81,37.0,135.38,92.92,46.11,156.68,213.76,75.16,148.3,53.5,35.55,93.15,37.42,198.19,48.09,52.71,80.0,80.09
2017-09-19,158.73,140.98,252.46,24.86,124.74,32.49,116.34,98.43,85.98,24.2,936.86,228.91,157.66,37.23,135.22,93.94,45.98,157.43,213.56,75.44,147.92,53.33,35.45,94.17,38.21,194.65,49.34,53.36,80.05,80.22
2017-09-20,156.07,140.4,255.46,25.06,124.85,32.6,116.37,99.21,85.2,24.32,947.54,229.79,158.68,37.07,133.22,94.6,45.78,159.88,210.51,74.94,146.74,53.56,35.99,94.4,38.43,195.75,49.48,53.75,80.5,80.55
2017-09-21,153.39,139.4,256.04,25.16,124.79,32.7,116.47,98.89,85.16,24.75,947.55,231.29,159.19,37.2,131.75,95.03,45.4,159.03,210.44,74.21,146.78,53.19,35.97,92.64,38.22,195.21,48.94,54.06,80.01,79.89
2017-09-22,151.89,137.78,256.45,25.02,124.43,33.37,117.29,98.6,84.25,24.87,943.26,231.03,159.97,37.18,131.39,94.83,45.49,158.91,210.76,74.41,146.36,53.24,35.96,92.24,38.59,193.03,49.9,54.25,79.53,79.92
2017-09-25,150.55,137.39,254.32,24.76,124.32,33.72,117.99,99.57,85.14,25.11,934.28,230.26,161.1,37.16,131.17,94.12,45.69,156.26,210.73,73.26,146.82,53.23,35.51,92.72,39.12,191.75,49.9,54.03,79.15,80.98
2017-09-26,153.14,136.42,253.7,24.81,124.51,33.76,117.52,98.63,84.82,24.93,937.43,229.94,161.26,37.47,130.94,93.7,45.57,153.35,211.03,73.26,147.7,53.7,35.3,92.65,38.72,192.7,49.51,53.8,79.39,80.89
2017-09-27,154.23,134.74,255.28,25.41,124.52,33.48,117.45,99.24,83.94,24.37,959.9,234.76,160.92,37.54,129.75,95.18,44.64,154.05,209.48,73.85,146.25,52.67,35.45,90.87,38.77,194.49,49.51,54.21,79.29,81.43
2017-09-28,153.28,136.1,254.27,25.45,125.23,33.35,117.62,98.05,84.26,24.24,964.81,235.47,162.36,37.83,129.47,95.38,44.91,157.49,209.55,73.87,146.99,52.63,35.6,90.89,39.04,196.1,49.41,54.25,78.95,82.19
2017-09-29,154.12,136.68,254.21,25.34,124.71,33.63,117.5,98.57,83.92,24.18,973.72,237.19,163.56,38.08,130.01,95.51,45.01,156.68,209.9,74.49,146.55,51.85,35.7,90.98,39.17,195.85,49.49,55.15,78.14,81.98
2017-10-02,153.81,135.86,255.99,25.62,124.72,33.75,117.43,99.86,84.36,24.57,967.47,240.65,164.02,39.04,131.22,96.84,44.8,156.96,212.76,74.61,146.74,51.87,36.07,91.77,39.11,197.44,49.36,55.47,78.45,81.63
2017-10-03,154.48,136.66,255.46,25.86,125.51,33.85,117.82,100.79,83.85,24.8,972.08,241.62,165.17,39.38,132.1,97.35,45.19,156.86,214.57,74.26,146.89,51.47,36.14,92.12,39.48,198.63,49.85,55.58,79.22,81.76
2017-10-04,153.48,138.84,255.76,25.71,126.74,33.44,117.58,100.55,84.47,24.48,966.78,240.31,165.29,39.34,132.89,96.36,45.5,157.21,216.52,74.69,148.57,52.08,35.96,92.42,39.5,200.48,49.9,54.96,79.09,81.79
2017-10-05,155.39,139.25,258.89,26.13,126.4,33.59,118.58,100.11,84.29,24.54,985.19,246.06,166.12,39.53,133.19,97.09,45.52,158.8,216.37,75.97,147.76,52.18,36.0,92.03,39.51,197.9,49.77,55.39,79.41,82.02
2017-10-06,155.3,139.11,258.58,26.21,126.93,33.75,117.03,100.07,84.64,24.39,993.64,246.02,165.85,39.63,133.22,96.92,45.49,159.6,216.52,76.0,147.47,52.42,36.05,92.33,38.59,198.06,48.81,55.58,79.0,81.71
2017-10-09,155.84,137.94,258.39,25.85,126.88,33.76,117.71,99.57,84.82,23.43,992.31,242.8,165.71,39.86,133.45,96.41,45.41,160.12,216.68,76.29,147.9,51.52,36.14,92.12,38.3,196.3,49.05,55.14,80.53,82.03
2017-10-10,155.9,137.09,260.93,25.93,128.19,33.55,118.8,99.58,85.79,23.36,987.8,242.6,165.16,39.65,133.9,97.13,45.87,160.58,216.75,76.29,149.03,51.53,36.4,91.62,38.5,194.68,49.14,55.61,84.13,82.26
2017-10-11,156.55,137.93,261.44,25.83,128.6,33.59,119.33,98.55,86.39,23.07,1005.65,242.4,165.25,39.3,136.65,96.84,46.1,163.15,216.51,76.42,149.87,51.03,36.45,91.46,38.19,195.26,48.86,55.66,85.73,82.6
2017-10-12,156.0,140.03,261.91,25.45,129.99,33.26,119.14,96.93,86.97,23.05,1005.65,239.8,164.59,39.19,136.83,95.99,46.11,163.91,217.59,77.12,150.7,50.83,36.35,92.15,35.86,192.92,48.35,55.21,86.1,82.43
2017-10-13,156.99,139.97,260.74,25.83,130.71,33.47,119.16,97.38,86.79,22.98,1007.87,238.53,164.47,39.67,136.43,95.86,46.18,165.37,217.72,77.49,150.55,50.98,36.34,93.04,35.7,192.52,47.86,53.69,86.62,82.41
2017-10-16,159.88,139.59,259.75,26.24,131.47,33.54,120.13,98.13,87.13,23.36,1009.35,242.41,164.22,39.76,136.12,97.84,46.62,165.01,218.72,77.65,151.52,51.37,35.98,93.14,36.17,193.2,48.09,53.8,85.74,82.81
2017-10-17,160.47,139.13,258.62,26.2,130.54,33.6,120.22,98.36,87.51,23.19,1011.0,236.09,163.35,39.79,140.79,97.62,46.52,165.4,217.75,77.59,152.67,52.0,36.2,92.8,36.23,203.89,48.4,53.19,85.98,82.96
2017-10-18,159.76,137.48,260.04,26.48,131.29,33.55,118.15,98.25,87.04,23.12,1012.74,242.03,163.45,40.25,140.68,97.99,46.4,165.77,218.27,77.61,152.54,52.3,35.83,92.77,35.71,205.23,48.65,53.41,86.22,82.76
2017-10-19,155.98,138.39,259.04,26.58,131.55,33.75,118.2,99.01,87.85,23.58,1001.84,239.99,163.24,40.09,142.04,98.11,46.59,166.5,219.24,77.91,153.87,52.69,36.24,91.59,35.69,203.25,49.21,53.75,86.4,82.74
2017-10-20,156.25,139.07,264.75,27.17,131.36,34.25,118.64,99.4,87.93,23.83,1005.07,244.73,163.43,40.43,142.4,99.51,46.38,166.3,221.32,78.81,154.16,53.06,36.42,88.25,35.54,207.49,49.53,54.92,87.44,83.11
2017-10-23,156.17,138.75,262.32,27.16,131.68,34.35,118.93,98.7,87.54,22.32,985.54,242.13,164.74,40.83,143.62,99.34,46.32,163.34,221.55,78.83,154.38,53.66,36.4,87.3,35.25,207.01,48.99,54.91,88.65,83.24
2017-10-24,157.1,138.03,266.0,27.68,138.24,34.58,119.23,98.29,87.99,21.89,988.49,244.84,166.03,40.95,141.64,100.92,46.18,163.88,234.65,78.86,154.22,53.42,36.27,86.98,34.86,208.15,48.94,55.42,87.98,83.47
2017-10-25,156.41,137.37,258.4,27.635,136.84,34.3,118.51,97.78,87.77,21.525,991.46,241.74,166.09,40.78,142.42,101.04,46.05,163.55,237.91,78.63,153.86,54.9245,36.16,86.84,33.4854,207.53,48.66,55.255,88.49,83.195
2017-10-26,157.41,138.45,259.27,27.74,136.94,34.27,118.44,98.56,87.36,21.32,991.42,241.72,167.65,41.35,141.81,101.74,46.23,164.01,232.94,78.76,153.39,56.81,35.74,87.5,33.68,209.15,48.89,55.62,88.62,83.47
2017-10-27,163.05,139.03,256.46,27.8,137.81,34.43,113.54,98.31,87.95,20.79,1033.67,241.71,167.34,44.4,141.78,101.77,46.07,165.39,234.74,83.81,155.84,55.96,35.6,87.04,33.97,212.6,48.87,55.87,88.17,83.71
2017-10-30,166.72,142.87,259.25,27.6,136.49,34.04,114.39,98.04,88.11,20.41,1033.13,240.89,165.31,44.37,140.0,101.41,45.86,166.23,231.02,83.89,155.36,55.27,35.15,86.27,33.54,209.39,47.83,55.85,86.95,83.54
2017-10-31,169.04,143.67,257.98,27.39,135.8,34.15,115.89,97.81,88.31,20.16,1033.04,242.48,165.78,45.49,139.41,100.61,45.98,166.91,230.19,83.18,155.07,54.99,35.06,86.34,33.65,210.22,47.87,56.14,87.31,83.35
2017-11-01,166.89,140.81,258.5,27.53,136.29,34.62,115.9,99.03,87.86,20.02,1042.6,244.26,165.38,46.71,139.98,100.92,45.8,166.37,230.18,83.18,153.38,55.07,35.26,86.89,33.55,209.53,47.83,56.21,87.94,83.87
2017-11-02,168.11,142.44,262.63,27.87,136.47,34.21,115.33,98.35,88.56,19.94,1042.97,246.88,162.71,47.1,139.93,101.59,45.88,168.1,232.23,84.05,149.86,55.12,35.46,86.51,33.17,211.1,47.46,56.48,88.8,83.53
2017-11-03,172.5,142.1,261.75,27.82,136.63,34.47,114.99,98.64,88.52,20.14,1049.99,244.4,164.39,46.34,140.08,101.41,45.97,168.65,232.22,84.14,152.65,55.71,35.55,86.58,33.3,212.87,47.42,56.35,89.68,83.18
2017-11-06,174.25,150.16,264.07,27.75,137.71,34.41,117.04,100.64,87.87,20.13,1042.68,243.49,164.22,46.7,139.76,100.78,45.47,170.07,230.31,84.47,151.86,56.04,35.32,86.05,32.86,212.12,45.53,56.18,88.7,83.75
2017-11-07,174.81,150.66,266.13,27.18,138.81,34.4,117.24,101.61,89.36,20.21,1052.39,239.81,163.66,46.78,139.77,98.75,45.94,170.77,230.05,84.27,155.49,55.15,35.36,86.98,33.07,212.7,45.57,55.05,88.95,83.58
2017-11-08,176.24,152.72,265.57,26.79,137.29,34.5,116.67,101.18,89.23,20.12,1058.29,241.25,164.05,46.7,141.32,97.64,46.18,170.1,229.83,84.56,154.92,55.76,35.34,87.58,33.44,210.77,45.46,54.26,90.26,83.47
2017-11-09,175.88,151.82,262.7,26.49,135.34,34.05,117.24,102.68,89.63,19.99,1047.72,240.79,163.27,46.3,140.35,97.63,46.23,167.0,228.39,84.09,155.25,56.13,35.2,87.78,34.0,211.56,45.07,54.0,90.3,83.97
2017-11-10,174.67,150.54,260.85,26.51,136.48,33.99,117.18,104.78,88.89,20.49,1044.15,240.15,164.11,45.58,139.56,97.51,46.54,165.59,227.45,83.87,155.16,56.09,35.18,88.16,34.22,211.07,44.88,53.81,90.92,82.94
2017-11-13,173.97,150.04,262.42,26.4,136.53,33.95,117.23,104.74,89.88,19.02,1041.2,240.27,165.35,45.75,139.76,97.86,46.72,167.37,228.22,83.93,156.78,55.91,35.3,89.0,34.17,212.66,44.75,53.72,90.99,82.89
2017-11-14,171.34,149.49,261.76,26.24,137.54,34.04,116.92,103.17,91.09,17.9,1041.64,237.24,168.06,45.86,139.49,97.27,47.43,168.11,229.33,84.05,158.4,55.98,35.38,88.87,33.72,211.71,44.22,54.04,91.09,82.24
2017-11-15,169.08,148.93,262.86,26.79,134.1,34.11,116.45,103.69,90.58,18.26,1036.41,237.61,165.47,45.46,139.1,98.19,46.81,167.32,227.4,82.98,157.36,56.63,35.36,88.23,33.81,209.86,44.11,53.75,89.83,81.21
2017-11-16,171.1,148.4,263.7,26.76,136.36,35.88,114.57,103.6,89.21,18.25,1048.47,239.37,167.5,45.65,138.87,98.47,46.55,168.09,229.42,83.2,157.29,57.23,35.56,89.25,34.52,211.13,44.77,54.6,99.62,80.56
2017-11-17,170.15,145.87,262.26,26.62,136.13,35.9,114.71,103.44,88.52,18.21,1035.89,238.02,167.74,44.63,138.0,98.14,45.71,166.72,229.36,82.4,156.04,59.19,35.37,88.43,34.51,209.9,45.42,54.15,97.47,80.24
2017-11-20,169.98,146.22,264.63,26.74,136.91,36.5,114.72,102.75,88.66,17.98,1034.66,238.13,170.45,44.62,137.93,99.01,45.46,166.93,231.49,82.53,155.92,59.25,35.35,88.27,34.64,210.25,46.2,54.05,97.48,80.55
2017-11-21,173.14,146.59,266.99,26.73,137.6,36.65,115.17,103.0,88.81,17.83,1050.3,238.02,172.86,44.94,138.34,98.93,45.78,168.3,234.09,83.72,156.21,59.39,35.54,88.72,34.33,212.6,46.18,54.52,96.52,80.87
2017-11-22,174.96,145.31,265.15,26.66,138.01,36.45,115.91,102.74,88.63,18.15,1051.92,236.43,172.06,44.65,137.29,98.64,45.84,169.05,231.58,83.11,155.18,59.07,35.43,88.33,34.87,211.22,47.1,54.06,96.41,81.1
2017-11-24,174.97,147.3,265.88,26.59,137.39,36.49,116.51,102.64,88.78,18.19,1056.52,235.95,172.33,44.75,138.01,98.32,45.88,169.11,231.38,83.26,156.03,59.32,35.49,88.45,34.81,212.51,47.01,54.09,96.62,81.42
2017-11-27,174.09,148.23,265.58,26.59,137.19,36.87,115.59,102.79,88.88,18.12,1072.01,235.11,174.16,44.49,138.1,97.93,45.9,168.96,234.0,83.87,157.0,59.63,35.49,88.96,34.68,212.4,47.66,53.95,96.62,81.11
2017-11-28,173.07,148.64,267.99,27.64,138.99,37.73,116.45,103.41,88.98,18.41,1063.29,239.41,176.57,44.73,140.02,101.36,45.83,171.34,235.63,84.88,157.79,59.58,35.85,89.4,35.42,216.14,48.82,55.57,96.77,81.67
2017-11-29,169.48,146.3,269.3,28.28,138.06,37.48,117.18,105.24,89.0,18.48,1037.38,241.36,177.25,43.95,139.81,103.73,45.5,170.43,238.01,83.34,157.77,60.36,36.21,89.38,36.48,222.88,49.9,56.68,97.56,82.27
2017-11-30,171.85,143.93,276.8,28.17,141.15,37.3,118.99,104.82,89.18,18.29,1036.17,247.64,179.82,44.84,139.33,104.52,45.77,171.97,243.14,84.17,158.04,60.42,36.26,89.99,36.38,228.17,50.89,56.47,97.23,83.29
2017-12-01,171.05,143.61,271.38,28.1,141.52,37.6,119.51,105.25,88.73,17.88,1025.07,248.95,180.42,44.68,139.98,104.79,45.97,172.87,241.15,84.26,157.47,59.88,36.35,90.36,36.5,226.78,51.25,56.2,97.35,83.46
2017-12-04,169.8,138.97,277.97,29.06,141.5,37.72,120.84,110.22,88.62,17.95,1011.87,250.65,184.9,44.49,139.01,106.95,46.23,170.65,239.26,81.08,155.97,60.1,36.06,91.41,37.27,221.42,51.72,57.39,97.01,83.57
2017-12-05,169.64,140.76,275.54,28.93,140.14,37.31,120.39,107.22,87.96,17.76,1019.6,248.33,182.85,43.44,139.67,105.72,46.26,172.99,238.26,81.59,155.64,60.42,35.63,91.4,36.55,220.09,50.92,58.55,97.83,82.89
2017-12-06,169.01,141.8,278.27,28.64,140.34,37.41,119.61,105.46,88.31,17.66,1032.72,245.95,180.8,43.45,141.06,104.93,46.45,173.48,238.67,82.78,157.78,59.72,35.56,91.25,36.11,219.94,50.68,58.57,97.28,82.28
2017-12-07,169.32,144.11,281.97,28.78,142.89,37.4,119.63,105.26,87.9,17.71,1044.57,248.56,182.0,43.08,140.01,104.62,45.78,172.91,240.3,82.49,158.18,60.6,35.5,90.1,36.17,220.15,50.42,59.36,96.78,82.55
2017-12-08,169.37,142.47,285.9,29.05,143.86,37.61,119.92,104.23,88.05,17.71,1049.38,250.35,183.41,43.35,140.59,105.93,45.31,173.15,238.13,84.16,159.03,61.3,35.74,90.37,36.73,223.91,51.09,59.31,96.55,82.66
2017-12-11,172.67,144.05,283.16,28.94,143.77,37.96,120.42,106.83,88.37,17.65,1051.97,250.13,182.25,43.66,141.14,105.62,45.33,173.25,239.3,85.23,159.25,61.91,36.21,90.23,36.9,222.77,51.84,58.87,96.93,83.03
2017-12-12,171.7,143.51,289.94,29.32,143.42,37.91,119.68,107.43,87.13,17.91,1048.77,257.68,181.8,43.33,142.6,106.85,45.29,172.23,236.58,85.58,157.07,62.17,36.58,89.85,38.1,222.49,53.19,60.33,96.7,82.76
2017-12-13,172.27,143.73,291.84,28.84,148.57,38.15,119.93,107.61,87.56,17.76,1051.39,255.56,183.03,43.34,142.89,105.51,45.9,173.55,239.11,85.35,156.47,64.3,36.64,90.88,38.04,224.35,52.89,59.4,97.76,83.12
2017-12-14,172.22,143.64,293.88,28.73,146.28,37.9,119.53,110.57,87.56,17.64,1057.47,255.48,182.13,43.26,141.65,104.66,46.03,173.14,238.08,84.69,157.98,64.53,36.46,91.0,37.74,221.25,52.34,59.22,97.13,82.9
2017-12-15,173.97,142.76,293.94,29.04,146.69,38.19,119.73,111.27,87.84,17.82,1072.0,257.17,182.58,44.56,142.46,106.14,46.19,174.06,238.0,86.85,158.43,64.79,37.2,91.89,38.24,221.82,52.67,59.87,97.11,83.03
2017-12-18,176.42,142.84,296.14,29.48,149.77,38.48,119.7,111.03,86.54,17.76,1085.09,260.02,184.73,46.26,141.8,106.96,45.93,174.2,238.42,86.38,156.35,64.81,37.13,91.88,38.46,222.67,53.25,60.92,97.9,82.94
2017-12-19,174.54,141.86,297.25,29.45,150.91,38.3,119.84,111.81,85.01,17.59,1079.78,256.48,185.98,47.04,141.78,106.51,46.13,173.39,238.39,85.83,154.1,64.24,36.94,91.68,38.05,222.04,52.83,60.36,98.8,82.44
2017-12-20,174.35,140.19,297.9,29.48,152.52,38.74,120.89,109.69,84.49,17.45,1073.56,255.18,187.31,47.56,141.16,106.14,46.08,172.17,236.92,85.52,153.64,63.59,36.46,91.53,38.55,222.38,52.77,60.14,98.75,82.87
2017-12-21,175.01,139.61,295.03,29.82,154.64,38.53,124.82,109.57,84.3,17.47,1070.85,261.01,188.08,46.76,141.06,107.83,45.6,171.85,234.78,85.5,154.48,64.77,36.24,91.67,38.88,221.69,53.01,61.61,98.06,83.85
2017-12-22,175.01,140.66,295.1,29.88,155.75,38.55,124.98,108.67,84.17,17.5,1068.86,258.97,188.13,46.7,140.12,107.45,45.59,171.42,234.73,85.51,154.54,63.29,36.14,92.13,38.94,220.0,53.19,61.55,98.21,83.97
2017-12-26,170.57,140.91,295.36,29.78,156.44,38.48,125.98,108.12,83.6,17.43,1065.85,257.72,190.36,46.08,140.09,107.02,45.81,171.29,235.45,85.4,154.0,63.65,36.21,92.48,39.06,219.6,53.22,61.13,99.16,83.98
2017-12-27,170.6,141.56,295.62,29.73,157.52,38.56,125.55,107.64,83.98,17.38,1060.2,255.95,190.19,46.11,140.57,107.22,45.93,172.67,236.2,85.71,155.29,62.95,36.33,92.1,38.89,220.42,53.28,60.95,99.26,83.9
2017-12-28,171.08,142.91,296.35,29.8,158.42,38.59,125.58,107.77,83.99,17.36,1055.95,256.5,189.78,46.22,140.56,107.79,45.72,173.1,235.72,85.72,156.35,62.95,36.37,92.07,39.18,222.77,53.43,61.3,99.4,84.02
2017-12-29,169.23,142.67,294.91,29.52,157.58,38.3,125.19,107.51,84.11,17.45,1053.4,254.76,189.53,46.16,139.72,106.94,45.88,172.12,235.37,85.54,156.19,62.55,36.22,91.88,38.88,220.46,52.93,60.67,98.75,83.64
2018-01-02,172.26,141.13,296.84,29.9,157.04,38.86,127.58,111.8,83.23,17.98,1073.21,255.67,188.03,46.85,139.23,107.95,45.54,173.22,235.64,85.95,155.09,63.49,36.44,90.65,38.54,221.16,53.53,61.09,98.59,85.03
2018-01-03,172.23,141.68,297.8,29.8,157.28,39.17,128.51,112.28,82.97,18.15,1091.52,253.29,189.01,45.26,140.56,108.06,45.44,172.49,235.63,86.35,151.8,63.48,36.71,90.54,37.65,223.48,52.43,61.56,99.45,86.7
2018-01-04,173.03,139.61,296.67,30.19,159.44,38.99,128.11,112.23,82.32,18.53,1095.76,256.83,190.51,44.43,140.55,109.04,46.08,173.7,238.71,87.11,151.02,63.44,36.79,91.18,38.0,224.45,52.6,62.33,99.54,86.82
2018-01-05,175.0,140.51,308.84,30.33,161.96,39.53,127.9,111.62,81.94,18.54,1110.29,255.52,192.5,44.74,141.71,108.34,46.07,174.05,240.57,88.19,151.71,63.98,36.86,91.24,38.14,228.73,52.48,62.75,100.13,86.75
2018-01-08,174.35,142.01,310.15,30.12,166.03,39.94,128.53,110.02,82.2,18.28,1114.21,251.81,192.04,44.74,141.89,108.5,46.0,173.93,239.79,88.28,152.96,64.55,36.45,91.72,38.25,224.76,52.39,62.04,101.61,87.14
2018-01-09,174.33,141.05,318.43,30.27,166.43,39.69,127.84,109.94,81.24,18.56,1112.79,253.94,193.1,43.62,144.14,109.05,46.23,173.54,241.28,88.22,151.84,64.09,36.41,91.05,37.49,225.88,51.61,62.26,100.39,86.77
2018-01-10,174.29,137.61,320.26,30.55,165.87,39.91,128.66,109.47,80.11,18.929,1110.14,254.33,191.8,42.5,143.97,110.25,46.07,173.51,241.14,87.82,150.59,64.22,36.47,90.47,36.62,224.2,51.69,63.12,99.67,86.08
2018-01-11,175.28,134.97,328.12,30.66,169.2,40.1,132.57,110.99,79.28,19.02,1112.05,255.13,194.68,43.41,144.79,110.84,46.04,173.39,242.31,88.08,150.5,64.29,36.56,90.15,36.48,225.39,52.11,63.01,100.02,86.93
2018-01-12,177.09,133.0,336.21,31.19,170.3,40.87,133.6,112.47,78.9,18.76,1130.65,257.03,196.42,43.24,145.76,112.67,46.15,173.57,244.47,89.6,150.32,64.67,36.54,89.61,36.9,228.64,51.86,62.55,100.87,87.52
2018-01-16,176.19,135.63,335.16,31.24,169.31,40.54,132.01,110.69,78.42,18.21,1130.7,258.46,196.31,43.14,146.86,112.27,46.53,173.68,244.74,88.35,150.54,63.42,36.6,90.22,36.72,232.9,51.66,62.5,100.69,86.97
2018-01-17,179.1,136.64,351.01,31.18,168.5,41.2,132.36,111.97,78.41,17.35,1139.1,253.65,199.82,44.39,146.98,112.99,46.82,174.98,248.11,90.14,151.88,63.81,37.18,91.2,36.85,238.43,51.72,63.88,102.7,88.0
2018-01-18,179.26,135.19,340.16,31.48,168.83,41.3,131.59,110.42,77.34,16.77,1135.97,250.97,198.33,44.48,146.92,113.26,46.88,174.57,245.91,90.1,150.78,64.11,36.99,90.18,37.15,243.16,51.55,63.95,104.3,87.43
2018-01-19,178.46,137.62,337.73,31.72,170.41,41.29,131.3,110.59,76.82,16.26,1143.5,256.12,201.33,44.82,147.36,113.01,47.16,176.12,248.18,90.0,150.16,67.21,36.94,91.07,37.21,243.35,51.91,64.22,104.59,87.15
2018-01-22,177.0,139.24,338.0,31.94,170.89,41.66,132.56,111.1,76.95,16.17,1164.16,261.52,204.46,45.75,148.14,114.33,47.38,176.21,247.3,91.61,150.02,66.39,36.93,91.89,37.87,243.56,53.46,64.73,105.45,88.25
2018-01-23,177.04,141.2,335.59,31.92,169.43,42.1,131.02,110.41,77.71,16.89,1176.17,260.09,204.9,46.06,141.83,114.21,47.45,176.81,246.31,91.9,152.72,67.14,36.82,89.05,37.19,245.21,53.23,64.49,105.9,88.3
2018-01-24,174.22,141.76,334.69,32.09,168.34,42.17,131.39,110.5,77.24,16.44,1171.29,265.68,206.22,45.51,142.07,115.67,47.83,176.12,247.69,91.82,150.85,68.0,36.93,88.31,37.02,244.85,54.22,65.48,105.79,88.53
2018-01-25,171.11,142.96,343.11,32.09,169.37,41.9,130.65,110.55,78.9,16.18,1182.14,269.03,205.37,45.3,144.4,115.7,47.84,175.66,252.36,92.33,153.09,67.71,37.23,88.34,37.45,245.18,54.29,65.65,106.6,88.37
2018-01-26,171.51,145.13,343.22,32.2,167.06,42.56,131.19,112.19,78.83,16.13,1187.56,268.14,207.23,50.08,145.33,116.32,48.53,178.36,258.63,94.06,157.69,68.04,39.01,87.73,37.82,248.47,54.72,65.93,108.39,89.0
2018-01-29,167.96,144.33,340.82,32.28,162.58,42.85,128.48,111.54,77.29,16.28,1186.48,272.48,204.92,49.98,143.68,116.2,47.7,177.77,256.01,93.92,155.68,67.58,39.02,86.86,37.26,247.41,54.13,65.82,109.55,88.01
2018-01-30,166.97,145.15,337.71,31.88,163.76,42.25,125.23,110.11,77.66,15.95,1177.37,268.94,201.81,48.79,142.43,115.11,47.41,172.48,251.54,92.74,155.1,67.33,37.8,86.95,37.44,236.65,53.9,65.28,107.73,86.78
2018-01-31,167.43,147.7,354.37,32.0,162.78,41.54,125.35,108.67,78.5,16.17,1182.22,267.89,200.9,48.14,138.19,115.67,47.59,171.14,250.5,95.01,158.42,68.22,37.04,86.34,37.45,236.78,54.07,65.78,106.6,87.3
2018-02-01,167.78,147.06,356.94,32.5,162.24,41.7,125.57,110.49,76.84,16.02,1181.59,272.23,199.9,47.65,140.02,116.87,47.45,171.9,247.94,94.26,156.34,67.65,36.83,85.85,39.16,235.22,54.3,65.51,105.52,89.07
2018-02-02,160.5,145.22,348.91,31.95,157.49,40.93,118.58,108.7,76.53,15.64,1119.2,260.04,193.97,46.15,137.68,114.28,46.73,169.38,245.17,91.78,155.92,67.22,36.61,84.25,38.07,231.88,52.98,64.07,104.48,84.53
2018-02-05,156.49,142.04,328.88,30.26,151.08,38.78,112.62,104.7,75.81,14.91,1062.39,249.11,183.11,44.52,130.39,108.8,44.89,163.85,231.44,88.0,154.29,64.39,34.67,81.06,36.63,220.02,50.5,58.16,100.09,79.72
2018-02-06,163.03,140.17,340.91,31.2,156.41,40.17,117.18,106.17,74.49,15.27,1084.43,258.7,191.04,44.91,131.83,112.11,44.67,165.18,233.63,91.33,149.56,65.22,35.28,82.38,36.83,225.18,50.83,57.28,100.9,78.35
2018-02-07,159.54,140.0,348.12,31.25,154.34,40.34,115.29,104.76,74.4,15.25,1055.41,257.1,191.29,45.2,131.42,112.87,44.56,165.71,233.19,89.61,148.09,65.63,34.98,81.84,36.93,225.82,51.01,57.54,102.85,76.94
