date,AAPL,AMT,BA,BAC,CAT,CSCO,CVX,DIS,DUK,GE,GOOGL,GS,HD,INTC,JNJ,JPM,KO,MCD,MMM,MSFT,NEE,NKE,PFE,PG,T,UNH,VZ,WFC,WMT,XOM
2013-02-08,,,,,,,,,,,,,,,,,,,,,,,,,,,,,,
2013-02-11,0.010422346737563704,-0.008824292758889296,-0.009012539184952928,0.008503401360544283,-0.0025813113061434745,0.0051984877126654006,0.0,0.0016465422612514935,0.0020289855072463947,-0.0022222222222222365,-0.0037562548066196744,0.004221635883905117,-0.009401581853454855,0.0014285714285715567,-0.0009273979862216564,0.0006169031462059937,-0.004126902244003139,0.003162221987983438,-0.00038963569062921977,0.011252268602540694,0.0011095700416090537,0.01154057519692242,0.009672619047619069,0.0007920792079207928,-0.0011341083073435065,-0.010737790093522714,-0.0006764374295378239,0.010894495412843819,-0.0011191941801902416,-0.003724184629274374
2013-02-12,-0.02506658265438,-0.01034302173343793,0.0015816528272043495,0.03246205733558183,0.006418219461697738,-0.014104372355430272,0.007436873054306403,0.0036529680365298134,0.005206826728377134,0.00579064587973277,-0.0021984100150868047,0.012283236994219626,0.014160891834889888,0.007608178792201548,0.00517172788754805,0.009864364981504448,-0.02719502719502709,-0.0007355259010193294,0.008185538881309684,0.00071787508973431,0.00429481850928215,-0.002354219485693476,-0.005526897568165157,0.0022424482258276424,0.010502412716435039,-0.0019257703081232425,0.0027075812274368616,0.007090187180941676,0.0,0.0020389669234253116
2013-02-13,-0.001902972347059051,-0.021034528376769446,-0.015923147782602842,-0.0061249489587585915,-0.008640197490228374,0.008106819265617737,-0.008326180257510751,0.00018198362147403557,-0.009784172661870594,0.03587245349867141,0.0027667993293756243,0.002660437349944811,0.0019310754604873193,0.002831524303916977,-0.0018469656992085026,-0.009361009361009365,-0.009318423855165126,-0.011566771819137678,-0.0057993427411558995,0.0053802008608321295,0.0008277003724652676,-0.00962062080232351,0.0003705075954056891,0.007633587786259444,-0.0050561797752809445,0.003858972110156067,0.0018001800180018623,-0.01070121092649945,-0.0001400560224090741,0.002373954329640604
2013-02-14,-0.0008993398845246192,-0.007027027027026955,0.002005883926183616,-0.0032867707477403085,-0.003216434945009339,-0.007095553453169479,0.0015580368735392813,-0.0014556040756913413,-0.011915140947398872,0.0008550662676356513,0.00633579482897062,0.00912503235827078,-0.0016308376575240313,-0.0009411764705882231,0.0019825535289452745,0.011092851273623694,-0.009943563558183266,-0.004680851063829761,-0.0007777561734395588,0.0003567606136281043,-0.004824259131633313,0.0010997067448679232,0.0022222222222221255,0.002873563218390718,-0.0036702428006776255,-0.0031452035645640475,-0.004267744833782672,0.002277255906632414,-0.007984311528225319,-0.0016916657268524204
2013-02-15,-0.013779787444715974,0.02313554708764287,0.0013345789403442776,-0.008244023083264773,-0.0047881752888517815,0.0,-0.006481721545242403,0.01330174927113692,0.0008823529411765563,-0.005126014523707867,0.006435391585018602,-0.0060283460527159605,0.0026730026730026335,-0.005416862929816357,0.004616805170821747,-0.006907761072734608,0.01574375678610207,0.0036340316374519066,0.004378283712784592,-0.0010699001426532906,0.0041551246537396835,0.0060417429513,0.008499630450850004,-0.003125814014066086,0.0019835647492207897,0.004732690622261337,0.0015790660951950919,-0.0014200511218405154,-0.021462863597853654,-0.0018075011296881938
2013-02-19,-0.0003696542743747422,-0.007448789571694592,-0.0050646408103425244,0.013300083125519446,-0.0001045915699194877,0.02239161505478804,0.008350730688935437,0.00215788527243288,0.013223626212165662,0.01975096607986271,0.017606529963859474,0.023614426737208927,0.0004443127962086013,-0.0014207909069380298,0.010504201680672232,0.01166121112929619,0.006680919294494991,-0.0005324813631524261,0.009202751138235099,0.001249553730810371,0.0055172413793105335,-0.008735213830755262,0.015390252839868168,0.010974653775803311,0.008766968325791824,-0.011514305652477352,0.0022522522522523403,-0.0005688282138792689,-0.007792207792207684,0.010864644635581566
2013-02-20,-0.02421750404791767,-0.008978826051996847,0.0017414601473542124,-0.03199343724364223,-0.024895397489539728,-0.01654240447343902,-0.008022774327122173,-0.020276332316526036,-0.0015951276102088574,-0.01431578947368417,-0.017834803099534335,-0.021872045382918315,-0.016432272390821567,-0.016836613706426418,-0.004028066528066421,-0.01698685540950462,0.0015927794000529794,0.000639318060735139,-0.009886734497984273,-0.006239971474416128,0.0005486968449930352,-0.008261428309160879,-0.005052327679538116,-0.0038769707934867004,-0.005606952621250438,-0.02559124602894447,0.009438202247191052,-0.0011383039271485318,0.006544502617800818,-0.003918495297805524
2013-02-21,-0.006216333392595863,-0.0022988505747126853,0.016448248194704584,-0.03220338983050852,-0.01812915683329752,-0.016346837242359524,0.0,-0.007875457875457847,-0.0002904865649963062,-0.006407518154634695,0.003874176743745128,-0.02770975641190887,-0.031005418422637043,-0.02315484804630974,0.002870189171559012,-0.007405883563052829,-0.0005300821627350905,0.0024491534447876884,-0.0041686863790596496,-0.013634732687477613,-0.005621058404167711,0.009626064420585001,-0.005803409503083112,-0.0005189413596262682,-0.0011277135607555833,0.0005433798224958597,0.0044523597506678225,0.01025641025641022,0.015171218032076439,-0.004271102618860212
2013-02-22,0.010649249562166174,0.010029818378964439,0.008551506380739315,0.0017513134851137035,0.00010925379656945289,0.00674373795761074,0.008435516131837462,0.0014768321949418795,0.00915298561673672,0.005588993981083368,0.005254383382877537,0.021275185577942723,0.018639328984156656,0.008395061728395214,-0.00806556524001567,0.013678756476683818,0.02147971360381873,0.011790949649458149,0.007982866043613868,0.00982175336486013,0.003033227629946289,-0.0012834616795013298,-0.0010944910616563774,-0.0006490134994809882,0.007056167090036647,-0.01393917451122384,0.006205673758865382,0.010152284263959421,0.00199259891830339,0.006885653008240178
2013-02-25,-0.017768247274127513,-0.011540526033279597,-0.02126271849726058,-0.03583916083916083,-0.02599956303255413,-0.011483253588516651,-0.020869265263883996,-0.012165898617511495,-0.005038871292830316,-0.024796921761436552,-0.011179126101891645,-0.041793756895320944,-0.025312595303446095,-0.009304603330068661,-0.0089180327868853,-0.02473931711306465,-0.020768431983385405,0.009343832020997311,-0.01728800463588953,-0.014048991354466911,-0.007697594501718252,-0.00789425371764274,-0.019722425127830512,-0.013897908819327065,-0.013733183856502351,-0.021479713603818618,0.007048458149779835,-0.02875488553880512,0.0005681818181817455,-0.01681614349775784
2013-02-26,0.01393361377616098,0.025115395058376455,0.008263361322137897,0.009066183136899442,0.00886047554957381,-0.002516940948693147,0.012506605601549925,0.005784661317409956,0.0069454492837506265,0.010521701008329831,-0.0008092871703601068,0.002370470707754757,0.056946182728410566,0.017301038062283558,0.002381897578404235,-0.002096436058700246,0.01033934252386004,0.0008321198252547735,0.005503685503685629,0.0,0.0011081867294640002,0.004256106587712916,0.007078986587183422,0.0021074815595363283,0.008525149190111048,-0.004690431519699834,0.008748906386701671,-0.0011497556769186623,0.009511641113004066,0.009236031927023935
2013-02-27,-0.009800665746782178,0.025029797377830842,0.022604097818902824,0.015274034141958603,0.0255697609783212,0.013684006211180044,0.014700765483646627,0.010760667903525034,0.007759735594194517,0.0138828633405641,0.012213115811177788,0.024662162162162105,0.007400828892835998,0.017006802721088565,0.0075247524752475314,0.03529411764705892,0.008921542902125434,-0.00509249636250253,0.01231551168018763,0.01607599561563755,-0.004566210045662045,0.0012898470609914447,0.014058453570107154,0.008806519453207207,0.010143702451394843,0.015457115928369403,0.004986990459670437,0.010935251798561252,0.007734495851497547,0.011524121568184276
2013-02-28,-0.007129597117929709,0.0025839793281652312,-0.005946225439503516,-0.006194690265486802,0.0013008130081302305,-0.0016754427955959494,0.004286326618088365,0.0020190895741558634,-0.012548124910879754,-0.006418485237484006,0.0017754632330220232,-0.012462908011869556,0.006464883925947573,-0.0023889154323937234,-0.0027515723270439274,-0.007305194805194759,0.007022106631989544,0.001775827849159084,0.004151781403881394,-0.00035958288385462556,-0.0009730330831246858,0.0022083179977916423,-0.0014593214155417256,-0.00742671009771978,0.0016736401673638213,-0.0077965472433635385,0.003883495145631022,-0.001423284941645453,-0.012280212112754652,0.0002233888082205926
2013-03-01,-0.02476168425125802,0.006829896907216471,0.004941482444733358,0.00979519145146912,-0.010934286023600803,-0.0011987532965717085,-0.0021340162185232714,0.013555596263051806,0.0,-0.0012919896640826156,0.006228170232164265,0.0051415598290598385,0.007737226277372278,0.007183908045977017,0.007751937984496138,-0.00020441537203608195,-0.0005165289256197081,-0.002294056308654868,-0.0022115384615385425,0.0053956834532373765,0.006817865590649674,0.006610356224752145,0.00073072707343802,0.004069309530060128,0.002784739626845001,0.0013096351730590428,0.004083387062110422,0.00883694412770808,0.013563153433173047,-0.0013400335008374453
2013-03-04,-0.02420657054070441,0.009343402022270686,-0.0024585921325050997,0.006172839506172867,-0.017622591943957988,-0.004320691310609637,0.005047048759623474,0.008494487619736146,0.006642599277978167,0.0034497628288054916,0.018995628480035,0.010961270178701854,0.018252933507170832,0.011412268188302432,0.006518904823989535,0.0038846861582499947,0.0031007751937983663,-0.00637541806020081,-0.004721981304808609,0.007155635062611854,0.016998341625207303,-0.0016417365924845662,0.010952902519167695,0.0024839848346189797,0.006109414051652218,-0.0037369207772796065,0.008347602739726012,0.012998022040124457,0.021187621968218773,-0.0053673264005368315
2013-03-05,0.02641020812537187,-0.0026629469946740647,0.020365806200544734,0.0122699386503069,0.005125348189414902,0.02304725168756039,0.003744999574431862,0.012186379928315505,0.006455314875914553,0.013751611516974682,0.020815355863905927,0.0051255092653437195,0.002560819462227748,0.011283497884344351,0.005958549222797815,0.007942973523421548,-0.003606388459556964,0.00778373829809631,0.01132842757552277,0.007104795737122638,0.00394075281967643,0.00310615750045673,0.013723365836041834,0.004825247782994202,0.010212531051614793,0.0033758439609903323,0.012311611122903798,0.0008368200836821327,0.006279006279006127,0.00741989881956151
2013-03-06,-0.012714334190047749,-0.014621741894469187,0.005339435545385296,0.03203463203463186,-0.006318589956767484,0.02342350834197382,0.004578987534978207,-0.0021246458923512845,-0.003990877993158559,0.003391267486223093,-0.008614287623715966,0.007649058577405832,0.00014190435646388444,0.01115760111576014,-0.0034766932783929505,0.01091129521115386,0.00879007238883145,0.01043732387015961,0.0020105313547151837,-0.00917107583774257,0.003925284244721272,0.007285974499089187,0.0017812611328820172,0.0019467878001298011,-0.0084699453551913,0.002056074766355165,-0.008597190186621861,0.004738015607580692,-0.004612045577862212,-0.0005579734404641545
2013-03-07,0.01155918222362562,0.0007741935483871476,0.024911482043500133,0.028523489932885893,0.00011155734047307853,0.004006447156343462,0.0007596859964549285,-0.0007097232079489313,-0.004722381224957051,0.00042247570764675224,0.001462609139937232,0.016155193667683143,-0.0032633371169126235,0.006436781609195474,0.004651763793771746,0.011992804317409567,0.0025627883136851715,0.002892263195950928,-0.0011465698452129969,0.0017799928800286136,-0.0031009842254281494,-0.0014466546112115175,0.005334281650070993,-0.0038860103626943143,0.0027555800496004146,0.003544114903935691,0.004230118443316222,0.010263522884882192,-0.0008176614881439948,-0.009490844126842424
2013-03-08,0.0026417738413992975,-0.005415162454873723,0.002220851326341755,-0.015497553017944532,0.009592861126603403,0.0012842858453352424,8.434547908220402e-05,0.018998579545454586,0.0012940330697339686,0.0038006756756756577,-0.0012922522697205174,-0.023240965393947266,0.015943060498220696,-0.014161717679305741,0.005659163987138172,-0.008492988346829988,0.002556237218813928,0.016685549490163654,0.01119188827243156,-0.00497512437810943,0.0029753854476601838,-0.009597971749366163,-0.0028298549699327102,0.003641092327698381,0.007969222313822355,0.00018587360594812807,0.010109519797809607,0.0021965952773201902,-0.003955264593562324,0.0029308984330966847
2013-03-11,0.014245827266506916,-0.0031112263417163444,0.02105133571340634,0.006628003314001596,0.007402496961661731,0.0022904260192395665,0.0013494138483596263,0.00470465237846307,0.002153934520390699,-0.006310475389145975,0.003968515228420344,0.0020917767028372225,-0.0007005744710664175,0.005097312326228121,0.0031973398132754127,0.005577689243027706,0.002294747577766598,0.0018235234525378896,0.0009459842966608178,-0.00464285714285706,0.00026968716289110795,-0.002925580544889339,0.0021284143313231585,0.0022026431718060735,-0.0021810250817884125,0.007433562534844729,-0.0031276063386155295,0.01726027397260288,-0.0006846501437764996,0.002135551309430106
2013-03-12,-0.02155938663017476,-0.011313394018205525,0.014709428502531985,-0.011522633744855959,-0.01579293704759832,-0.00822669104204754,-0.004042786153457434,-0.009538674991328433,-0.003582175096718765,-0.008890770533446224,-0.008636580559341023,-0.009458577951728775,-0.007992148065058768,-0.002305209774089434,0.0015298317185110655,-0.003961965134706702,-0.00890358687356907,-0.0013145919708766884,-0.0064266137416123525,0.0014352350197344155,-0.014559180372068159,-0.01907207041995229,-0.010973451327433548,-0.002327084680025737,0.003278688524590123,0.011437004242759619,0.011503869483371565,-0.012658227848101444,0.008495478213208951,0.0
2013-03-13,-0.00018626172713642752,0.0011837432592398667,0.007010456273764287,0.004163197335553814,-0.005125919322487071,-0.005760368663594417,0.0009302325581395099,0.004027315706531365,0.00532067874604536,0.0034173430158050966,-0.002778966092316426,0.0003951267698387717,0.00014134275618382652,0.0006931608133087241,-0.0001272912423625483,-0.0023866348448687846,-0.009496919917864388,0.006277845281490446,-0.00038048130885559583,0.00017914725904688567,0.008891928864569243,0.025425313142643402,0.0028632784538296097,-0.004794609304133779,-0.0032679738562090277,-0.006383366770016385,-0.008684863523573227,0.0030005455537371883,0.00067934782608714,0.0011215791834904287
2013-03-14,0.009689048384777355,0.0038097740409877012,-0.0015339233038347277,0.004145936981757803,-0.006496415770609332,0.0006952491309386577,0.013856032443392952,0.007150331356818862,0.00028608210556435587,0.008514261387824629,-0.004568016332431757,0.013889803172931536,-0.007348784624081506,-0.00023089355806982237,0.007001909611712209,0.01674641148325362,0.011142783104431286,-0.0007043670758702936,0.008849557522123908,0.007881067526419594,0.0035254237288135926,-0.0029170464904284543,0.0032119914346895317,0.007682291666666785,0.0071038251366120075,0.004588839941262801,0.01126408010012514,0.005439216752787468,-0.00583842498302789,0.006385839121666903
2013-03-15,0.025802086890655884,-0.011124198403350327,0.021389742377688536,0.03798513625103217,0.0014656144306650631,0.015516442797591568,-0.002666666666666595,-0.002943722943723026,0.00028600028600012095,-0.010552975939214893,-0.008810236275623717,0.005323983898195106,-0.01694191343963547,-0.012702078521939941,0.0011378002528446007,-0.019215686274509758,-0.004869297796002203,0.00362501258684933,0.0035842293906811484,-0.003554291807357446,0.006215376300499953,0.001645639056500281,-0.0032017075773745907,-0.01356764439850111,-0.011665762344004293,0.0,-0.009488448844884312,0.0332702190965648,-0.009833378858235431,-0.005120783702549203
2013-03-18,0.027183697039597776,-0.006749602964531531,-0.01446257086659719,-0.0007955449482895949,0.005966452774963438,-0.01163055872291896,-0.004595588235294268,-0.013025356026398094,-0.004717655468191584,-0.008105802047781663,-0.007997140040367223,-0.01866442779643518,0.004344677769732019,-0.005380116959064263,-0.004798585680010015,-0.010195921631347526,-0.0018027298480556286,-0.01103642018661588,-0.009304511278195537,0.002318530408418118,-0.004699879145964703,-0.011317999269806589,0.0007137758743753775,-0.0023578726748756385,-0.007685973099094134,0.004933308971313721,0.015201999167013591,-0.011518324607329933,-0.0034482758620689724,-0.00671366230278625
2013-03-19,-0.002698808653391338,-0.006928714190539642,0.0038741488612350494,0.01194267515923575,-0.012197851387645509,-0.006922011998154232,0.0027700831024930483,-0.009150096779869665,0.0041654696926169965,0.0030107526881719693,0.00437003415047621,-0.020467258966765267,-0.008074981975486506,-0.005644402634054635,0.0006344372541555732,-0.006261361341143079,0.014705882352941124,-0.001724662676270583,-0.0021819561711411417,0.002846975088967918,0.013491635186184459,-0.006093057607090113,-0.001783166904422262,0.01247373949579833,-0.0002766251728907321,0.003090909090909033,0.004102564102564266,-0.007150423728813471,0.0027681660899654403,-0.0021403627351582744
2013-03-20,-0.005302870450089259,0.010599758486515398,-0.0016372354110630871,0.0055074744295828815,-0.015067406819984086,0.0069702602230483635,0.007450192533065447,0.011188066062866264,0.007009011586325498,0.006003430531732468,0.004175925225893273,0.008667024993281425,0.0013083296990841209,0.0018921475875117721,0.007481612985036801,-0.001626016260162677,0.013729977116704761,0.003760162601625927,0.004563605248145919,0.004790631653655231,0.007720979765708069,0.018577001671930216,0.010718113612004254,0.006095188691479736,0.0013835085777531564,-0.005256479970998762,-0.007150153217568955,-0.0013336889837290977,0.007453416149068248,0.0005644615037254663
2013-03-21,0.001436915091943991,0.012878385554965677,-0.01218226543282186,-0.016431924882629012,-0.0012652403956752156,-0.038301799723119645,-8.309098462810915e-05,-0.011064278187565835,-0.0019886363636363313,-0.007246376811594235,-0.004232377071493265,-0.03163924598681145,0.001016260162601812,-0.006610009442870712,-0.005538074260541204,-0.015675895765472236,0.005016302984700349,-0.002429887617697579,-0.006814310051107331,-0.007239978809818193,-0.0014531043593131177,-0.022432974648914805,-0.006362672322375418,-0.004769270430523442,-0.0011052777010223114,0.003279883381924087,0.00411522633744843,-0.008012820512820484,0.0019180709686259512,-0.005190116213471652
2013-03-22,0.020278126526850793,0.00576746624721447,0.005810506344124278,-0.0007955449482895949,0.007485891972820458,-0.004318618042226441,0.0069802227023434416,0.008346652459598536,0.004981497295758475,0.003434950622584809,-0.001170833296390672,0.00839180079790891,0.008846990572878966,0.013783269961977096,0.00923933679281097,0.008893485005170731,-0.000748689792862467,0.007510402922967563,0.01410329712216507,0.004980434009249413,0.007672972615425211,0.11063432835820897,0.009605122732123883,0.0007771014117343711,0.007745504840940498,-0.010897203051216886,0.004508196721311641,0.001615508885298933,0.015725420484069552,0.012702733356016793
2013-03-25,0.003614342803366144,-0.006125374690473029,0.00035369016741326753,-0.01273885350318471,-0.009602194787380003,0.004819277108433884,-0.008252186829509789,-0.01003874603733712,-0.00467355898597932,-0.005562687205819539,-0.0008270042277324086,-0.003342428376534645,-0.0012938470385279732,-0.008438818565400852,-0.0007524454477049192,-0.005330053300532933,0.0019980019980019303,-0.010375742923340425,-0.011745912422477023,-0.003185840707964571,0.0001312852829198352,0.0005039475894508261,-0.007751937984496138,-0.007635563608127227,-0.0010979961570134478,0.0073448402497244825,0.002855977152182554,0.0002688172043010528,0.007673667205169599,-0.003023854854967034
2013-03-26,-0.005271375419777402,-0.004851822711775533,0.020860341779611158,-0.00967741935483879,0.0041551246537396835,-0.00023980815347734996,0.006656681644200413,0.007471980074719831,0.009533295389869023,-0.005163511187607495,0.003433649668036054,0.0029429881596056973,0.008348927594645117,0.02907801418439715,0.01468373493975883,0.002473206924979321,0.014207377866400916,0.0026465798045602895,0.008557573452505407,-0.00017755681818176772,0.012995536886321712,-0.001511081262592362,0.015625,0.009389671361502261,0.009618026930475532,0.014400291651476493,0.006509357200976451,0.0024187046492876174,-0.0010688042752170501,0.012469108065603196
2013-03-27,-0.019638262506356363,0.01278165766240602,-0.004848764719464382,-0.004071661237784907,-0.0011494252873562871,-0.000719597025665708,-0.006530004959497515,-0.0028253575843193435,0.010852713178294504,-0.0008650519031141446,-0.012013540040952675,0.008871297939129219,-0.005710206995003464,0.002986446129106257,0.0051948051948051965,-0.01788651315789469,-0.011550749569918861,0.004060913705583813,-0.007353634392382236,0.007636299058781715,-0.003757937022158986,-0.017151504960484232,0.0013986013986013734,-0.004392764857881204,-0.0032661948829614262,0.01743036837376466,-0.010913500404203691,-0.00857908847184985,0.0001337434800054993,0.004992788194829734
2013-03-28,-0.020836817233071514,0.0007806401249024209,-0.004060324825986172,-0.004088307440719641,0.000805523590333701,0.003120499279884781,-0.011398618853482034,0.0058438108730298755,0.012130507529280576,0.0008658008658009031,-0.01055481611714093,-0.00466720779220775,0.0018664752333092949,0.00022904260192402326,0.0031992125015380957,-0.006489428511618267,0.005469915464942687,0.00798786653185024,0.009687529679931473,0.008283397955586969,0.010405827263267664,0.009580838323353102,0.007681564245810124,0.0,0.0019115237575095811,0.010420346167432148,0.0042909685328973435,0.0002704164413198651,0.0006686279753944646,-0.005188783395893126
2013-04-01,-0.031062461751092396,0.010790431617264673,-0.006988934187536322,-0.0024630541871920597,-0.015292629642405409,-0.0031107920555157875,0.006648712337990359,-0.0019366197183098288,-0.003719520595123482,-0.0017301038062285112,0.008816549603249069,-0.007543323139653557,-0.0015763829177414257,-0.018548202427295712,0.004906169508156477,0.007796038769489977,0.00024727992087059114,-0.006419901695255303,-0.0062082588655817394,0.00017479461632574633,-0.002574665293511913,-0.012709710218607007,-0.0006930006930007115,0.008305216714248553,0.01526301444535294,0.03076385247334379,0.00142421159715167,-0.0016220600162206722,0.008018174528932276,0.007324381311730077
2013-04-02,0.002056377381154606,0.0126045016077172,-0.013607038123167103,0.0,-0.00887435777673995,0.018722995679308685,-0.005099908034445266,0.013582642441347659,0.00414823008849563,0.011265164644714165,0.014790436603294266,0.0043823609969873,0.019377063298406716,0.001166588894073728,0.009276211399975587,0.009408321137361453,0.006674907292954169,0.012216052498738028,0.008234737340274467,0.006641034603285689,0.008776458440887813,0.010985238585650592,0.013522884882108288,0.01621621621621605,0.00859060402684575,0.04697303713752765,0.005688744412840396,-0.001353912808015112,0.00782182155640987,-0.002093202599977917
2013-04-03,0.005114106464621404,-0.009018163343071373,0.003210845522654271,-0.027983539094650234,-0.00895381715362853,-0.0010838831291234419,-0.01025210084033612,-0.0036547163243996206,-0.012530983200220502,-0.014567266495287057,-0.008410364033799689,-0.022293427870193727,-0.009293156857223317,-0.018876718713586427,-0.007497883661869653,-0.029618889809444937,-0.013506876227897813,-0.01007380809894276,-0.007885843034171836,-0.008333333333333415,0.0020470829068577334,0.00016977928692685218,-0.006842285323298003,-0.010638297872340274,-0.007718924673941974,-0.0011337868480725266,-0.010303030303030258,-0.0056941431670282094,-0.000263088660878652,-0.007175977036873338
2013-04-04,-0.009884497219377453,0.007177646757241751,0.006993835941204507,0.01100762066045724,0.006062767475035535,-0.007406708496485392,0.002462217694005675,0.005938864628820983,0.0011156045181983654,0.003478260869565153,-0.013808038133937162,-0.0029286660623386584,0.004690164866401281,0.004038004750593904,0.004142804922627086,0.013660618996798268,0.00921085387104803,0.013904282115869027,0.0013247539742617942,0.001225490196078427,0.011618998978549788,0.007299270072992803,0.004478126076472577,0.005376344086021501,0.016899141630901227,0.005837522296092024,0.0063278220044906686,0.02045268611944362,0.0026315789473685403,-0.0017791615701101549
2013-04-05,-0.010567437171455363,-0.009671672181216673,0.01436138905238371,0.002512562814070529,-0.0003544842254520342,-0.020437262357414387,-0.004658253578385674,0.0019100538287897262,0.0036216743279007257,-0.006499133448873429,-0.015118141895924642,0.004895447234072314,-0.008912151648040711,-0.009226401703335663,-0.004489746390001104,0.008843967150979015,-0.011346817957572752,0.007850541587995696,-0.0003780003780002872,0.003671970624234966,0.003912659346207326,-0.00623525446579043,-0.002057613168724215,-0.003947033358798091,0.0029016090741231793,0.00112848621634698,0.005273833671399775,-0.007215392838054613,0.002493438320209984,-0.008466079982176522
2013-04-08,0.007112481412439475,0.015163197121562666,0.006730880816989693,0.020050125313283207,-0.004846335697399451,-0.0019408054342551218,0.0024676650782846643,0.019410745233968685,0.013324080499653057,0.008286088094199728,-0.010471873473048343,0.000904725450622923,0.016557236654296315,0.007163323782234832,-0.011335933690882594,0.013984554372782343,0.019461077844311392,0.0007887990534412026,-0.00028360748723765816,-0.0038327526132404532,0.005028916268543959,0.01661861963710365,0.0020618556701030855,0.007158379138437976,-0.010520778537611908,-0.0033816425120772875,-0.0026230831315577907,-0.003499327052489787,0.011781646812410118,-0.004606224019773175
2013-04-09,0.0018066224208412862,0.0036708860759493422,0.005302593659942234,0.003276003276003303,0.020311200855208655,0.01944579484686426,0.007045242339359881,0.005440326419585251,-0.005341734009039811,-0.002595155709342656,0.0036136028657154373,0.018773466833541974,-0.0002808199943835632,0.031294452347083945,0.0050548637652569894,0.0020584602717168554,-0.0036710719530101965,-0.004334975369458149,0.001891252955082745,0.035676810073452137,-0.009382036527395554,-0.001000834028357045,-0.0017146776406036235,-0.006726741972331474,0.0037214247740564588,0.004685732751656069,-0.0014161440420796811,0.011615343057806538,0.010738776038297315,0.001918735891647927
2013-04-10,0.020399330459972553,0.007314919914238827,0.006994610709780913,0.005714285714285783,0.007799767171129179,0.023843586075345646,0.00842886041807156,0.016401758539059896,0.002340952905535598,0.02254986990459673,0.016112738037551644,0.02006552006551998,0.006882022471909943,0.0234482758620691,0.006133464180569259,0.011709120788824912,0.008843036109064117,0.0042548980803482905,0.016422840962718288,0.022627490712597176,0.008460664225280912,0.006678911337451909,0.027825489522500968,0.012522361359570633,0.011122881355932313,0.003698938565455112,0.010129659643435929,0.0032042723631509062,-0.00960061443932414,-0.0010138560324433055
2013-04-11,-0.0031217164138338527,0.005634155502691751,0.00808471874288319,-0.0040584415584415945,-0.010049670786646536,0.010013972985561281,0.010949515212303584,0.007319913491931507,0.005220497321060558,0.0004240882103478949,0.00026574958196912135,-0.0026093938177439435,0.002929278839447713,-0.019541778975741386,0.003657644476956712,0.0012182741116750773,0.0026783540297052877,0.004926593753079134,0.00520011143095922,-0.04441875825627484,-0.00025043826696713456,0.015093713717034385,0.024064171122994527,0.005426552246340366,0.009429020429544188,0.009133151738503376,0.013036502206177358,-0.0015970188980569677,0.0054284606436603156,0.006089309878213767
2013-04-12,-0.010430785645098584,0.004357569721115562,0.004066418163334529,-0.008149959250203676,-0.0075845974329055155,-0.006686649757897123,-0.008350558081852033,0.0,-0.0027333606669400767,-0.005510809665112304,-0.000430243216338444,0.00033541289327176926,0.023922114047287835,-0.0068728522336769515,0.005102040816326481,-0.0060839586290813985,-0.002428363283147217,0.015687812530640333,-0.005265588914549646,-0.005011232071885252,-0.004383767535070193,-0.010130718954248441,0.000979112271540572,0.005146228191289071,0.0012973533990661146,0.0007939028262942127,0.006929320926549298,-0.007997867235403855,0.0098984445301451,-0.0025778973324367405
2013-04-15,-0.023149874836929762,-0.015371265650179655,-0.023849701878726592,-0.015612161051766549,-0.03268665490887712,-0.02274837511606309,-0.02809738202434553,-0.027580511973575472,-0.009318898177333002,-0.02770673486786024,-0.010277679429467446,-0.01783798283261795,-0.018880738929638707,-0.013610149942329897,-0.012448634276045478,-0.0220363191185472,-0.024099318403115744,-0.013900955690703709,-0.017830609212481474,-0.003473428273706114,-0.00679330733425576,-0.015021459227467782,-0.007173133355070194,-0.0053696303696302294,-0.016584607411246455,-0.022846263683960033,-0.004325599685410908,-0.017199677506046784,-0.0011456211812628236,-0.028093044162265435
2013-04-16,0.015220453996015237,0.01460405388392294,0.001382966463063351,0.025041736227044975,0.004132733681779577,0.005225653206650804,0.0037745560607360673,0.03175951086956519,0.017706460091298837,0.012713722051731713,0.01463041322989822,-0.016113614638809337,0.0031842724629653762,0.025023386342376108,0.021172439113939623,0.011683705403713773,0.056872037914691864,0.008712677435144478,0.003687594553706486,0.00975949808295562,0.009626345788473545,0.013909837439249229,0.016091954022988464,0.005649717514124131,-0.0002635046113308448,0.01980841045624282,-0.0035545023696682554,0.013398960896910062,0.00267618198037467,0.0013874436351024588
2013-04-17,-0.05499298751547832,-0.010050874798362086,-0.002301760847048029,-0.04723127035830621,-0.013799782108703584,-0.025047258979206122,-0.018801811810956304,-0.001152263374485596,-0.0057088487155089185,-0.014718614718614687,-0.01362540756725894,-0.024288688410825765,0.004692243996687884,0.000684462696783017,0.005512943432406603,-0.03505877500515575,0.004248288883644147,-0.004852484472049667,-0.006311822892133834,-0.0050051777701070055,-0.008656379375235224,0.006611570247933907,-0.002262443438914019,-0.012983770287140928,-0.004217185028993042,-0.012418404712625342,-0.01823226317875548,-0.01349163518618457,-0.0021606507371632055,-0.006119385752222595
2013-04-18,-0.02668796096123227,0.0035096515417398777,-0.006575152843465104,-0.022222222222222254,-0.012397201423837045,-0.002423654871546277,0.006793833289783224,-0.011371127224785726,0.0012303485987694707,-0.003954305799648505,-0.021271152622109435,-0.014224751066856278,-0.004395604395604269,0.014135886912904683,-0.00858164481525625,-0.0032058132079504364,-0.010575793184488758,-0.006143943826799392,-0.004740235115661684,-0.001214223764093636,-0.002151354087572832,-0.011822660098522175,-0.009070294784580546,0.010245383253225437,-0.001058761249338236,-0.03772368208931165,0.027654420670165436,-0.007932166301969357,-0.01719526175009567,0.00627323420074366
2013-04-19,-0.0038780797434611047,0.012365725705720587,0.021365536460752343,0.019230769230769384,-0.0003728560775538847,-0.005830903790087327,0.002681892897309579,0.026171028504750726,0.015019115237575154,-0.04058226731363046,0.044333750717378884,0.0008658008658009031,0.020971302428256067,0.00899280575539585,0.015748978119740187,0.012650085763293184,0.013301662707838391,-0.019527033657148363,0.006953705467708016,0.03386592566863489,0.015599239061509174,0.012296444001329343,0.015364498202026677,0.01953173907599859,0.014308426073131875,0.005863628748534078,0.026320958554311602,0.011579818031430822,0.01464489372732003,0.009582082659893798
2013-04-22,0.020844274680542618,-0.00037014188772366285,-0.011596180081855367,0.005145797598627766,0.02834763148079067,0.006353861192570864,0.005780845556514036,0.007309941520467822,-0.0008071025020177647,-0.018390804597701038,0.000305244434097629,0.005767012687428075,-0.0018918918918918726,0.019607843137254832,0.004024144869215318,0.002540757992801179,0.0014064697609001975,-0.006004803843074558,0.0008513858669947361,0.035780278850999325,-0.002122877122877176,0.007222586999343417,-0.004185447520927199,-0.00036841458921776926,0.011755485893416795,-0.013657561625582959,-0.0011483253588516762,0.0010902153175251783,-0.0040873674798825865,0.007318467695826225
2013-04-23,0.018711986065654385,0.010861515675142153,0.014262709914883986,0.029863481228668887,0.016805706686011446,0.015541525012141788,0.007806468216522422,0.009353330108047286,0.0017501346257404737,0.007025761124121788,0.009730880036837863,0.02451261467889898,-0.006498781478472826,0.02163461538461542,0.007308735117293574,0.017317845828933587,-0.000468164794007353,0.004430124848973094,0.015028355387523673,-0.007460265974699842,0.0025028156676261126,0.0052151238591917615,0.004849660523763344,0.014004914004914104,0.006971340046475705,-0.01148260722728811,0.002490898639586181,0.010890280424721066,0.014364499166346079,0.01373595186740828
2013-04-24,-0.0016443031102149064,-0.010989010989011061,0.030052166024041593,0.01988400994200501,-0.0038049940546966976,-0.024868483978957467,0.006809669731018042,-0.010385045534430537,0.004166106706087858,0.021395348837209394,0.006874670925641979,0.006925982929900654,-0.0013627691469064729,0.01219251336898397,-0.01240491515506148,0.01141789495536627,-0.012880562060890055,0.012630312750601336,0.004469689915262087,0.03790849673202623,0.00561727624516295,-0.0024319066147859836,-0.015444015444015302,-0.06566513205718438,-0.050256410256410255,0.0042705842159207474,-0.00993883792048933,0.005655803932130388,-0.013402452901757567,0.001455767077267689
2013-04-25,0.007195747465173596,0.03506172839506183,0.009248045799845839,0.010560519902518273,0.008713296729529807,0.012260912211868646,0.001944538383496841,0.0009686793671295213,0.005620985010706736,-0.00045537340619317135,-0.005352541437861791,0.005766692142013419,0.001228165938864656,-0.01183431952662728,0.00983528854129645,0.005747126436781658,0.004744958481613271,-0.0007919223916056373,-0.02771855010660984,0.005667506297229119,-0.001489572989076482,0.008776206728425162,-0.011111111111111072,-0.007002074688796767,0.006479481641468832,0.009355332539547678,0.027413127413127514,0.008034279592929794,0.00794566192490076,-0.01520742480152093
2013-04-26,0.021611281472885713,-0.010376908396946605,0.012872259190574775,-0.001607717041800627,0.00201159626079761,0.0014534883720931369,0.012910302928022865,-0.0020967741935484785,-0.0037263774287995544,0.011845102505694927,-0.009491930574916374,-0.004490190660403237,-0.00027259097723875136,0.0008554319931566301,-0.0011734334663223711,-0.002448979591836653,-0.005903187721369552,-0.000495343768575407,-0.010392829900839007,-0.004696305572949311,0.0012431626056690348,-0.002899951667472256,-0.005617977528089901,0.00679028466962639,-0.006437768240343367,0.0023592854735421387,0.0077038707252912175,0.006376195536663243,0.0049586776859504855,-0.0007948223004426991
2013-04-29,0.03095601226160083,0.0008436784379897144,-0.010231556273559428,-0.0032206119162639935,0.0014170996693432247,0.014997581035316898,0.010663112295901334,0.01826410214966878,0.004541811381244987,0.0027014858171994227,0.02201088128539075,0.006939143709666196,0.004362644853442399,0.015384615384615552,0.005404135338345828,0.0008183306055646877,0.003325415676959542,0.012786202795123547,0.0003853935831967803,0.025794274929223038,0.008939657313136395,0.01195669736629501,0.011299435028248483,0.007522697795071531,0.007019438444924253,0.008910558170813765,-0.003169867611411581,0.0,-0.008223684210526438,0.0023863636363634644
2013-04-30,0.029432490800820776,0.011440269749518173,-0.005331882480957617,-0.0056542810985460434,-0.0015330188679244516,-0.0028598665395613843,0.0056874381800198215,-0.0025396825396825085,0.0,0.0008980691513247319,0.0067273341554057176,0.0066156708703739575,-0.0043436948554365085,0.007996632996633002,-0.004089740593596569,0.0018397383483237384,0.0021306818181816567,-0.00039146604032103127,0.008475392468457965,0.01502606562404174,0.009475756829928628,0.01548778540635487,-0.04469273743016755,-0.011714727085479049,0.00428954423592498,-0.001333111148141941,0.008417508417508435,0.00263991552270304,-0.008547008547008517,0.0088425348599932
2013-05-01,-0.007880899608247338,-0.0007143707584235104,-0.0025161360901432284,-0.01380991064175463,-0.018778788236683663,-0.025812619502868173,-0.014261126137201985,0.005887969446212615,-0.004122340425531945,-0.006280843427545979,-0.005020871229348911,-0.02368727322516584,-0.008043626448534291,0.001670146137787043,-0.011732957878681227,-0.02040399918384006,-0.0028348688873138794,-0.0074407675739182055,-0.0015280297965809542,-0.01148036253776441,-0.008533463367060845,-0.0037735849056603765,-0.005847953216374324,0.002865702748469534,0.0026695141484249785,-0.0035040881027865733,-0.028009645705805886,-0.013691416535018375,0.004374678332475623,-0.01663108214406106
2013-05-02,0.014181978688788455,-0.0009531752651019687,0.01129633691599019,0.004118616144975107,0.01420317766008683,0.017173699705593792,0.014716887004240453,0.010599588672678406,-0.0014688209373747707,0.007674943566591486,0.011189279177215683,0.007432858845803025,0.00783397471137981,0.005002084201750856,0.011041196723257762,0.001458029577171338,-0.0059227671167969564,0.006707437364371849,0.014251554280248824,0.01344743276283622,0.004918234353866957,-0.0006313131313131493,0.01280276816609005,0.010001298869983355,0.0,-0.004018754186202345,0.0024809160305343525,-0.0013347570742126003,0.005124263387138006,0.012798537310021674
2013-05-03,0.010010102803488685,-0.003458556946928981,0.01659256045982005,0.004101722723544032,0.03228103489200085,0.004823926676314372,0.011881350376925504,0.01440200375704448,-0.004145493447445858,0.01120071684587809,0.01941887164340428,0.011832672095775099,0.008591299604527425,-0.00622148486105345,0.006928135274776981,-0.010607321131447578,0.006673021925643452,0.008426415833823198,0.016880422482082214,0.009951749095295614,0.0002447081854888289,0.019425142135186313,-0.010591048855483343,0.005529835390946314,-0.005857294994675133,-0.009414929388029458,0.002855511136493405,0.008821170809943935,0.010068824878919358,0.015683177253751568
2013-05-06,0.023844636512410977,-0.005744375299186255,0.004800512054619288,0.05228758169934644,0.007013106461255525,-0.0009601536245799069,-0.0019434772046319493,0.00401234567901243,-0.02108231502618496,0.0004430660168364131,0.018717741727813708,0.021187315126917516,0.017577068685776354,-0.002086811352253748,-0.012478134110787131,0.012823207904141265,-0.0037878787878788955,-0.008258841818888585,9.273856997138452e-05,0.007763511495968878,-0.014067278287461793,-0.009140201394267966,-0.008287292817679592,-0.005627318071364629,-0.006695232994108236,0.021724372029870986,-0.011958997722095743,0.004239533651298366,-0.00529968454258678,0.0062208398133747345
2013-05-07,-0.004453351485058432,0.005657197881559828,0.006370102983331627,0.0015527950310558758,0.025117022491151886,-0.02066314271984626,-0.0017038539553752008,0.015524131570857636,0.010973936899862702,0.004428697962798989,-0.005014311031994456,0.005860559110811847,-0.0025245814509701203,0.010037641154328591,0.010037789324515822,0.01992528019925288,0.014733840304182566,0.002155383560301871,0.001576409495549047,-0.013037037037036958,0.013895781637717208,-0.0007817385866166759,0.010793871866295435,0.0024437299035369175,0.011593421407387394,0.004983388704318914,0.01671469740634013,0.013192612137203241,0.0,0.006292779863104503
2013-05-08,0.011298408943492877,0.01292639138240581,-0.007912227028167518,0.009302325581395321,0.0057912907896202626,0.016683022571148287,0.002600780234070177,-0.0012108369910700523,-0.010719131614654098,0.014550264550264647,0.019131388977716934,0.0062952049290114775,0.004662315172505815,0.0041407867494824835,-0.0008184262831756328,0.012617012617012646,-0.005620608899297497,-0.013100009776126686,0.0017590963799647419,-0.009606724707295067,-0.009544787077826689,-0.00015647003598806553,-0.01033413709955222,0.006415191172696844,0.008262260127931631,0.03322314049586783,0.0035903250188964453,0.0013020833333334814,-0.007357604972726084,0.0060340098738342896
2013-05-09,-0.015242338084113682,-0.012643270707786702,0.0060612505316886,-0.008448540706605168,-0.0039862695161111406,0.005308880308880326,0.0022697795071335847,0.010304591604788804,-0.011795364147579201,-0.00999565406345071,-0.0024610533335711615,-0.011446825502462343,0.005966587112171906,0.004536082474226877,-0.0036274280365081735,-0.014469453376205754,-0.0080075365049459,-0.012481426448737065,0.015896487985212593,-0.010003031221582415,-0.013590313812700705,-0.00250391236306724,-0.004524886877828038,-0.002932177460479357,-0.01321702352630183,-0.007998720204767218,-0.00753153831670117,-0.014564369310793301,0.00191693290734829,-0.007306434023991337
2013-05-10,-0.008319949488757361,-0.005505026328386897,-0.003910791671070779,0.008520526723470034,-0.01478599221789878,0.012962073931829243,-0.0033160789388546608,0.007949602519873977,0.0018043025676615088,0.005267778753292207,0.010040449296006226,0.0037700282752120007,0.0018452616317385928,0.005747126436781658,0.007163828537874339,-0.0016313213703099683,0.0007122507122507837,0.005115859163406622,0.005094614264919972,0.0009185548071035665,0.002004008016031955,0.016002510197678177,0.00419580419580412,0.007032348804500765,0.000803643182426983,0.014513788098693636,0.0034149117814457064,0.003694906307732948,0.006249999999999867,-0.009776996594529241
2013-05-13,0.003908211881025858,-0.001684717208182973,0.00551782682512747,-0.003072196620583667,-0.006206273978785926,0.008056872037914609,-0.0030836646920393562,0.0017857142857140573,-0.005680243834857435,-0.0021834061135369565,-0.0030672667278167642,0.0035546613011401273,0.00868306801736618,-0.017142857142857237,0.001049440298507287,0.014501633986928164,0.0009489916963225653,0.001796407185628679,0.00018102824040555632,0.01040073416947096,-0.004749999999999921,-0.0016985793699814122,0.02263231197771587,-0.0021584560690706134,-0.009635974304068484,-0.008265776506119815,-0.006428436377387103,0.0044701551406785,-0.004943592343769843,-0.0004437541601953754
2013-05-14,-0.023926000726569696,0.009281581485053092,0.014246517517940038,0.027734976887519247,-0.005904394231860954,0.0,0.017501017501017513,0.002228163992870069,0.004319353490316313,0.0070021881838073785,0.010905643348258831,0.032680612176702706,0.00847789226555351,-0.009966777408637828,0.013046010483401371,0.011274411113348037,0.007821758710595095,0.008168957959753032,0.0008144796380091801,0.015137753557372013,0.007159005275056529,0.01948955916473305,0.0010214504596526286,0.011197353352843775,0.006216216216216042,-0.010578618368328296,0.01179828734538546,0.014659685863874117,0.0035668789808918078,0.011209766925638132
2013-05-15,-0.03381723270539427,0.007165890361877425,0.009468317552804084,0.007496251874062887,-0.006282124500285535,-0.0028208744710859213,-0.015919999999999934,0.0029642804209277784,0.002219755826859071,0.009995654063450488,0.03245384618156644,0.0070541030287341044,0.007242628039317189,0.015100671140939603,0.007703805910084016,0.01712124228548695,0.00940733772342428,0.007411067193675791,0.008228592096934495,0.009394572025052117,0.012096271355530597,-0.0012137763617052766,0.0054421768707482165,0.015225871398012014,0.008058017727639033,-0.0019439494573140204,0.008087267255971309,0.01393188854489158,0.013709063214013772,0.0014268466688618364
2013-05-16,0.013356903379134977,-0.013281157357998397,-0.0045351473922902175,-0.005952380952380931,-0.0025287356321839205,0.12621404997642616,-0.0020323550930818612,-0.017733116595241682,-0.014950166112956742,0.001290877796901846,-0.013123826223612411,-0.007326007326007411,-0.014509501797637325,-0.01074380165289246,-0.002167959835691402,-0.0023487962419260766,0.003960857409133212,-0.008141245708680689,-0.003856502242152504,0.006943418525631628,-0.008994578610152626,-0.021114993164210838,-0.01048714479025703,-0.00594942984630642,-0.003996802557953649,0.008602499594221769,-0.007462686567164201,-0.0010178117048346147,-0.017029802153769036,-0.005918456817185391
2013-05-17,-0.003033060846454383,0.014902055041461582,0.0242286187616485,0.0052395209580837765,0.01025581931320585,0.014777912672164772,0.005376344086021501,0.0016548819016097838,0.006464305789769753,0.008165019338203683,0.005874838550806727,0.02401760859713864,0.0014332247557002908,0.004177109440267168,0.007318467695826225,0.026093780655287446,-0.002784868879090352,0.004153481012658222,0.002881065994418064,0.02318075117370899,0.00833022504040759,0.013656114214773307,-0.009914529914529902,-0.002244389027431515,0.0016051364365969878,0.011264885741873343,0.0028195488721804995,0.015792154865002628,-0.008025477707006345,0.011686879823594287
2013-05-20,0.02232034665606797,-0.006275902901124897,-0.002021835826930829,0.005956813104988745,0.007528230865746499,-0.012169966996699588,0.011019283746556363,-0.006908981676178927,-0.004049148282602721,0.004688832054560832,-0.0007148749814853694,0.004551776457200729,-0.001301066874837331,0.0016638935108153063,-0.0009081621069361168,-0.00019120458891008774,-0.013730509657900791,0.0,0.002962563964449272,0.006022368798394018,-0.010604192355117115,0.0001530924678505574,-0.008977900552486262,-0.011622094476380851,-0.005876068376068355,-0.004455760661998709,-0.011433926897844393,0.008024072216650024,-0.006035700526518584,0.008282476024411345
2013-05-21,-0.007383561145905881,0.008579599618684375,0.000303889789303069,-0.005181347150259086,-0.0026038718442206177,0.0027145541866777645,0.009296361596409675,-0.004385964912280826,0.0008411608019067707,0.0038184132371659185,-0.0017171032766808425,0.011516677155443578,0.02540385617509111,0.0029069767441860517,0.0065901602090672196,0.013960604322050152,-0.0009438414346389923,0.005909001378767043,0.0025957751521661354,-0.006556442417331776,0.003115653040877353,-0.0015306903413438988,0.0027874564459930973,-0.003666708812745001,-0.007522837184309572,0.004955242966751872,-0.012703830109973446,0.011940298507462588,-0.00012919896640828377,0.003026372676178113
2013-05-22,0.003852981682415546,-0.029182419659735337,-0.008303797468354412,-0.009672619047618958,-0.004540295119182636,-0.0279050395668472,-0.008019691916785754,-0.003949567066687032,-0.016809076901526887,0.008453085376162184,-0.019350198319816436,-0.008648043302432518,0.012450768644390875,-0.0033126293995858758,-0.0014674342476578284,0.011505092417955387,-0.00212564950401517,-0.003916193459956974,-0.010891884653155937,-0.006886657101865201,-0.016523791775375773,-0.011957688180285198,0.018068102849200907,0.0002538071065989467,-0.008662696264212233,-0.009384444090981381,-0.01152294987516811,-0.014257620452310715,-0.004651763793771746,-0.006573275862068906
2013-05-23,0.0017811119658051044,-0.007180236095898795,0.018584703359542543,-0.007513148009015702,-0.008551881413911055,0.007283633247643584,0.0037621067797966035,-0.005185298154643747,-0.006126228807522338,-0.008382229673092989,-0.007454262529408284,-0.012112463913643845,-0.009787928221859699,-0.0008309098462816467,-0.014130680533574469,-0.0052209584187954405,-0.007573964497041397,-0.00697857283271075,-0.0034299124469718834,-0.013290956370991092,-0.011874684183931228,-0.017377812257564074,-0.006484641638225264,-0.0015224562293832955,0.003276897870016615,0.0012845215157353262,0.008160093258208656,-0.002244389027431515,-0.009087368557704867,-0.004338865386701252
2013-05-24,0.006807804593843114,0.0017161068889433029,0.0025062656641603454,0.002271006813020282,-0.008510638297872464,0.0008507018290089263,0.0003987240829346206,0.003985896060094918,-0.012614678899082743,-0.005494505494505475,-0.010727273714886354,0.00832221586938564,0.0010138132049168913,-0.0052806652806653975,-0.004471964224286196,0.005810684161199564,0.007393274505127723,-0.007324557062258652,-0.0012680010868580949,0.003484626647144884,-0.011761697775504953,-0.0085267645665561,-0.0024046719340432565,0.04040660736975843,0.00027218290691344293,-0.004810776138550299,-0.00963576797070731,0.005748562859285267,0.012838988602122514,-0.0028325525656389683
2013-05-28,-0.008335849341434831,-0.002692119432207485,0.001100000000000101,0.0083081570996979,-0.00023199164830056684,0.015299617509562324,0.0078118772419291105,0.018323408153916754,-0.016405342624854713,0.002974925626859415,0.009103019995346573,0.012474798387096753,0.010507659197366737,0.006562722066630444,0.00909928587882991,0.017517704062616657,0.007339015151515138,0.009472529663974383,0.011970617575043141,0.021914850156117938,-0.0036222509702458217,0.0078037904124861335,-0.0010330578512396382,-0.01245725451880797,-0.015510204081632617,0.02062520141798263,-0.011091652072387603,0.006958250497017815,0.00012934937265551838,0.009286572708401497
2013-05-29,0.007952402925976765,-0.02527607361963191,-0.010188792328438723,0.009737827715355918,0.0034806822137138926,0.009627459187944831,-0.007434944237918351,-0.006447743289848429,-0.008856088560885489,0.0016949152542371504,-0.01470586901655857,0.013503422526446984,-0.004134302179904736,0.007890365448504966,-0.022371875356694382,0.0012820512820512775,-0.027027027027026973,-0.021631766100355554,-0.004122233175015699,-0.003997715591090856,-0.016878732796676177,-0.00553097345132747,-0.025163736642537016,-0.024239426168686573,-0.007462686567164312,0.000157878118092869,-0.024596615505706465,0.005676209279368072,-0.01409725814795637,-0.003247456159341855
2013-05-30,0.014901469695205671,-0.008434038267875144,0.01463316177212648,0.02596439169139453,-0.0009249624234015652,0.01036484245439473,-0.0030281297314527222,-0.024298219136734023,0.0023827252419954537,-0.0016920473773265332,0.002821515122787277,0.009087001903358427,-0.0006290099383570169,-0.0024721878862793423,0.003969643899591313,0.017376989207975146,-0.015217391304347738,-0.019989904088844046,0.0026095563754162665,0.004300458715596367,-0.00013206550449029741,-0.0082631495312252,-0.0010608203677511252,0.0024081115335867764,-0.011417432470063993,0.02067876874506691,-0.009885011095420615,0.012269938650306678,-0.00787091696182618,0.00010860121633360365
2013-05-31,-0.004086099511094066,-0.011806525326900963,-0.015118360851402501,-0.012292118582791,-0.007059368128688792,-0.010463684858432631,-0.01886340020781707,-0.024284609435421656,-0.005645520725003683,-0.011864406779661052,0.000525910741107305,-0.013811986613933569,-0.00981873111782483,0.0028913672036348093,-0.02104895918130001,-0.01851851851851838,-0.019131714495952967,-0.005150922015040638,-0.010321306767187233,-0.003711104767342377,-0.0011887465328224156,-0.012017304919083482,-0.036106194690265436,-0.029460108736881985,-0.014366197183098506,-0.03139498917414152,-0.012224938875305624,-0.01696969696969708,-0.010445590374190017,-0.017591486589206284
2013-06-03,0.0021899582553799313,-0.0053956834532373765,0.017370228236719853,-0.008052708638360162,0.0038461538461538325,0.01098901098901095,0.010916496945010179,0.011414077362079889,0.004034065441506085,0.013722126929674117,-0.004118386055004475,0.009131293188548772,0.005339435545385296,0.03953871499176276,0.00629603231171294,-0.0018318373328448656,0.020505126281570307,0.01439370404887641,0.0030833408905415194,0.01977077363896873,0.008727849775191698,0.022218618228997844,0.019096584649283876,0.011724856696195829,0.002286367533580913,0.0027143541433816143,0.003712871287128605,0.00443896424167689,0.011357562800641263,0.01094285398474626
2013-06-04,-0.0031278877439293584,-0.010204081632653184,-0.011216994242604694,-0.014022140221402357,-0.0024381748519678448,-0.0008203445447088065,-0.009106293819002409,0.008620689655172376,-0.0007440476190475609,0.0008460236886631556,-0.009831230391425416,-0.011494252873563204,-0.030981284774911466,0.004754358161648264,-0.0072010388383897395,-0.008258396035970006,0.014947316834109214,0.004185381788485154,-0.005334056595244552,-0.016858668165214974,0.0027530152071315594,-0.003966365222909718,-0.00324324324324321,-0.003734226113829453,0.017108639863130826,-0.007006369426751591,0.0036991368680643344,-0.0071200589246255275,0.003302946228035397,-0.007325606822654596
2013-06-05,-0.009347672663198692,-0.009917786767584369,-0.011243851018974071,-0.02020958083832336,-0.017458100558659262,-0.0016420361247947435,-0.011304489264801543,-0.019114219114219066,-0.005063291139240533,-0.014370245139475935,0.0006984052266665319,-0.020905492330529407,-0.019966070729479313,-0.026025236593059997,-0.004994054696789374,-0.01868985936343448,-0.01859005311443751,-0.019823116803903695,-0.01299763679331023,-0.006001714775650258,-0.006536802196365543,-0.016406498884995235,-0.006507592190889366,-0.009176683469044988,-0.011494252873563315,-0.00978191148171903,-0.011056511056511176,-0.015331355093966326,-0.009086120621543348,-0.012556448948122023
2013-06-06,-0.014940137229092154,0.03440094899169632,0.012894710122855146,0.008403361344537785,-0.00497512437810943,0.00945723684210531,-0.008061199309039924,0.0003168567807352307,0.010327795240233417,0.002572898799313883,0.005746027179052593,0.008717624763108,0.028761651131824273,-0.002024291497975783,0.009321223709368942,0.008862907788044438,0.003444034440344357,0.002696535988384152,0.0007367160880376034,0.005175388154111449,0.018423476773259617,0.006639676113360249,0.022925764192139653,0.0020871380120008887,0.015598411798071643,0.002753036437247003,0.03457556935817818,0.022601707684580585,0.005049833887043054,0.006469604015616248
2013-06-07,0.007642435553370186,0.0036952089704382907,0.02736567762630293,0.013636363636363669,0.007738095238095211,-0.0024439918533605276,0.009204743345219368,0.027082673424136727,0.0028148148148148255,0.020530367835757124,0.017452478011093175,0.0396417835671341,0.0191560962982138,-0.0024340770791074773,0.005327965901018361,0.014392523364485932,0.015199803873498396,0.016549441456350733,0.022453298978558855,0.02030892448512578,0.018219408192272857,0.009491634491634482,0.005336179295624355,0.012106222337932904,-0.010053057805082366,0.01049741602067189,0.005403241945167059,0.013015717092337953,0.009255586407510341,0.013521001884074124
2013-06-10,-0.006611656669169963,-0.029452837374634888,-0.0024392623670601576,-0.005979073243647215,-0.010041346721795685,-0.005308289097590846,0.008134757600657405,-0.015728604471858088,0.0029546461811198466,-0.003352891869237151,0.011924009930391444,0.008915125594843865,-0.012827025654051138,0.017080113867425917,0.002708750441644092,0.0016583747927030323,-0.005554213957981058,0.012718762718762822,-0.0027000270002699445,-0.005606952621250438,-0.001522842639593791,0.004621513944223166,0.0038924274593064023,0.004115755627009499,0.015232722143864619,0.017740131053220365,0.005772292993630579,0.0004848484848485324,-0.007598585091051935,-0.0036085292509567823
2013-06-11,-0.0029394642615054867,-0.008240680183126403,-0.004792644757433462,-0.013533834586466287,-0.003341288782816254,-0.011904761904761862,-0.010106773168147343,-0.00046999843333861424,-0.010016202680807273,-0.008410428931875602,-0.011693727666903575,-0.024956713833661714,-0.0015438054805094747,-0.011995201919232312,-0.005285412262156508,-0.016004415011037443,-0.009470616804273968,-0.013061388526072526,-0.005324429203140579,-0.017761488581900076,0.0024148449415353213,-0.014118020304568546,0.0017624250969334732,0.0006404508774178197,-0.006390664073353869,0.003925879396984966,-0.006926578270334494,-0.014780712381875616,-0.0066006600660065695,-0.007243195785777146
2013-06-12,-0.01236199135556404,-0.016090741229227157,-0.008550368550368614,-0.004573170731707266,-0.0037116858237548067,-0.0033236393851268087,-0.012186084808563202,-0.012695924764890232,-0.009224817735455915,-0.003392705682781938,-0.008899614824652291,-0.008878819423182804,-0.0155907743847441,-0.010117361392148916,-0.011217381036722207,-0.005795475789867277,-0.009806325079676381,0.0001018018935150522,-0.010796588640900051,0.004592422502870175,-0.01420058323824025,-0.01190667739340312,0.00035186488388450066,-0.0066564260112648155,-0.0039149888143177325,-0.0015642108556233048,-0.005579912315663682,-0.009591736350221147,-0.005448504983388669,-0.00795931903603797
2013-06-13,0.008734819748175582,0.025201072386059176,0.012688342585249757,0.011485451761102716,0.02319432760485518,0.015006252605252346,0.01408685504709517,0.020796951897126492,0.01351554287430523,0.007659574468085184,0.005756989730217654,0.024465587544791667,0.0017015706806282616,0.021668029435813363,0.013971817530451514,0.01861602106054905,0.0004951720722949915,0.006514657980456029,0.019902779051637287,-0.008142857142857007,0.017749196141479073,0.0056993974922652235,0.022863172704889134,0.010695876288659978,0.019090398652442442,0.005013316622278108,0.014829659318637223,0.016637695555003607,0.002137894174238264,0.017717851571205756
2013-06-14,-0.013567606015988942,0.011114016736401666,-0.0032302270947532907,-0.010598031794095464,-0.014916607939863713,-0.010677618069815265,-0.011343087292454368,-0.007776049766718529,0.0022225514891096587,-0.006756756756756799,-0.0022349372406385015,-0.0174888433240864,0.0007840062720501084,-0.0028011204481791507,0.0,-0.01919881853424399,-0.0017322444939369408,-0.004652103559870446,-0.0015287769784172456,-0.009073887368572842,0.007582459244281692,0.0021049222797928646,0.0003438789546079679,-0.005100089251562023,-0.01074380165289257,-0.005455962587685215,0.008491311216429764,-0.019052271617000516,-0.0017333333333332535,-0.00821197853936273
2013-06-17,0.004533194868781454,-0.0053019526703737,0.011784346459785988,0.010711553175210442,0.0005961607249314049,0.025321710253217056,0.007815098104422935,0.010815047021943469,0.00014784151389712896,0.010629251700680298,0.012810832101288527,0.007304198379572968,-0.005875440658049347,0.007223113964687,0.008479566599929322,0.013551665725578754,0.008428358948934012,0.003251371672424286,0.007925785823651221,0.01744186046511631,0.011664367239432982,0.0008078849571819813,0.0024063251976624844,0.011918492887351029,-0.004177109440267279,0.00893416927899704,-0.007049148227922464,0.011205179282868682,0.001068518765860782,0.010267167145065148
2013-06-18,-0.0005314822196512692,0.004810192407696423,0.01019120644472471,0.004542013626040786,0.0075071496663488,0.004858299595141835,0.0024748391354560972,0.012405024034734202,0.008573540280857328,0.023559108119478367,0.016214421190342554,0.00024373895557849856,0.013790386130811516,0.01454183266932274,0.008525049632138293,0.004828226555245951,0.006145526057030448,0.010228883937613897,0.009471897060137735,-0.0005714285714286671,0.01152987850235565,0.0033903777849531025,0.008230452674897082,0.0010131712259373593,0.011465324384787534,0.020351095230697558,0.0165647801222637,0.005663629647870039,0.010406937958639118,0.0045896623319856555
2013-06-19,-0.020312444270071617,-0.03687411049294875,-0.01758262874711758,-0.006028636021100264,-0.003548196333530429,-0.005640612409347323,-0.008393680052666164,-0.014703629958646158,-0.022131027407298887,-0.014385532264693746,6.655421961521135e-05,-0.01577825159914714,-0.016323357947920614,-0.01826035735322995,-0.01736915238536363,-0.010349288486416586,-0.012704617639873073,-0.009423558897243112,-0.012392670620518742,-0.011149228130360012,-0.017158965559504913,-0.006436041834271933,-0.010204081632652962,-0.018092105263157965,-0.025435443737904406,-0.006394640682095054,-0.029097963142580063,-0.004407443682664214,-0.01677010431797188,-0.01011639290764721
2013-06-20,-0.014567629512564406,-0.053734551316496515,-0.025525672371638164,-0.022744503411675443,-0.012462908011869445,-0.00992706645056729,-0.021161825726141004,-0.036530390175656846,-0.024280575539568416,-0.03044203502919096,-0.017697585773251978,-0.038066353057687574,-0.027130251547477946,-0.03260000000000007,-0.026396417629035995,-0.019981325863678845,-0.031675327889136184,-0.0204432749721688,-0.025006722237160495,-0.03180109858340563,-0.03566529492455417,-0.015708502024291526,-0.015979381443298912,-0.030408452519005258,-0.025531914893616947,-0.0223720502604966,-0.02177822177822175,-0.014018691588784882,-0.01920494225087288,-0.021428571428571463
2013-06-21,-0.008006959068452169,0.022004542873367283,0.00341228422320361,-0.015515903801396558,-0.0009615384615384581,0.0018825455289543935,0.008308605341246222,0.012100677637947754,0.007373271889401067,0.004731182795698841,-0.004306338304889357,-0.007464127147545185,-0.0006768647624205704,0.0004134794293984001,0.007020091987412158,-0.009908536585365724,0.016100178890876338,0.004545924165719528,0.007446221731935987,-0.006718423409973195,0.012931591878960313,-0.0034550839091807006,-0.0061114021302601795,0.028970099667774196,0.003493449781659219,0.0015673981191222097,0.011437908496731986,0.02170117236218494,0.006572641380254707,0.004828747894441321
2013-06-24,-0.026505212336257467,-0.012501736352271031,-0.02130426085217052,-0.030732860520094496,-0.01924927815206945,-0.0174012499489401,-0.017741528630286885,-0.004622987406344592,-0.0018298261665142812,-0.018407534246575374,-0.01264579371316532,-0.02249594813614264,-0.004199403955567393,-0.025418474891506615,0.01694711538461524,-0.02001539645881445,-0.00578470824949695,0.000617093489663656,-0.019071083128022637,0.013527731850293101,0.0006383250351078562,-0.010236090473831894,-0.026352775825720265,-0.010977657238796401,-0.0002901073397156839,0.011737089201877993,-0.008077544426494443,-0.02832031250000011,0.009386478030199985,-0.011175681716584673
2013-06-25,0.00022258663054275374,0.02546068364045584,0.008380173735309304,0.030081300813008083,0.009936211972522146,-0.002078569943878672,0.0053929121725733165,0.0020819987187701283,0.010082493125572967,0.007849978194504947,-0.004127444496690891,0.01512136888181459,0.008570262549312924,0.012722646310432628,0.008746011109797891,0.02278083267871156,0.004806476094105783,0.0023640661938533203,0.006883720930232595,-0.001334717484799075,0.007910181168665487,0.007339449541284404,0.010104655359076009,0.0014364063724210396,0.016540917005223532,-0.01423047177107517,0.02687296416938101,0.012562814070351758,0.002291105121293713,0.007120253164556889
2013-06-26,-0.011325051939810704,0.0127572016460904,0.021080368906455815,0.00710339384372527,-0.002793635369853109,0.015830035409289733,0.005959982971477151,0.010228544030685738,0.022534785238959465,0.0060579835569019025,0.008600727372373607,-0.00914673984058545,0.020636633396277304,0.005234505862646621,0.019214997070884587,0.008064516129032251,0.015357502517623356,0.013535684987694863,0.01330376940133049,0.020196020196020292,0.010632911392405076,0.024176188110614394,0.003929974991068397,0.00925805189724871,0.008564087924636032,0.01647575710026672,0.004361617763679604,0.017866004962779236,0.008605620545919068,0.007743238693749266
2013-06-27,-0.01077776077907966,0.005417851821752695,0.023821339950372167,0.019592476489028288,0.010475030450669998,0.010047160139429856,0.00473973762166735,0.008068343616516316,-0.0013311640289898063,0.0030107526881719693,0.003914588468510116,0.012198338388500485,0.007929166116030117,0.0018746094563633076,-0.0032187607771008153,0.012380952380952381,-0.0017356806347632592,0.00819506272764059,0.0051057622173595885,0.007860262008733576,0.007264529058116143,0.007599029911075084,0.002846975088967918,0.0034883720930232176,0.008491367110104786,0.020222290830503198,0.006711409395973256,0.013164310092637743,0.0033328889481403223,0.0026726057906458767
2013-06-28,0.00698436738945718,-0.014279940724774343,-0.0068831798351916,-0.011529592621060791,-0.0056653809064609595,-0.011977263499796886,-0.0031168393564147134,-0.00894538606403017,-0.0002962085308055862,-0.005574614065180006,0.0037626417084402064,-0.014722167936942143,0.01573357807788134,0.007484407484407374,-0.009802790912236126,-0.006773283160865451,-0.0037257824143069884,-0.00652282990466635,-0.008073294629898364,-0.002166377816291032,0.013180800795822067,0.021822849807445532,-0.006032647267565583,-0.008754989056263818,-0.00645523435307338,-0.009229838099561238,-0.012941176470588123,-0.006977863330125067,-0.010231198511825856,0.0034429142603285
2013-07-01,0.03200163821272395,-0.015853491868252023,0.007809449433814786,0.005443234836703059,0.0027882167535460134,0.0,0.006253168835558487,0.01235154394299287,-0.009777777777777774,0.006468305304010213,0.008530379106778119,0.0033057851239668423,-0.0077449335226538185,-0.014197276104003342,0.008968087584439788,-0.005682894487592294,0.008726003490401535,0.008282828282828225,-0.00036579789666202345,-0.005355333622810932,-0.015341188021600338,-0.02119974874371866,-0.008211353088182771,0.013378360826081348,-0.0028248587570621764,0.002290775809407286,0.00039729837107649324,0.0021807608432273806,0.0013424620754465266,-0.0005534034311012181
2013-07-02,0.022653134883911852,0.002221913623107863,-0.01714451762882596,-0.002320185614849146,-0.0029013539651836506,-0.0006163961372509519,0.0005878401074908002,-0.010480212732676408,0.005086774386594994,-0.018851756640959727,-0.006273179563886067,-0.005469522240527214,0.0057239495251724115,-0.00694967763543497,-0.0006926007156874414,0.0059058868355876815,-0.0022244191794366097,0.001101983570426901,-0.005306010429054986,-0.012223515715948818,0.001371058207652931,0.0046526552222043716,-0.0028797696184306165,0.005383235067931258,0.006515580736544013,-0.005485296358372693,0.0053613979348690055,-0.0033849129593810368,0.0016087947446037365,0.0037652270210410954
2013-07-03,0.005519853071547232,0.0029097963142579175,0.013994284024835046,-0.005426356589147363,-0.0076382153249273665,0.011101973684210398,-0.000587494754511142,0.005532722099272913,0.0031259303364095103,0.0004366812227074579,0.004669424238705089,-0.0032467532467531646,0.005432673651532882,0.0017706576728500067,0.002425782603673321,-0.0005681818181817455,0.0029725043349022595,0.0042029420594413835,0.006621907477237121,0.002062463170300566,-0.002738361961662883,0.0038326413286491334,-0.0018050541516245744,0.0016573176950533952,0.002533070644525681,0.004136663091772741,0.007505431562314646,0.0,0.0006692544505422227,0.0005516328331862663
2013-07-05,-0.008031380272880528,-0.009809339596573596,0.012732043930411052,0.017926734216679785,0.0035430665852169696,-0.0008133387555916416,0.012008733624454315,0.0033013677094797522,-0.0017806796260573243,0.01440419030990836,0.007964464535987315,0.01867978461743003,0.007204425575710882,0.012541031899671706,0.012560497810555571,0.023119196513170293,0.0007409236848605616,-0.004882909815645209,0.019095477386934734,0.005880623346074865,-0.002371442835746307,0.012408526885141713,0.011573236889692584,-0.002927325951380788,0.0058955642897249305,0.009612450411962126,0.00568515977259354,0.020621057738961612,0.006019261637238982,0.009703385158231326
2013-07-08,-0.005678216510093703,0.0053020789730708895,0.0016314779270634183,0.016845329249617125,0.012904796688580467,0.0022385022385023046,0.00605758858186034,0.01394547163898463,0.0068381150587186745,0.003442340791738552,0.012982799099357178,0.003719655442443237,0.011878911738408382,-0.036367414796342534,0.008193922840559864,0.013150583441378094,0.000493583415597243,0.00020028039254960106,0.005289582212659072,0.003361590178310392,0.009132991367446497,0.0012570710245127792,0.005720414730068013,0.005361245851416951,-0.006977393245883312,0.021006498413178143,-0.002534113060428722,0.018065129545994818,0.019944156362185828,0.007426012886316613
2013-07-09,0.017588982136111042,0.01124219292158224,0.002970202165373248,0.018825301204819178,0.025600961538461586,0.02152284263959392,0.0167436489607391,0.0035543192705920212,0.006348737634725987,0.012864493996569415,0.00016578457938520863,0.02034978219881678,0.006059075990911378,-0.002156566745740607,0.003273507167851797,0.003473491773309023,0.007153428712382892,0.0011013215859030367,0.010880228306429984,0.0007283321194464509,0.008554425985618508,0.003295668549905928,0.00782083185211535,0.010284408329100936,0.0005621135469364713,0.006068679692125434,-0.004103967168262668,-0.0030352556619190896,0.004171555207926003,0.011815718157181632
2013-07-10,-0.003836866067684741,0.03952786165248412,0.007833397019487931,-0.011825572801182571,-0.004336106879175072,0.010137149672033274,-0.00300154133203534,-0.00046196489066829827,0.006308685446009488,-0.003386960203217715,0.0008285647818913056,-0.007072766662418628,-0.0037641154328732496,0.0049708234277068275,0.004050405040504135,-0.0010930952814720563,-0.0036737692872886862,-0.00010001000100001711,0.0007057785619764001,0.010189228529839944,0.0034419176398279294,-0.005161895823556972,0.0031746031746031633,0.002890536634410079,-0.00589887640449438,-0.004119464469618972,-0.008241758241758323,-0.014754098360655776,-0.00337530832143329,-0.005571030640668662
2013-07-11,0.015587928963366915,0.019672564034856288,0.013080568720378993,0.010471204188481797,0.020480225988700695,0.018103109012199914,0.0070789259560617435,0.025727930981358726,0.019098994022452187,0.016992353440951735,0.015728595120057864,0.012064429185651093,0.005793450881611983,0.03182795698924723,0.004818467055132336,0.005653839139157402,0.008603736479842805,0.008101620324064918,0.009697610861324035,0.028386167146974062,0.01960063702070336,0.0018867924528300772,0.011603375527426074,0.01215538847117803,0.013563153433173047,0.009898064706751475,0.013256826276216938,-0.004278583313525042,0.011202292562198846,0.004848093083387184
2013-07-12,-0.0018217233962034562,0.007898485044671721,-0.04687499999999989,0.01998519615099914,0.005420991926182284,0.0027058368766912366,0.0023430556677708214,0.006007810153199289,0.003576537911301969,-0.007518796992481147,0.0029992611491465038,0.015217804831653137,0.008514901076884573,-0.0037515631513130865,0.0035686405709824953,-0.003083061298512879,0.0,0.007838079174521173,0.005326115428271994,-0.00042034468263973945,0.009371620809804249,-0.0007846829880727713,0.0013903371567605127,0.009657050885229612,-0.0016727069974907804,-0.0052662375658280025,-0.015621948838117627,0.01766531391740278,0.0,0.0013938029377078553
2013-07-15,0.0021811951111030403,-0.021582733812949728,0.0372042799646608,0.007256894049346929,0.0026385224274407815,-0.00038550501156520145,0.0049975818152507845,-0.015676321289937234,0.012259444048467572,-0.005471380471380627,0.0018308885047779722,0.018050090562738097,-0.0017382666997765028,0.0016736401673640433,0.004556061784642962,-0.0014553392759686368,-0.0004874482086278942,-0.008170899783421892,-0.0025186729199235813,0.01401738155312593,0.017021783121056844,-0.00502591487356685,-0.0006942034015966492,-0.0004904966278356238,-0.00726054174811519,-0.005588235294117561,-0.008926800238047927,0.01688951442646025,-0.007728970758727249,-0.0016059957173447659
2013-07-16,0.006445822988791816,-0.019038865546218475,-0.013533976907060263,0.0028818443804032867,0.008810068649885539,-0.008484381025838705,-0.004491498235482894,-0.013650841801911229,-0.007322912265878223,-0.008463817181548872,-0.005495807866470526,-0.016932515337423237,-0.00223880597014936,0.012949039264828599,0.0,0.0021861905629441125,-0.019019751280175634,0.001290322580645098,-0.0044405746626032805,0.0027647221454243365,-0.005617977528089901,-0.010260457774269871,-0.003820771101076703,-0.006624953993375149,0.009282700421941126,-0.010499852114759012,0.006405124099279513,-0.00761245674740485,0.004413864728028072,0.0005361930294904838
2013-07-17,0.0002668558522789244,-0.011243474769107031,0.005372733378106176,0.028017241379310276,-0.01701258931609395,0.000388953714507867,0.0018530454398968388,0.005074580962632691,0.0031210100723506606,0.0046948356807512415,-0.0011504272115251402,0.00786320519221162,0.0027424582398403174,-0.004123711340206282,-0.002986725663716938,0.004726413379385619,0.015162813820532195,-0.0077319587628865705,0.0026237537169844227,-0.01461262751585335,-0.0017655367231637076,0.010047846889952083,0.0,-0.010868222798567362,0.0022296544035673715,-0.010162905395307065,0.009148766905330064,0.011390051139005042,-0.0021972340700530113,0.0017148981779206984
2013-07-18,0.0033657162192057832,0.007716258291593281,0.027101822693004873,0.03144654088050314,-0.010961116880120025,0.005443234836703059,0.00900683554483317,0.007037943696450277,0.006222599349455793,0.0038232795242141293,-0.008567992425190019,0.015851393188854423,-0.00522128294380908,-0.037515527950310545,0.00044380339509597633,0.01990229781074704,-0.0007345739471107393,0.0007992007992008165,0.007327285415212881,-0.008393956351427145,0.007310458672326492,-0.000157903047528829,-0.00662482566248257,0.0026220501935321217,-0.006117908787541704,0.06522723841159594,-0.015175404020496663,0.020684900022983177,0.0018134715025905912,0.009843783436764397
2013-07-19,-0.015768559185599162,0.009269210102095693,-0.006225030196042036,-0.0006775067750677266,-0.0008166122258514985,-0.0015467904098994678,0.011476847055073014,-0.010027347310847756,-0.0037947997189038407,0.04612780363944147,-0.015463081782545851,0.0018285992929416572,-0.001624593851537015,-0.008776458440888035,0.02284573583231686,-0.0037253858435337683,0.006861063464837169,0.0008983829107604979,0.006148250779355768,-0.11399548532731374,-0.00550158024113323,0.00047378395451680433,0.02106002106002114,0.013325031133250453,0.001958589815332923,0.012756909992913013,-0.0004002401440863501,0.0009006980409818066,0.009568140677527648,0.008370417461326607
2013-07-22,0.003200614096209531,-0.010781312391854203,-0.0009349289454001486,0.0115254237288136,0.004086398131932123,-0.0038729666924864903,0.0009455519659602452,-0.011663597298956274,-0.0015519187358916664,0.005663430420711935,0.015728228336972627,0.011499148211243426,0.0013768932281887913,-0.01171875,0.0005421229534858796,0.007122507122507171,-0.006084205402774434,-0.02682756557295296,0.0007745933384972759,0.01942675159235674,-0.0009416195856873921,-0.0009471191791634581,0.008937779305603355,-0.0018434312400148478,-0.0064227869310249375,0.010216934919524245,0.00640640640640644,0.004049493813273353,-0.0026895491803278215,-0.0035725543763791556
2013-07-23,-0.017170377035667594,0.0057857911733047995,0.008702975856260675,0.0013404825737264314,-0.005581395348837281,-0.0062208398133748455,0.0018105959222232126,0.0007763975155279379,0.007630351844001737,-0.006033789219629826,-0.007576480571858224,6.015037593987138e-05,0.002375000000000016,-0.0008783487044355942,0.0015171218032077327,0.0019448373408770259,0.002938295788442735,-0.008403361344537785,0.004041967664258683,-0.005935645110902721,-0.0009425070688029447,-0.0015800284405119713,0.002385008517887588,-0.0033243043585323706,0.006464305789769753,0.007065669160432053,0.001790332206087042,-0.0013443871835089327,0.008732502889430949,0.0039017188653380774
2013-07-24,0.05136018791861097,-0.010836120401337856,-0.007792930698580558,-0.01539491298527429,-0.024321796071094415,0.0011737089201877549,-0.00699355649850697,0.0029480217222652705,-0.0113588557004628,-0.003642250101173583,-0.000995684996570101,-0.007337904486948155,0.0009976306272603264,0.007912087912087973,-0.000649210127678046,-0.0007058408328921573,-0.00244140625,-0.0010334849111204303,-0.003597430406852231,0.004399748585795171,-0.012264150943396168,-0.008862161734451535,-0.0047586675730795225,-0.008400247066090216,-0.01144931583356612,-0.002201128078139991,0.0003971405877680745,-0.005833520305137951,-0.004073838319541556,-0.0022058823529412797
2013-07-25,-0.004562219231239895,-0.022044901271300987,-0.002337540906965918,0.008157715839564927,-0.015580057526366264,-0.003516998827667095,0.01099944607106118,-0.0013923267326733102,0.0014184397163119478,0.0028432168968317573,-0.01683464206248486,0.005271449345613188,-0.015946181636975254,0.0056694286960312645,0.002273711563447245,-0.002295603037259397,-0.0004894762604013003,0.008586799089592478,0.0018911716668099654,-0.017834793491864787,0.0038204393505252288,-0.002235350471020303,-0.0030737704918032405,0.0017441136165441407,0.0016949152542373724,0.001240865848614492,0.0065502183406114245,-0.014895057549086044,-0.0028122203758148556,-0.00021054847878720917
2013-07-26,0.005678226388347918,0.0037339233854238874,-0.010309278350515538,-0.006743088334457137,-0.0009739469198928319,-0.00015686274509807419,-0.0015654351909830666,0.006661502711076794,0.002691218130311812,-0.001620089104900857,-0.00264734672251854,-0.0039177867518535026,-0.0031649575895682514,0.008673026886383495,0.002808685319217963,-0.007964601769911539,-0.004897159647404559,0.005539029644066051,0.003088803088802994,0.00732717425931817,-0.0015461465271169317,0.0006401024163866786,0.006166495375128367,-0.00024872528292496643,0.003948110547095318,-0.005645827595703756,0.006113192664168876,-0.0032073310423825774,-0.0001281886937573029,-0.001895335369063833
2013-07-29,0.015419414747970261,-0.0022044640396803317,-0.0074810606060605744,-0.014256619144602856,0.011698757007067906,-0.006510825227486694,-0.010896832862966499,-0.005694059710680266,0.006074304280265563,-0.006490872210953347,-0.00347898538018232,-0.012646738472709695,-0.0008890017780034398,-0.0008598452278590907,0.004093504255089808,-0.00642283675289923,-0.008858267716535417,-0.0016321534224216228,-0.002566076469078804,-0.0025300442757748565,0.010005955926146504,0.0028786182632336565,0.005788219271365191,-0.0037318074387361344,0.00786516853932584,0.008032128514056325,0.009212073696589496,-0.0059756377844173425,-0.00012820512820521657,-0.008017723388543119
2013-07-30,0.01234955815156824,0.0034520850593757757,0.008777788378971474,0.0,0.0020476993495543994,0.013422818791946511,-0.0030910676071966847,-0.006655316514471377,0.0037910699241785473,-0.0004083299305838173,0.009804425556546148,-0.0045351473922901064,-0.0008897928053896997,0.006024096385542244,-0.0004291385044522533,-0.006464356257856019,0.0009930486593843213,0.0051088178195566325,0.0019723865877712132,0.009828788839568947,0.01993159570704095,0.0022324988040185456,0.004400812457684644,0.0043700836558870915,-0.012820512820512886,-0.007143838439346184,-0.02078073412313075,0.00023121387283242534,-0.0012822156686753683,-0.002339678825906577
2013-07-31,-0.0017418186254148926,-0.025870372918673445,-0.0059585737255273274,0.005509641873278293,-0.0033657891573506404,-0.003116478379431298,0.0008745428525998022,0.0073231536304143585,-0.006854105469296323,-0.004493464052287566,-0.003558153016726684,0.009850397094132823,0.005470737913486179,-0.0019247219846021402,0.0035419126328217754,0.007229351165732867,-0.005952380952381042,-0.0029480532682729654,0.0050496405340636485,-0.0003139717425432176,0.0015032377428305654,0.001113762927605455,-0.014829794405123109,-0.00174042764793636,-0.0042348955392432774,0.00802546008025451,-0.018643395477984992,0.00554785020804438,0.0006419309282321706,-0.0006395906619763858
2013-08-01,0.009162050579221814,0.006921881621697823,0.015223596574690745,0.023972602739726012,0.01845374502472552,0.011762407190308632,0.004368893478433611,0.010982211910286033,0.007183098591549308,0.010258514567090593,0.01855244060065875,0.02109370237151742,-0.004934834872833083,-0.005785301049925029,0.0028877005347593965,0.014534362102996523,0.012225548902195627,0.009380097879282179,0.008345397257940812,-0.005339195979899403,0.01939729823346048,0.048474253019707536,-0.004105371193978802,0.016687422166874244,0.012758718457612561,0.004255319148936287,0.01071139854486658,0.017471264367816097,0.0035925070567102146,-0.01088
2013-08-02,0.012840400126304052,-0.01094276094276092,0.011246485473289658,-0.0073578595317725926,-0.001657981999052538,0.01154841450697175,-0.01178424549193291,0.017594859241126137,0.0033561739616836395,0.0032493907392363575,0.0025989803388308808,0.0007761657412381773,0.02021871820956256,0.0008620689655172153,0.006611922789804936,-0.0008843296781039234,-0.008627064333251222,0.002020202020202033,-0.001266784899923934,0.006946637196084682,-0.0039642088571753,0.005002273760800424,0.00893163861216073,-0.004287114159725602,0.0013997760358344102,-0.012301804264625349,0.0047990401919617565,0.005196565747853654,0.006775760675019171,-0.008411517308314465
2013-08-05,0.014938609593944108,0.006241134751773014,-0.003707136237256825,-0.0026954177897573484,-0.008778173190984506,0.004581901489117968,-0.007683073229291737,-0.0073673131859871566,-0.005296167247386685,-0.0072874493927125306,-0.001731835289196404,0.0041761126357235945,-0.00710457434874745,-0.012747631352282518,-0.006250662146413899,-0.006903876792352603,0.001740427647936249,0.0011088709677420372,-0.002875021139861378,-0.005957980558168763,-0.009779395042074146,0.0015082956259429015,-0.006128702757916216,0.0013531799729364913,-0.0027956388034666713,0.014946028231386688,-0.000796019900497491,-0.003371544167228513,0.00025396825396817313,-0.003915171288743857
2013-08-06,-0.008946651119375093,-0.00944460107132794,-0.0042790697674418565,-0.010810810810810811,-0.01232647199617043,-0.003800836183960432,-0.006855391563835744,0.015601332929415346,-0.003502872355331421,-0.00856443719412725,-0.009314884011016655,-0.02103136882129275,0.0048958071805171866,-0.005409178153899741,0.00010660980810239806,-0.010873440285204983,0.0019856043683295077,-0.006243077232907068,-0.0035617367706920477,-0.003785488958990557,-0.0029857602204870215,0.002108433734939741,0.005138746145940232,0.004176904176903973,-0.005326604990188,-0.0013635124079630634,-0.0023899621589323905,-0.0069914298601714275,-0.011425669671194516,-0.0013101867016049873
2013-08-07,-0.0005807637795987031,-0.01679237227835484,-0.00579222720478334,-0.007513661202185884,-0.0012116806009935255,-0.0034338038916443825,0.001542959233392871,-0.017002237136465315,-0.0009842519685040463,0.0012340600575895255,-0.006603031243725299,-0.008071367884452063,-0.01524047470331047,-0.004385964912280715,-0.001598976654940909,-0.003424040367633885,-0.00544959128065392,-0.0036477859965549086,0.00280851063829779,0.015294490183660692,-0.0006910850034552718,-0.013675984370303707,-0.0027266530334014716,0.0026914607291410597,0.0031003382187149153,-0.0043691971600217094,-0.0031942503493711527,-0.01726095843742903,-0.006420958006934652,-0.0014212310047009291
2013-08-08,-0.008537371134020533,-0.0014473874656246721,-0.005450103364029291,0.00550584996558845,0.018561203445347507,0.0053598774885146305,-0.0021081650855429013,-0.002427552723410664,0.002533427163969204,-0.00041084634346755244,0.0022567676671145787,-0.00373202814316298,0.01534948623620469,-0.011013215859030812,-0.003416613282084091,-0.008499095840867943,0.001245330012453305,-0.002949252517034373,0.007213782568106675,0.025792970090134926,-0.001498386353158243,0.0063995124181015495,-0.004442925495557137,0.0025622254758419505,-0.008429334082607598,0.003565551289083979,-0.006208692169036745,-0.0011555350127109287,-0.0015509887553315505,0.004817166630173064
2013-08-09,-0.014228990942702913,0.01695897956225534,-0.004818594104308405,-0.010951403148528382,0.0065507384468797,-0.007882711348057958,-0.004631510522466797,-0.01551330798479078,-0.0064579531096449205,-0.0032881216605014085,-0.002520500751718502,-0.004360108081552516,-0.013368315842079093,0.0026726057906458767,-0.010499250053567666,-0.005653839139157291,-0.0009950248756220859,-0.004283965728274164,-0.003117627232895215,-0.005776831863788301,-0.0042710377467388705,0.0039364118092355405,0.002746309646412648,-0.006450042594620897,-0.013884953244545306,-0.0034162339437004974,-0.006045949214026569,0.00023137436372056008,-0.0045307443365695255,-0.011549357158422313
2013-08-12,0.02840665789708785,-0.007126567844925935,-0.01034842874774522,-0.0027681660899653293,0.021417583717903144,0.011016005834260989,-0.005714285714285783,-0.01235902981615955,0.0,0.0008247422680411898,-0.005502970715597133,-0.002713871584530958,0.0029124984171204904,0.005775211017325699,-0.0038977912516240387,-0.007887013939838594,-0.008217131474103523,-0.005941405449702897,0.0005916659623024234,0.005198776758409629,-0.007767215395316551,0.0030161363293621513,-0.000684697021567926,-0.0002449779519843043,0.0034482758620690834,-0.007404360345536931,0.006690997566910051,-0.000693962526023495,0.0023407022106631814,-0.009149029982363333
2013-08-13,0.04752297590375876,-0.005455067470571229,0.019090560245587085,0.006939625260235838,0.0028962001853567454,-0.0007403189066059745,0.005747126436781658,0.0007821054278116524,0.000706514059629848,-0.002884219200659288,-0.004810944458659261,0.01249304224132608,0.003030303030302939,-0.005300353356890497,0.010978260869565215,0.003697541135144977,-0.004519206628169736,-0.006079967023907673,0.002449738131441226,-0.019470641922725962,-0.005724967870078368,-0.010524733122838748,0.0027406646111680644,0.0004900759617740835,-0.005727376861397571,0.013261500207210952,-0.010070493454179208,0.002777777777777768,-0.00285417747794503,-0.005451106908443637
2013-08-14,0.01824031113049318,0.0060623556581986815,-0.019486020898051515,0.006202618883528688,-0.008663509298833305,0.0021466157557796794,-0.003673469387755146,-0.0003125976867770497,-0.025416548997458266,-0.00537190082644623,-0.012981515674765909,-0.0022600940687801385,-0.025176233635448186,0.002220248667850866,-0.02483603913557686,-0.0025787437833855176,-0.0030264817150061907,-0.0035251425609124087,-0.008848066065559879,0.0037232392181199003,-0.007990599294947054,-0.022185078255584356,-0.008199521694567724,-0.005020818025961216,0.0014400921658987986,-0.011724608043626406,-0.00528992878942014,-0.005078485687903922,-0.005984907624251856,-0.005033557046979942
2013-08-15,-0.001183752678538763,-0.0031563845050215367,-0.013728878648233467,-0.019178082191780743,0.00046609182008872097,-0.07172915797854185,-0.01474805407619828,-0.024702939337085672,-0.016082294986960344,-0.00290818446198593,-0.011669272676361642,-0.015856495653238656,-0.02970041322314043,-0.023925564909171415,-0.012679162072767425,-0.015881809787626988,-0.011130786744244836,-0.007491416085735114,-0.01504846114606373,-0.017310664605873383,-0.016820658611703454,-0.013364413364413297,-0.007922838442990021,-0.00947692307692305,-0.012079378774805916,-0.015036556766450437,-0.00715892820617714,-0.002552204176334061,-0.02604712041884827,-0.008881394041596491
2013-08-16,0.008878122983442704,-0.012953367875647714,0.007203348583665781,0.006983240223463749,-0.008152806894945241,-0.008780886256891995,-0.003076923076923088,-0.003366463610131487,-0.012663819761448925,-0.002083333333333326,-0.0032010892023842663,-0.000559875583203806,0.0031940377961139355,-0.005220154334997784,-0.0020100502512562235,0.0,-0.0010232796111538933,-0.003773980501100782,0.0004315925766078532,0.0003145643284052646,-0.010240963855421614,0.0025200819026618415,-0.014930555555555558,-0.007206759443339927,-0.0049490538573508935,0.00042016806722688926,-0.01709929954676548,-0.005582693649685999,-0.004031716167181787,-0.002835753176043565
2013-08-19,0.01076902067128005,-0.0032079323417906203,0.012080796366096491,-0.018723994452149784,-0.011272898074213167,0.0,-0.01017684351017678,-0.005468875663503403,-0.010738255033557076,-0.0041753653444676075,0.010201628651203887,-0.012635379061371799,-0.00225524011674183,0.01665525895505371,0.012084592145015005,-0.0273972602739726,-0.006914212548015275,0.004735346732610779,-0.002502157031924135,-0.012798742138364738,-0.007425441265976884,0.016653574234092527,0.003172365174480163,-0.0038798498122654124,-0.011410181392627283,0.003919921601567733,-0.004401592957451239,-0.006081871345029244,-0.007151531507219033,-0.01126151746103965
2013-08-20,-0.013135872457406217,0.014921006436512618,-0.000859434682964122,0.009893992932862083,-0.004038004750593904,0.0020601565718993964,-0.0031181527052080993,0.0008086689309396711,0.006935021860395185,-0.005450733752620618,-0.00026566169149178087,0.005862699363298196,-0.012232415902140525,0.010906642728904847,-0.007960199004975133,0.005595215126374731,-0.0033522434244456223,0.0002094679514033082,-0.0016434564484041347,0.0072309113496640265,0.007971547706646875,-0.001236284963684109,0.002459592410400502,-0.0007538635506973979,0.0023675643681562164,0.010458792358108981,0.008631578947368324,0.002353494939985934,-0.004756727371568292,-0.0010354348826507875
2013-08-21,0.0025732941797729225,-0.005044681464398848,-0.0068813915702953254,0.0034989503149056578,-0.010970665394705481,-0.010279605263157854,-0.004987741990024497,-0.011958629605688498,-0.014672855217847003,-0.004637436762225944,0.004518141480856164,-0.01535472549511152,-0.007538026652308516,-0.015672867735203933,-0.010364426613172939,-0.00940138142747493,-0.009573091849935267,-0.004083769633507872,-0.017328019407381712,-0.0003162555344718987,-0.017155371699720146,-0.0077363453504564195,-0.010164738871363599,-0.0018860807242551125,-0.011514614703277304,-0.008418437758763497,-0.013358380296388916,-0.005400328715661096,0.004369793800354849,-0.004721870321317434
2013-08-22,0.0011955588750041102,-0.0021729682746632895,0.01183716677894342,0.016039051603905286,0.01482999758861836,-0.00249272953884494,0.005012744265080693,0.008177952240759012,0.001975383680291598,0.007200338839474796,0.005038385455103711,0.014639424606963214,0.0036620100366200337,0.004059539918809252,-0.0060810810810809635,0.011233778810768813,0.0007836990595611049,0.0036799495321206965,0.011020983953447416,0.02467573552673219,0.0023520673434018757,0.01138312802120689,-0.0028328611898016387,0.004913076341647837,0.010155316606929699,0.001670146137787043,-0.005288766659614974,0.0028328611898016387,-0.0012236573759347724,0.006479981485767228
2013-08-23,-0.0038579624057428763,0.017131242740998864,0.0032337835267262083,0.0,-0.0033266009266960106,-0.006247396917950954,0.010482711979034498,0.0014600908500972398,0.006217773733697252,0.0,-0.004006019777635927,-0.004767580452920139,-0.0014864864864865268,0.008086253369272267,0.0016995241332427025,0.0021068760773796935,0.005481597494126911,-0.003456945317410365,-0.002354582715618725,0.07286199444272912,0.005434111399283736,-0.010021584952204843,0.006392045454545414,0.0030086498683716822,0.01389710230632768,0.00791996665277206,0.012547851977881663,0.006591337099811634,-0.00027225701061794894,0.006208323752586731
2013-08-26,0.0038924640443063208,-0.0017128175849272509,0.0004740235115661129,-0.005490734385724116,-0.003933722732149203,-0.0012573344509639872,-0.0057726093867648265,-0.006155839948161268,-0.008440090429540192,-0.007148864592094295,-0.004389722094475301,-0.004727387330601962,0.020841791852754143,-0.007352941176470673,-0.009953625155525336,-0.00993883792048933,-0.010384215991692813,0.0018921475875119942,-0.0006118881118881703,-0.01726618705035976,-0.010440977766859039,-0.004516430462544685,-0.011291460832745237,-0.01837270341207342,-0.01370662000583256,-0.0022056796250345956,-0.014072673808023572,-0.008652946679139295,-0.005582788671023908,-0.004913162705667218
2013-08-27,-0.028590395920548684,0.0017157563625964656,-0.02198426987586477,-0.026224982746721914,-0.010292005744375277,-0.014477549307595372,-0.00025244025580617446,-0.010757946210269043,0.0009119927040581732,-0.018212621770436255,-0.01874439900357039,-0.02957568081063977,-0.01736709532016445,-0.0037710437710437583,-0.015537529989717802,-0.02316602316602312,0.0007869884575026909,-0.004931276885951075,-0.013994577101373196,-0.026061493411420278,0.006578947368421018,-0.017365456821026304,-0.0008922198429692774,-0.007257448433919067,-0.003843879361324687,-0.011881735285990569,0.00021303792074989225,-0.03019580089643792,-0.002327810488840232,-0.003100241129865733
2013-08-28,0.004719299125339305,-0.013845275478161612,0.0005813390175370969,0.0007087172218285254,-0.0030229746070132846,-0.0017032148179688678,0.025250399797996703,0.001977261492832394,0.0030372057706911093,0.0008628127696290733,-0.0018820207092782315,-0.0016967956666448236,0.012277388019428015,0.00423595151187417,0.004177788093303825,-0.00039525691699615617,0.005242463958060384,0.01307465204555025,0.0023951033442739522,-0.007215874924834442,-0.00012331976815893597,0.008915777742397601,0.00767994284693696,-0.014364499166346079,-0.0032650638171564106,0.00027964205816566334,-0.008306709265175738,0.003405497445877037,-0.006587976942080798,0.023266528449666035
2013-08-29,0.0016384349167735124,0.008684324793747145,0.01607436816113106,0.003541076487252104,0.0009702850212249814,0.00021326508850494363,-0.01182168951646001,0.004440059200789381,-0.0059046177138532,-0.00387931034482758,0.00810785419236626,0.004314571484604901,0.0002665600426494663,-0.010096477451200458,0.0004622674217034106,0.0023724792408066353,-0.006518904823989535,-0.0126977518734388,0.002831858407079668,0.016050878255602585,-0.006413418845584551,0.0017358371469149425,-0.0038993264799715988,0.005985686402082191,0.002084574151280494,0.012580374615599466,0.027061855670102997,0.0,0.0006907985631392499,-0.017672219720846538
2013-08-30,-0.009119795907908124,-0.0028698522026116002,-0.009625464595444666,-0.003528581510232942,0.00012116806009943026,-0.005970149253731405,0.0004984630721940331,-0.004092992796332684,-0.0009137983551630313,0.0012981393336217728,-0.009971675331612584,-0.009763718023823476,-0.007461692205196546,-0.0036264732547596212,-0.0018482153170844562,-0.0033530571992110847,0.0020997375328084544,-0.005270925574530905,0.0022943875750087717,-0.0044709388971683195,-0.0024826216484608032,-0.010396975425330801,0.003914590747331026,0.007502263614021398,0.005349182763744409,-0.009663169519602444,-0.009201171058134672,-0.004121212121212192,0.007593538588982485,-0.001260456055918402
2013-09-03,0.002800198844289392,-0.003741545546121605,0.010488837567359521,0.009206798866855603,-0.00036346014053789677,0.007293007293007303,0.00099642946109757,0.0016439256945586234,-0.009756097560975618,-0.0034572169403630504,0.015917016731882727,0.017287845921251543,-0.007920526245133397,0.003958143767061051,0.00011572734637210758,0.011874134177716211,-0.007333682556312282,0.0016956337431115465,-0.0031695721077654726,-0.045508982035928125,-0.0073419611747138624,0.023400191021967665,-0.007089684509039351,-0.0017974065990499222,-0.015075376884422065,0.011430164482854943,-0.0289151540734488,0.0075462512171373675,-0.004110715264455944,-0.00011473152822383259
2013-09-04,0.02069426953268838,0.00014444604940044847,0.012951147509761007,0.004912280701754312,0.012483335353290492,0.012350936967632009,0.0025715470759022363,0.002954209748892156,-0.004156403940886677,0.004770164787510911,0.013080203854812122,0.006332385629361781,0.0032476319350474014,0.025739792450265142,0.005554269844943338,0.014472912184627429,0.016886543535620024,0.0067710537452390085,0.011747041158805871,-0.021486825595984915,0.004136893569010924,0.01306579561362553,0.01285255265976426,-0.003344051446945384,0.012605042016806678,0.01088754134509351,0.01673549228428617,0.0026576467745831334,0.0031645569620251113,0.006999426276534715
2013-09-05,-0.00685976572643765,-0.007076834199884363,0.0026323211431795723,0.0034916201117318746,-0.007062485037108046,-0.0033655868742110684,0.0042197583981467,0.003109147439044335,0.0017004173751737905,-0.0004315925766077422,0.00909335137791678,0.002761011942981728,-0.015511195036417624,-0.0015462778882262551,0.001611047180667402,0.0046269519953729965,-0.007784120394395355,0.005254308532997021,0.0027935399388914206,0.0012822567719186218,-0.001747815230961347,0.003838476892369158,-0.0035248501938668353,-0.004516711833784881,-0.011855364552459946,0.009406952965235416,-0.0029927319367251126,0.007710843373494036,-0.0032917295295569193,-0.0046718322698269255
2013-09-06,0.005955948033152136,0.04596363636363621,-0.005438349742147297,-0.0006958942240778976,0.0053044002411091196,-0.0059096665259603665,-0.0013182829364752902,0.0014681892332790714,0.010030864197530853,0.0,2.271592509006659e-05,0.003137606454504782,-0.003973147006439137,0.003097345132743401,0.0013786764705880916,0.008635578583765069,0.002876569037656873,0.006272214091574524,0.0014799338382518457,-0.0026572754922362662,0.0006253126563282585,-0.006118078923218029,0.00035373187124165817,0.00012963443090496796,0.0020995800839829215,0.0002701242571583329,-0.0064322469982847075,-0.009325681492109106,-0.0011008669327094989,-0.0011448196908986352
2013-09-09,0.01595662473199555,0.03267973856209161,0.010559064768549176,0.008356545961002881,0.02638206019906475,0.01571125265392781,0.008332645821301998,0.003257859586251799,0.0018334606569898604,0.00993091537132984,0.009634059302664255,0.01806459849355302,0.012104539202200781,0.01058667842964267,0.004589261128958411,0.005707762557077611,0.004432855280313008,0.001973820901724377,0.014777468706536734,0.016146635850025737,0.0027496562929634205,0.006463527239150446,0.0007072135785006761,0.013091380427738164,0.00658485483388227,0.0025654874426139784,-0.009279240397065291,0.006999758629012698,0.012673922027827578,0.00905444126074495
2013-09-10,-0.02277834708663673,0.004309183948289608,0.00914264390334929,0.008977900552486151,0.01191728005608117,0.009824414715718932,0.006463753886434276,0.020133138496509106,0.005795333231660926,0.02052159042325785,0.0006936335553950901,0.035425418521537244,0.013862462625713556,0.003273679615888314,0.011078117862037384,0.015323496027241923,0.002855659397715371,0.0045619491964747905,0.007281137570669838,0.023219080713947182,0.004736382899164893,0.021712538226299483,0.005300353356890497,-0.0026867963152507057,0.010110020814748655,0.005117845117845077,0.012197778261816561,0.01749760306807291,0.006121616106651961,-0.002498864152657987
2013-09-11,-0.05444448847201078,0.005899705014749124,0.00979938984931139,0.002737850787132068,0.006003925643690122,0.009107845166632211,0.007397772538817904,0.017666719719878987,-0.009704321455648257,0.009216589861751112,0.008462174386262955,-0.0004844374470145407,0.005898123324396876,-0.007613661083315182,0.007906924206483756,-0.007639277063536509,0.0038829924928811543,0.005882960057797426,0.009524619440428594,0.010805804260574314,-0.012405408758218606,0.011523495959293806,0.007732864674868223,0.004105195638229642,0.0,0.00736969047300029,0.0010759629868732912,0.0011778563015312216,0.0012168739859383937,0.011614666363015447
2013-09-12,0.010648710780117199,-0.011996800853105727,0.005218346608074631,-0.011604095563139905,-0.0033283599219555704,-0.0034871794871794703,-0.00024209167204647386,0.024241476384110117,-0.005205940897259231,-0.00996264009962633,-0.003488182072135304,-0.010359869138495181,0.00479744136460547,-0.007891275756247262,-0.002465538496021491,-0.019151333082988997,-0.008767405879319345,-0.002872973527600964,-0.004296183977760881,-0.0015271838729384868,-0.0042708202487125035,0.007249593135079113,-0.012556679455877351,-0.00012776287210924941,0.011922284368560465,-0.005852620377760243,0.01784178847807394,-0.0056470588235294494,-0.0018906144496961819,-0.009680324178298005
2013-09-13,-0.01648079067515129,-0.005531570426335786,0.013934426229508245,0.0006906077348065587,0.001957623215108173,0.001235076163030202,0.0020179191218014925,0.018323408153916754,0.008927197167923673,-0.002935010482180256,-0.004474488146521627,0.003979185797367668,-0.0038461538461539435,0.035793194874061074,-0.004943264801707814,0.006699846860643177,0.0065036420395421235,0.0017493311380940568,0.0033840947546530664,0.01040073416947096,-0.000630755645262937,-0.0024970622796709474,0.007064641469445521,0.010094556606184302,-0.0016000000000000458,-0.0034787262510033168,0.008658922914466682,-0.001656412683388564,0.006088485996482262,0.004773812230052243
2013-09-16,-0.03179139400911235,0.007597340930674212,0.03898320308991288,0.002760524499654915,0.0019537984139754716,0.002467105263157743,-0.00048332527791206115,0.0037486879592143474,0.007322654462242673,0.015138772077375906,-0.0014710823107184634,0.018475609756097633,0.005724936759419652,-0.002133105802047841,0.005193632155357397,0.010458262027001286,0.00439390023261832,0.003697996918335944,0.005311973018549798,-0.006933091129276425,-0.0006311537490532038,0.0041231041083786835,0.0070150824272186,0.01404174573055017,0.007284382284382218,0.00859291084854985,0.011306532663316604,0.016591609386110484,0.005648197955890222,0.003054298642533926
2013-09-17,0.011551596509016493,-0.004712535344015056,0.012449208956514246,0.0013764624913972234,-0.0012617572837808622,-0.0004101722723542922,0.002095422308188377,0.0005975500448163196,0.0024231409965167483,0.012841756420878259,-0.0018585540863319538,0.0023349098964258186,0.003441885093989905,0.014963659683625341,0.0003369650679545533,-0.0009409108016559253,-0.0018013381369017534,0.002149217070924303,0.005871005619391134,0.0039328069266180155,-0.002147278009346998,0.0019064378941193727,-0.002438174851967956,-0.004116766467065824,0.005206826728377134,-0.010782747603833909,0.005590062111801242,-0.0009326183259500409,0.004947847017919393,0.003044998308334268
2013-09-18,0.020557885544910226,0.02475649350649345,0.011015284774998024,0.01134020618556697,0.008843459285632349,0.017439474764054275,0.011902847032330577,0.0019408778739922194,0.028856322707357496,0.0167689161554192,0.019421954682556697,0.0038227212997252735,0.02071240105540917,0.006739679865206405,0.00954412755445766,0.006027500470898284,0.020623872131992904,0.007965686274509887,0.011339948303176861,0.011843303978135378,0.04493670886075951,0.01697892271662771,0.013966480446927276,0.005824877865464151,0.0057553956834532904,-0.01709056654555241,0.0030883261272389717,0.010735122520420193,0.01689953426480373,0.007195862379131945
2013-09-19,0.016398826201967864,-0.0122772277227724,0.00540540540540535,-0.007135575942915473,-0.0010245901639344135,-0.007259528130671655,-0.0030201875695438085,-0.02071226344807031,-0.0024963289280468537,-0.01609010458567972,-0.005457722062932602,-0.0016660716410805687,0.014734393175649396,0.000627615062761544,0.0017795573351129246,-0.012357236472570587,-0.007072493053801532,-0.007902735562310026,0.002308516777969949,0.009603841536614643,0.001817080557238171,0.0002878526194587394,-0.00688705234159781,-0.002179463229341816,-0.004005722460658112,-0.030120481927710885,-0.004310344827586188,-0.008081274532440563,-0.0027479717351479582,-0.0033489618218351946
2013-09-20,-0.010354016664838706,-0.012028869286286992,-0.02024529569892486,-0.0116358658453114,-0.03418803418803418,-0.00426569165143198,-0.004145408163265252,-0.01080340839926952,-0.008390990725747227,-0.01839738348323794,0.0052539318865894025,0.011741566336869624,-0.019233218698255117,-0.006104955049132332,-0.00432996558232468,0.0009478672985780978,0.0022894937674891036,-0.01041666666666663,-0.012832113185818783,-0.02523781212841869,-0.02430471584038696,-0.0018705035971222639,0.004507628294035948,-0.009111333000499267,-0.014220051709279091,-0.0038114059853191495,-0.01504844361987212,-0.0025605214152699673,-0.004986222280540575,-0.006944444444444531
2013-09-23,0.049699877794550984,-0.012987012987013102,0.007545228500385859,-0.020775623268697974,0.003303834808259687,-0.009587923296613732,0.004803073967339033,-0.003999384710044684,0.00549287410926369,0.011245314452311472,-0.01839220931729757,-0.026509572901325495,-0.014155844155844255,-0.0062686692751061646,-0.006578947368421129,-0.02537878787878778,-0.01954314720812178,0.0039215686274509665,0.00916590284142993,-0.0015553048092462607,0.006568347998512802,-0.005622026812743264,-0.005868139454608179,-0.0013855649326111052,-0.0027684685997376723,0.017712909168201785,0.004206781079949762,-0.012602100350058376,0.007780561782935624,-0.01026392961876832
2013-09-24,-0.0031387588206256423,-0.001507675438596534,0.012679771934303474,-0.0035360678925036026,0.000940844407856023,-0.005561277033985457,-0.008205863607393282,-0.0066409266409267476,-0.0005905802450908437,0.0016474464579900872,0.00038359839636936677,-0.013797276853252605,0.0017125543406666388,0.0035986452159186832,-0.009765405769446622,-0.022153128643606745,-0.0025886616619208436,0.005139802631578982,-0.0025596565106101865,-0.008704948075748398,0.0,0.006523630037692074,-0.0031250000000000444,-0.008324924318869775,-0.0037989479836351148,0.006961849067112169,-0.014818365603051165,-0.013708343181281113,-0.008767338393090851,-0.004444444444444473
2013-09-25,-0.015478436098317672,0.012628689087165412,-0.004117647058823448,0.0035486160397446564,-0.007167195394195747,0.012013256006627948,-0.003373764961041026,0.002021144278607112,-0.006352489289407459,-0.0037006578947368363,-0.010836216727939219,-0.0040498251211879,-0.006838506049447801,-0.00021092596498628602,-0.012922239854908146,0.027424483306836223,-0.005190760446405429,-0.0016363264471261907,-0.004966887417218513,0.0015405946695425943,-0.010957892144791925,-0.0073455278697970305,-0.00766283524904221,-0.011447468837445962,-0.0011733646230568384,-0.004701327433628166,-0.006875396657499477,0.0019170860292356817,-0.014521452145214497,-0.0025183150183150094
2013-09-26,0.009739801918595692,0.011657855496814307,0.007341152645346405,-0.004243281471004279,-0.0035502958579881616,-0.027015963978714752,-0.004674780365922504,0.012257564003103072,0.005798394290811748,0.0008254230293025522,0.0010716231457843506,-0.000123220996857909,0.007282838983050821,-0.01223628691983114,-0.0001148369315572273,0.0036750483558993796,0.010696582311505498,0.005838967424707908,0.0038269550748750714,0.008152591908937135,0.0013693514253703132,0.020603598374927534,0.0010530010530009903,0.004246011322696752,0.00528634361233471,0.0025006946373991035,0.015443604217701523,-0.0047835446065535026,-0.00040187541862024556,-0.0008033050263943631
2013-09-27,-0.007136491702406711,-0.001473938094600058,-0.005361031998659782,-0.01278409090909094,-0.004750593824228044,-0.018510727808161653,-0.006883148433071473,-0.0007664009809932315,-0.011086474501108667,-0.008247422680412342,-0.0020269650742700263,-0.015034814221455362,-0.0014460365452871882,-0.018368218709952977,-0.003904904100149209,0.006745037579495072,-0.008776458440888035,-0.010897240044810963,-0.0036466103099618286,0.01525785779676525,-0.004599701640974674,0.04691498436167185,0.012622720897615736,-0.01076233183856512,-0.007303534910896858,-0.0023558758314856654,-0.01405496119152505,-0.00048065368901695216,-0.0034843205574913716,-0.001952452050074549
2013-09-30,-0.012428187378378919,-0.00523349436392917,-0.010442984672393463,-0.007194244604316502,-0.004773269689737347,0.0043291898842692245,-0.009295499021526377,-0.010737843227488941,-0.0017937219730942422,-0.006652806652806653,-0.0005476101672194922,-0.010259618392242653,-0.0014481305950500012,-0.002567449956483947,-0.0004612014297245004,-0.010528330781010786,-0.013541666666666563,-0.009369851729818857,-0.006737647645982392,0.00030057108506165164,0.0011240164855752521,-0.013579576317218955,-0.0053670360110802395,-0.020981738116824133,-0.00470865214832239,-0.005278510904292211,-0.006914893617021356,-0.0064919451791296545,-0.005379236148467026,-0.00989643268124285
2013-10-01,0.023512967076853908,-0.0009442870632671019,0.0021276595744681437,0.007246376811594235,0.004316546762589857,-0.0081515940420811,-0.001481481481481528,0.005272135214761997,0.007337526205450695,0.011720385098367592,0.012665576320789906,0.004993363251374783,0.005405405405405572,-0.003970158370053656,0.0089975775752682,0.0052234474753338755,0.0018479408658922392,-0.000831514395592925,0.0017586466795076472,0.009014423076922906,-0.001122754491017952,-0.003028634361233462,0.005744125326370808,0.007540679984124887,0.00709639266706108,0.013545594190755406,0.0067487948580611246,0.004114230396902174,-0.005002704164413063,-0.00046490004649002437
2013-10-02,0.003279370521529046,-0.000945179584121103,0.0007643312101910382,0.011510791366906581,0.003701050620821267,0.003442340791738552,-0.004038905374216917,0.0007712478790682376,-0.00029730935037897144,0.006619776582540204,0.00111162293569822,-0.002075471698113285,0.0007867820613689513,0.0024091108190977817,-0.0020578484051674284,0.0025019245573518756,-0.01370223978919638,-0.008842192863830145,-0.0035111185420498847,0.010125074449076843,0.00424628450106157,-0.007318420325876818,0.004153686396677125,-0.0030199579831931,-0.0035231943628891704,-0.00013777900248013175,-0.004256224728665714,-0.005543504458905835,0.0017665443674410586,0.0009302325581395099
2013-10-03,-0.012562717070053075,-0.007568590350047089,-0.022063815342837856,-0.004267425320056972,-0.0011894849530152962,-0.013507718696397997,-0.021352313167259718,-0.013255240443896366,-0.013680297397769547,-0.009453349773941522,-0.01340116416426107,-0.011470347261612113,-0.005765199161425594,-0.012453572208870445,-0.00813380685072751,-0.00287963140717995,-0.007213465134918606,-0.006402183039462606,-0.005453020134228215,-0.00176886792452835,-0.011938813580400387,-0.00347753512310478,-0.008273009307135593,-0.0011853022520743606,-0.008839127872716457,-0.0006889899407468425,0.004701859371660566,-0.006301502666020364,-0.007596310363537695,-0.006737918215613314
2013-10-04,-0.0007862898846630051,-0.010077624948931052,0.01700798333911835,0.0035714285714285587,0.002739073478623455,0.0006520321669203355,-0.0010147991543341117,0.01999375195251485,0.0015076134479121706,-0.0020746887966804906,-0.004268808596912588,-0.001912655403251362,-0.0013178703215602772,0.00929203539822998,0.008431508431508528,0.014054678475163618,0.0010764262648010892,0.0003168902503432047,0.00716997047659218,0.0005906674542233148,0.0025173064820642743,0.006979341150195495,0.00799443865137306,0.002373417721518889,0.0032699167657550543,0.006480970766685079,0.0019144862795150708,0.007317073170731714,-0.004920721705850228,0.009590643274853816
2013-10-07,0.009771868958701191,0.004677397166047648,-0.004351535836177534,-0.01708185053380784,-0.007957244655582008,-0.005647263249348389,-0.0022009650385168555,-0.010872894333843752,-0.001354809573987703,-0.0045738045738045185,-0.007577222022705721,-0.01469179175982116,-0.008577461071522907,0.0008768084173607082,-0.008246478066659013,-0.015948357698879922,-0.0040322580645162365,-0.0035902851108764455,-0.005946398659966601,-0.017119244391971877,-0.0037664783427496795,-0.011089548100914892,-0.013103448275862073,-0.004867140226256117,0.007407407407407307,-0.011234415673379794,0.004033970276008381,-0.016464891041162222,-0.012774725274725118,-0.004865616311399257
2013-10-08,-0.01396270011553058,-0.015610023278104901,-0.01071214328562864,-0.00868935553946426,-0.008140787740931521,-0.011140235910878094,-0.009671672181216562,-0.009134540950611614,0.012963521254145238,-0.011278195488721776,-0.01394197915592077,-0.0077795786061587435,-0.011446825502462343,-0.015330705212439732,-0.011317704122878025,-0.018522091452826572,0.006207827260458876,-0.004451038575667643,-0.012890723734097276,-0.008708708708708657,0.004284814114681845,-0.014858424446313467,-0.01327742837176804,0.008988764044943753,-0.026176470588235357,-0.009560759318276268,-0.026221188411926444,-0.009354997538158383,0.014331431751773982,-0.004540162980209539
2013-10-09,0.011744311962925913,-0.0037557379329530294,-0.008402633402633364,0.010956902848794803,0.008086904043452137,-0.005964214711729698,-0.0051400668208687605,-0.006406249999999947,0.004613095238095166,-0.0042247570764681885,0.002565406034426676,0.009081999346618685,-0.0017503702706340718,0.0048932384341637825,0.004088307440719419,-0.002358954196972629,-0.005364806866952843,-0.007132212050244835,0.0034994878798224605,0.0018176310209028212,0.00389007403689301,0.008679567444507708,0.001770538243626163,0.008122625442159137,0.01932950770160069,-0.001398992725237913,0.0032573289902282365,0.0029821073558646827,0.00137174211248281,-0.004093088527657662
2013-10-10,0.00626793742132703,0.02750628316112813,0.038700096095046765,0.028179190751445038,0.014487547892720443,0.022666666666666835,0.0021527598381123614,0.03129422865230369,0.011553843874981595,0.028850233347475607,0.014465006948628734,0.023115773115773175,0.01847855408686283,0.02257636122177953,0.021172638436482094,0.034876847290640445,0.018878101402373337,0.012544226439369588,0.01505486093391184,0.020864832174176007,0.01750000000000007,0.03597122302158273,0.016967126193001114,0.012215724496426272,0.01185185185185178,0.036424768842813204,0.014285714285714235,0.026759167492566904,0.02452054794520553,0.010333489901362292
2013-10-11,0.006481939492367195,0.01155048240250034,-0.007737594617325483,-0.0028109627547435734,0.010385931783311708,0.011734028683181297,0.011084378759236957,0.009606587374199282,0.00820032215551314,0.006185567010309256,0.004319140010415223,0.012594139611417088,0.010727056019070202,0.006709956709956666,0.0190248348143085,-0.00019040365575029305,-0.000264690312334559,0.0031766200762388674,0.011563599798893875,0.010959715639810463,0.004299754299754266,0.00027233115468394686,-0.001737921445950641,0.007574784953139124,0.0014641288433383526,0.003919978372532995,0.00490823730260348,-0.00024131274131267144,0.0004011231448053376,0.010576476057647666
2013-10-14,0.006550987477557113,0.002686727565824887,0.012544499067638437,0.01127554615926707,0.007358953393295176,0.002577319587628857,0.00773349196906592,0.009364144389065077,-0.0039215686274509665,-0.0008196721311475308,0.004724916424360348,-0.003374999999999906,0.00039308176100627534,0.00838529348527195,0.003912800447177123,0.003808798324128837,0.003706645485835214,-0.0002111040743085768,0.005632869449966993,0.009375915616759434,-0.008440366972477076,0.00816771031854091,0.021935933147632314,0.003312945973496406,-0.008187134502923965,0.006058974013733787,-0.0059460607347632255,0.007723871590634923,-0.0018711574445333667,0.0074755606670500185
2013-10-15,0.0053215509406912,0.001205787781350498,-0.01071488364306028,-0.0076655052264807955,-0.005681818181818121,-0.006855184233076295,-0.003626243885984093,-0.005835702528804387,-0.010644502770487119,-0.007793273174733328,0.006734199466308599,-0.011476232283958443,-0.015324165029469428,-0.0025586353944562212,0.001447661469933248,-0.007588692847656953,-0.006594566077552044,-0.009712837837837829,-0.013014827018122066,0.0011611030478955175,-0.010486059708857742,-0.004725897920605071,-0.0064735945485520086,-0.014478028956057876,-0.006191037735849059,-0.011375802997858564,-0.010467848750267073,-0.005029940119760545,-0.004151044456347064,-0.009246575342465646
2013-10-16,0.004880691859477482,0.03198180115080951,0.018277204264681046,0.022471910112359605,0.006064139941690971,-0.00798101811906815,0.008548455353364348,-0.0013546056592415034,0.01739130434782621,0.007027697395618038,0.018161904287274044,0.0293091416608513,-0.0031923383878692535,0.013039760581444959,0.013121316579561837,0.03230739820302042,0.009028146574615148,0.015138592750532975,0.009347354364880767,0.00434908669179479,0.016207455429497752,0.01098901098901095,0.021947873799725626,0.009536082474226992,0.014535746069415767,0.01786922972790017,0.020077720207253957,0.016129032258064502,0.01653892698668802,0.005991473672082082
2013-10-17,0.0067581536467209435,0.028786307053941806,0.016204088416154283,0.006868131868131844,-0.004868436304625079,-0.0093063709502067,0.0030295401141322564,0.0010550113036926767,0.011154570476604286,0.013136288998357948,-0.010283593662221757,-0.024221879815100156,0.0106752068321323,0.009495674192867787,0.009439139501701277,0.0038888888888888307,0.014473684210526194,0.0026254988447804717,0.01389118571192327,0.008083140877598094,0.018279965648386742,0.0002683843263555641,0.01543624161073831,0.013786060760786256,0.007017543859648923,-0.05080462827503651,0.0349206349206348,0.011134802179578296,0.0023809523809523725,0.0019470850990723765
2013-10-18,0.00870109363769811,-0.004159314343332499,0.0018807752064762262,-0.0020463847203273655,0.01735585323238209,0.007901321276502227,0.0010793082387194897,0.01099066546221028,0.0040114613180515235,0.035251215559157334,0.13795546008082882,0.002337038908539757,-0.013863216266173706,-0.001881270903010157,-0.003696857670979714,0.0016602102933036544,0.005966277561608502,-0.0028281135435215266,0.001794160822051749,0.001145475372279492,0.006506024096385676,0.018647705929702107,0.008261731658955718,-0.0001259128682952193,0.004936120789779341,-0.03656998738965955,0.022699386503067576,0.0,-0.0009237265769332925,0.0008001828989483428
2013-10-21,0.024508071005591603,0.006328312871788366,-0.008570029382957811,-0.007518796992481258,0.004121822761621319,-0.0013501154130917126,0.0014208106978685908,0.006850335070736957,-0.00028538812785383616,0.023091976516633972,-0.008016440617396259,0.0068057218476276216,-0.0009372071227740086,0.010890052356020918,-0.004692786205391153,-0.0005524861878452025,0.001031459515214106,-0.006407563025210061,0.00333767502442206,0.0008581235697939782,0.002992578405554225,0.0021072040036875794,-0.003605375286791279,-0.005540863871048907,0.017624963883270617,-0.00814426992437467,0.01139772045590881,-0.001405810684161235,-0.007396645093118326,-0.003655054254711465
2013-10-22,-0.002866533655924597,0.007797761287888116,0.008314810241211834,0.0,0.016761687571265727,-0.012211077191452313,0.006843598731430589,0.020559088892175614,0.014701684270625126,-0.004590665646518777,0.0036877302217634966,-0.0032546786004882255,0.0032162958992225654,-0.002651750569712008,0.012719298245613908,-0.011977151280633924,0.006955177743431351,0.0056031292948515166,0.0044624746450303565,-0.011717633609602873,0.014560210048931932,-0.0017085030884480545,0.009210526315789558,0.017854881600607886,0.0002839295854626389,0.009677419354838568,0.011071569790431113,0.0075082121069920404,0.015568862275448847,0.008597959417631529
2013-10-23,0.009795776572811388,-0.014102084113315816,0.053396472893533664,-0.02134986225895308,-0.060670629135359366,-0.01743929359823393,-0.00422745358090193,-0.012753623188405783,0.008721339147559348,-0.012298232129131503,0.024237331685196706,-0.009481946624803728,0.002938819129040926,-0.013958705496240342,-0.002815071459506324,-0.01622528907124199,0.0,-0.009566862910008522,-0.004846526655896577,-0.023713128976286857,0.0009410657569697278,-0.005265929436545469,-0.0026075619295957697,0.006593680019905568,0.0013908600624470413,-0.012343886145802951,-0.006257332811888894,-0.004191895668374523,-0.005503144654087855,-0.004205501250284183
2013-10-24,0.013239690536068105,0.01746835443037975,-0.0003100294527981218,-0.0028149190710767824,0.009192932187201519,0.00536957986969222,0.0035794555897779023,0.0136523781561948,-0.0011156045181982543,0.009338521400778177,-0.005678595449375101,0.014073792316470213,0.022642514651038947,0.0018959342742785878,0.002714440825190012,-0.00511848341232235,-0.007418777180864811,0.00498885468633925,0.002353896103896025,-0.0011848341232226778,0.0009401809848395004,-0.0006617257808363419,0.00032679738562091387,-0.0037078235076010158,-0.018396213044587495,-0.0058814880164682615,-0.007870916961826069,-0.0016370439663236924,0.00685111989459819,0.009245519917817635
2013-10-25,-0.01119005725971911,0.005473998507091293,0.017134439447976435,0.00635144671841914,0.0028392286762095598,0.0035978457619163517,0.0002488387524883784,0.0030412744388126356,0.01033086695518648,-0.0023130300693909867,-0.010092193892003554,0.013315828957239262,-0.006902839281062834,0.019133725820016823,-0.00281537628586892,0.005525914634146423,0.005927835051546593,0.0010561892691169916,0.00753097416794879,0.059608540925266906,0.009158154279675923,0.0025162230168189748,0.0,-0.007567299342513323,0.016170950043314924,0.00014790711433221304,0.0057516858389528025,0.003982197235886664,-0.004449097095001409,-0.005089346301741737
2013-10-28,0.007449079545575721,-0.006434050977480732,-0.009985517188810134,-0.0021037868162692153,-0.00578034682080919,0.004230683589401041,0.0026536197031261644,-0.003753970545769647,0.0,0.008114374034003058,-0.00019700551615442485,-0.003948423715220084,-0.002491803278688476,0.005157829585310525,0.0032576827017047894,-0.0017055144968732838,0.014860363822700506,0.006224941970879971,0.004018646519852176,-0.004478029666946437,-0.009191390343222916,-0.002509907529722577,0.00424697811172825,0.016249999999999876,0.010798522307473801,-0.01005619639160027,-0.002760796687043987,-0.0006999533364442367,0.01393270241850697,0.0029555530294418375
2013-10-29,-0.024907360313885074,-0.0001245330012452639,-0.0016938712657837973,-0.005621925509487036,-0.002491694352159568,0.012195121951219523,0.004879662558928244,-0.001159420289855051,0.0034544700842891185,0.004599463395937198,0.020926069004886694,0.004087952926602911,0.018932421772285046,0.006691297208538671,0.008117761662517653,0.0009491268033408051,0.004796768492804748,0.007130124777183555,0.0028818443804035088,-0.0014056789429293115,0.009628933771723913,0.005297311614355538,0.016590761223162165,0.014268142681426843,0.019679505201012137,0.01703017627726333,0.010282776349614497,0.0030352556619193116,-0.0010370754472387445,0.007933809361895028
2013-10-30,0.01590546679293503,0.004981940465811352,0.00015424957581378074,0.001413427561837377,-0.00689901272748894,-0.005257393209200489,-0.00987654320987652,-0.006529309344167178,-0.008399889837510277,0.006104540251812285,-0.005616440442767434,-0.00037011905496264763,0.004903225806451639,-0.0011417852628144987,-0.003757783981103602,-0.002465389721221234,-0.004522613065326642,-0.00020822488287342011,-0.00391123882503186,0.000563063063062863,-0.0046522447080716844,0.0028981688842049103,-0.010240000000000027,-0.011399466407955305,-0.0002757099531294216,-0.0010282021151585274,-0.010961049128988098,0.0032588454376163423,-0.0019465351674020637,-0.0013493759136400385
2013-10-31,-0.00418083059167762,-0.016606766637749404,0.006323257248611824,-0.014114326040931546,-0.00155707270331773,-0.006386258533362721,-0.0028262676641729323,0.001752592376223161,-0.003888348840438871,-0.008722032612817565,0.00015531527255219224,-0.007343412526997772,0.00012840267077551815,-0.0010206164523373085,-0.0019398642095054264,-0.020152091254752924,-0.0012619888944976898,0.005102572112881232,0.008494270374228563,-0.0037985368598761893,-0.009698527693386305,-0.004860107710495054,-0.007921112188813528,-0.00944553483807653,-0.001654715940430096,0.0036759300102926495,-0.0003958044725905774,-0.009512761020881721,-0.0020803536601221584,0.009120594527643355
2013-11-01,-0.005111715833060915,0.0002520478890990496,0.01938697318007665,0.0035790980672869566,0.002759117082533624,0.00022163120567397776,-0.01625541847282419,0.0061233415949846215,0.010874111250522844,0.015302218821729108,-0.003435017050038014,0.007397737162750273,-0.011554756708178293,-0.0059256232120964425,0.008206457186049176,0.018820333721381477,0.0010108668182966518,0.007459593866556036,0.0003972983710767153,0.003389351786470707,0.040000000000000036,0.003959873284054893,0.0158057682906958,0.004953560371517174,0.0011049723756906271,0.005420451215938815,-0.0003959611958027631,-0.0004684937924571697,0.004169381107491876,0.0022316447221601976
2013-11-04,0.012922348798423355,-0.004661710973919653,-0.0018041043373675514,0.0014265335235377208,0.0035889460461777656,0.0006647462884996624,0.0007626472332851186,-0.00289813070569489,-0.0005516480485451281,-0.0041446872645063415,-0.0009092792590366106,0.006849737735266759,0.00012988699831151251,-0.0028776978417266452,-0.0036414265824140646,-0.008950676061702523,-0.002524614996213148,0.0007198683669271677,0.003335980937251737,0.01168191414496822,-0.0005672793283412192,0.004075729687089247,0.002887391722810495,0.002218114602587695,0.005794701986755024,0.004662683957453062,0.011685482273717573,0.0007030700726506911,0.0033735565070716067,0.025384101536406245
2013-11-05,-0.002469106271237531,-0.005063291139240533,0.0058739362903832415,-0.007834757834757844,0.001907259506496617,0.02147918511957503,0.002963590177815556,0.0005813108559800106,-0.00027597626604103365,-0.00037835792659846046,-0.004469337053205069,-0.007416033341505313,-0.004545454545454519,-0.009276437847866359,-0.0023648285499301425,-0.0017294388931590188,-0.00025310048089088877,0.0010276436131948508,-0.0015832805573147146,0.019476905954368462,-0.009422181859461864,0.010868141940552523,-0.000639795265515164,0.0012295585884667393,-0.025240054869684503,-0.0033357505438724733,-0.019185591229443966,-0.0016393442622950616,0.001163843269106568,-0.0011943539630836497
2013-11-06,-0.008619300038233857,0.011832061068702382,-0.003593621322153129,0.002153625269203152,0.0020226055919096986,0.009321482766095901,0.022710004221190294,0.002178649237472907,0.010489993098688588,0.018168054504163367,0.001204058592823909,0.009694350108058192,-0.0030006523157208864,0.008947149396587584,0.002478181230470833,0.002887391722810273,0.013924050632911245,0.005030284365054927,0.008008246114811213,0.04203056768558944,0.012491404996561872,-0.0056994818652849055,-0.008642765685019205,0.01694707110401561,0.00816211652124954,0.022846332945285264,0.01017964071856281,-0.004456955195871526,0.00955825368121932,0.013371018588977046
2013-11-07,-0.016179077120715646,-0.00955614233622537,-0.011871665790066932,-0.011461318051575908,-0.006767988601282249,-0.007302405498281872,-0.010153541357107554,-0.02681159420289847,-0.003961207485316143,-0.011152416356877248,-0.014470788831271952,-0.023727984344422803,-0.009552473174561649,-0.0076716848834811335,-0.0037618228718832025,-0.008637236084452993,-0.00549313358302117,-0.007150153217568955,-0.00566349406119715,-0.01781037192247248,-0.015280135823429464,-0.013809275664408593,-0.0019373587342589316,-0.005917159763313751,-0.019821328866554966,-0.007540190638782196,-0.008693934005137294,-0.017200754005655017,-0.008316274309109417,-0.01351641278695559
2013-11-08,0.015741718353682543,-0.012441284753078485,0.015055889285986002,0.03768115942028971,0.007053197848176707,0.017308524448290896,0.010674672671169949,0.021295606850334936,-0.0067196928140427215,0.016917293233082775,0.008016190961368075,0.022112252568278645,-0.002774474831549689,0.0012884991063635276,0.014672564462185678,0.04472410454985476,0.005523474767763048,-0.001954732510287993,0.012499011154180728,0.0074666666666667325,0.0013793103448276334,0.018758256274768792,0.013264315755418865,0.0023080660835763656,0.0017089148390772024,0.010607798165137572,0.0005979669124975828,0.023975065931431283,0.005805702490001119,0.00837320574162681
2013-11-11,-0.002904568779112826,-0.004370741740583717,-0.00719154992883364,0.005586592178770999,-0.0010683760683759536,-0.0027647809442791216,-0.0009076656489809265,-0.0034995625546805353,0.0002761286759629389,-0.0014787430683917968,-0.0053541334413587105,0.004106146963289925,-0.0014573396926338411,0.0032793690327936886,0.0025518341307815273,0.0025945144551520194,-0.004494382022471877,0.0008246572518297857,-0.0003125244159699614,-0.0050291159343567315,-0.006542699724518042,0.0005186721991701226,-0.0025542784163474774,-0.003029935765361813,-0.003980665339778255,0.0,-0.004780876494023922,0.0009365488176071857,0.013468445356593195,0.0024803192062976542
2013-11-12,0.0018543592952624532,0.006584893479664178,-0.0015090922809929408,-0.005555555555555536,-0.0035650623885918886,0.012156110044785784,-0.008919722497522264,-0.008340649692712976,-0.010075914423740562,0.0014809329877822908,0.00117753983143154,-0.005798339843750111,0.01074698155764886,0.01079895734204972,-0.007742072330045646,-0.0024029574861368364,0.0002508151492350841,0.005870841487279677,0.0032043767096523457,-0.006118648576749264,-0.010398613518197486,-0.0037584240539138003,0.004481434058898781,0.006564551422319376,0.003996574364830252,-0.007801418439716268,0.004003202562049557,-0.010994152046783556,-0.003796987723073131,-0.0031196213425128683
2013-11-13,0.001199400703487008,0.002693689071318728,0.006347766946270594,0.022346368715083775,0.004174120453190433,0.011167298777918333,0.0007500000000000284,0.01770694997786637,-0.01115448968209698,0.003696857670979492,0.020449020223110237,0.0003069556142183405,0.01864006300866361,0.0069586573884568015,-0.0023514322359983186,0.0031498980915323216,0.006018054162487241,0.004607823059594507,0.001791835462760849,0.02127944325481801,0.005253940455341333,0.012748796669701967,0.015615041427661014,0.008454106280193274,-0.0028433323855558967,0.015153681200857694,-0.003389154704944053,0.011352885525070855,0.002413924533096301,-0.0008632782993417409
2013-11-14,0.014456237344742107,0.011897147243187911,0.01441766163550362,0.010587431693989124,-0.005225653206650804,-0.10960616795165667,-0.004413356649179745,0.015224010439321312,0.008319232938522436,-0.005893186003683271,0.002673240042790459,0.0015956793911868772,0.01726804123711334,-0.008739837398374029,0.006213841868437875,0.004802364240857004,0.002243270189431712,-0.005605952502293343,0.00933198537988944,-0.0035119905648014482,0.016260162601626105,0.010147719974309632,0.004079071226859021,0.009820359281436986,0.002566295979469446,0.006055485142937522,0.005601120224044909,0.007717492984097518,0.0022813688212925953,0.006804190517334385
2013-11-15,-0.006001214026512547,0.0022756005056889794,0.007328447701532292,0.008448800270361545,-0.00023877745940792394,0.007956938918792567,0.004182000669120001,-0.0002856326763781558,0.004055376870367722,0.0077806595035199155,-0.0016131005846766744,0.007352941176470784,0.013807955409171457,0.005536190280910347,0.005004258943781981,0.008639705882352855,0.0002486943546380349,-0.006560065600656029,0.0004622852299869251,-0.004734225822571769,0.012228571428571255,0.007375381485249299,0.006250000000000089,0.006166982922201303,0.007679180887372183,0.006019036954087342,0.0007957032027052779,0.010443258296588542,0.0017703591299949029,0.021990989058142008
2013-11-18,-0.012117559527777821,-0.008955600403632746,0.016754850088183337,0.0,0.003582517315500411,-0.011376828418853124,0.00416458437447953,-0.0071428571428571175,-0.0036211699164344635,0.0007352941176470562,-0.0019447249625359486,0.00778588807785896,-0.004498313132575316,0.0032626427406199365,-0.0009534908358936889,0.01585565882996187,-0.0012431626056687017,0.007531985142385622,0.0021563342318058343,-0.016939298644327527,0.005532347295924334,-0.008078767987881874,-0.0059006211180125945,-0.0031824611032532646,0.004798193621224911,-0.002643662167802985,0.008944543828264706,-0.0029857602204870215,0.0,0.0018893670620343528
2013-11-19,0.0017762229078768232,-0.005981926944126248,-0.009973980919340986,0.018766756032171594,-0.004402665397429839,0.006106153123532243,0.012441937624419364,-0.005467625899280515,-0.005870841487279899,-0.0069801616458485816,-0.006151959322149403,0.005552873008208614,0.00891176101418334,0.00406504065040636,0.005938494167550434,0.007355579476139074,-0.0007468259895444529,0.003379416282642156,-0.0006147698455389872,-0.01236559139784943,-0.019761958230406496,-0.009798931025706281,-0.010934083099031433,-0.0027196405344683816,0.003370786516853963,-0.000976562500000111,0.00039401103230907175,0.003455425017277358,0.00037869224943198887,-0.0003143006809848137
2013-11-20,-0.0087575820450706,0.0003841229193342066,-0.03307052124397725,-0.003947368421052588,-0.011832197920401466,-0.008870214752567773,-0.0004915615271178231,0.0015914351851851194,-0.015326209223847087,-0.002589715131335546,-0.0028227612311167993,-0.009603841536614643,-0.007837770589698922,-0.005668016194331993,0.003057136833227947,-0.0008904719501334757,-0.0019930244145490716,-0.004490712390283758,-0.006689734717416407,0.00925421883505706,-0.012256586483390564,0.00038555455596966937,0.008212255211623498,0.004149869575527543,-0.00895856662933936,0.005166876134618192,-0.0074832611264278315,0.0013774104683195176,-0.004416403785488909,-0.007755187591699797
2013-11-21,0.011913596859649322,-0.006911557660309597,0.0036240090600228037,0.029722589167767488,-0.006773101112723778,0.011304757418747036,0.011967213114754127,0.010255669507438947,0.010281308010852586,-0.0018545994065282123,0.01150320267393079,0.012545454545454415,0.0010031347962382586,0.027280130293159788,0.0005254860746188861,0.019964349376114132,0.00923614578132792,0.0016403526758252962,0.009057129586623303,0.008629989212513456,0.004174881131856711,0.003211716341212645,0.0015664160401001048,-0.00023615539024668397,-0.0028248587570621764,0.012920255626562849,-0.0003968253968252844,0.010545621274644645,-0.0005069708491762803,0.00010561892691152153
2013-11-22,-0.002562866111737283,-0.003995360226833333,0.02286917926728349,0.003207184092366866,0.009254749147588726,-0.0004657661853748607,0.004616879961121034,0.003717472118959231,0.005371024734982299,0.006317354143440923,-0.002108193959254323,0.006165080505177389,-0.008142302392584178,-0.05390408244153788,0.0005252100840336116,0.004194337644180424,0.0,0.0058341862845443515,0.005140007671653457,0.00454545454545463,0.0,0.009988474836726935,0.004691898654989091,0.0033069564190386647,0.0033994334277622773,0.011383897956384503,-0.0031758634378722395,0.006352087114337657,0.012046664975906785,0.0033794487274263485
2013-11-25,0.007579073246868129,-0.0036231884057971175,-0.021843053614767904,0.010869565217391353,0.01833976833976836,-0.008853681267474434,-0.00233814399742005,-0.0065527065527066775,-0.001968227189652727,-0.01292466765140321,0.013606257511459274,0.008209399167162346,0.007198787572619159,-0.0050272308336825056,0.003989501312335886,0.0033066481030281647,-0.0014840465001236813,0.006614429632644914,0.001602808731491212,0.0018631887143998327,-0.0056588520614391236,0.00329656396601985,0.0006226650062266526,0.005414949970570904,-0.0014116318464145738,0.004475183075671296,-0.004181600955794562,0.0027051397655544207,0.00776845006891369,0.0008420166298284126
2013-11-26,0.018444290890525128,0.013376623376623487,0.013383458646616608,0.0044275774826059155,-0.00047393364928915993,-0.0028208744710859213,-0.007758202683045057,0.02064812159449403,-0.006902380616988224,0.0018705574261130842,0.011931887645943995,-0.008496577767288183,0.007523510971786829,-0.004210526315789553,-0.005960472655024529,-0.008326105810927964,-0.0029725043349020375,-0.007278608976951095,0.0070105920902234775,-0.007704569606801215,-0.01126596980255512,0.005939593074687277,-0.007778469197261995,-0.009015337782460997,-0.00254452926208637,0.0060753341433779084,0.0007998400319935151,-0.0038219424460430584,0.00310829292552528,-0.008623409401619542
2013-11-27,0.02354727499642406,0.004357298474945592,-0.0004451699065143311,-0.0031486146095718315,0.0036747273589379237,0.0028288543140027045,-0.002932073627626597,-0.005760044956448551,-0.006666666666666599,0.0018670649738610212,0.004440717627821611,0.0010711735301118797,0.0038581207218419955,0.010570824524312794,-0.000841573742899171,0.005422424348434429,-0.0014906832298137163,-0.01160896130346234,0.010215664018161208,0.006693440428380271,-0.002231880653118745,-0.00339195979899487,-0.0003135779241142389,-0.0042533081285444085,0.003684807256235656,-0.0021470746108427363,-0.0023976023976023386,-0.0009027307605506962,0.0030986613782846284,-0.0049856794314203645
2013-11-29,0.018518043649399463,-0.007655990812811098,-0.003488717339667491,-0.0006317119393556281,-0.0008267391047597217,-0.0009402914903620108,0.00016337199803939662,-0.0032499646742968347,-0.00099957161216635,-0.006336190831159105,-0.003311115145542054,0.004280109380573105,0.00012397718819734393,-0.002510460251045954,-0.0033691303432302755,-0.004523312456506612,0.0,0.0031939006799917014,7.490636704110543e-05,0.014095744680851174,-0.0041205556863668225,-0.0023950586159081633,-0.00470514429109159,-0.0007119126720456226,-0.005648121999435096,0.0016137708445400634,-0.006208692169036745,-0.005647165123108144,0.000988508587668413,-0.0034115138592749616
2013-12-02,-0.008703588310454036,0.005657708628005631,-0.0006703910614525022,-0.0056890012642224486,-0.004137115839243477,-0.007529411764705896,-0.0008167265599476892,0.005245250921462885,-0.005002858776443575,0.0,-0.004822704878218009,0.004617023795430386,-0.011156563778356388,-0.005872483221476488,-0.004014367208958314,-0.004194337644180424,-0.0027369992535456467,-0.008832289206121002,-0.04366714103812441,0.008392341987935925,-0.007802340702210642,-0.0006317917614353519,0.0031515915537345673,-0.010448824507242827,-0.011644419199091316,-0.004296455424275036,-0.00725513905683195,0.0036347114947750114,0.0012344155042587346,0.00042789901583217826
2013-12-03,0.02737878601243726,-0.006393044367727918,-0.01610017889087656,-0.012078830260648488,-0.004510385756676505,0.00806069227121875,0.0014713094654241754,-0.014243407135805852,0.0020112052865968177,-0.0037509377344336903,-0.0011569495034932098,-0.009839736035823665,-0.0132882035853078,-0.006329113924050556,-0.003288078065337263,-0.0021060021060020917,0.006736526946107935,-0.0013470106724692288,-0.008458646616541499,-0.00364109232769827,0.001429762897652731,0.0005057529396887972,-0.01916431039899469,0.005879529637628833,-0.0017241379310343197,-0.0057982740021573775,0.006902151847340665,-0.010185604345857913,0.0012328936012822034,0.009302822925577381
2013-12-04,-0.002334891988069576,-0.003603139879037265,-0.0037878787878787845,0.005791505791505891,0.0011923214498628099,-0.0005174035747884664,-0.006121449559255643,0.0010014306151644448,0.002437275985663012,0.003012048192771122,0.004671287431476712,0.00386789645938701,-0.003938508448735667,0.008067940552016983,-0.0036181760136213548,0.005803728455856527,0.0004956629491943421,-0.006951649719858954,-0.0011058451816745585,0.01644479248238051,0.001903628792385481,-0.003917603942878878,0.0016015374759770218,-0.005725873792198577,-0.004029936672423684,-0.0010850400108504132,-0.004637096774193661,0.0004573519323118891,-0.012190616919098618,0.002966415933891353
2013-12-05,0.005134164744245773,0.004132765078135092,0.009353612167300351,-0.012795905310300726,0.005239966654757566,-0.015953691938444092,-0.0055021762338836044,0.003715878233528702,-0.004576659038901698,-0.007132132132132152,-0.0007937780189573029,-0.018612922347362115,0.0017857142857142794,0.021903959561921038,-0.007049022749118783,-0.023955236929533053,-0.013376269507059724,-0.0029255041270502824,0.002925826348252558,-0.02413970210580374,-0.007362546015912463,0.0016493275818321163,-0.0006395906619762748,-0.00791841631673662,-0.010115606936416222,-0.012219959266802527,-0.009317399230301837,-0.011428571428571455,-0.00972326103216159,-0.0057040245061794614
2013-12-06,-0.013876733975441646,0.004244372990353629,0.018458524824832567,0.008425145819831448,0.012913161947636587,0.01769488283118137,0.009826589595375745,0.017513882956001536,0.00847701149425295,0.018525519848771266,0.011850369246938941,0.009966175404687139,0.01655207537560477,0.02308326463314092,0.015811552113585092,0.004299534217126588,0.01581722319859402,0.014356072513884488,0.01403453441614766,0.0094736842105263,0.012441679626749469,0.011526282457251291,0.009279999999999955,0.02213085016326044,0.008175182481751753,0.010309278350515427,0.01165405847474954,0.019884393063583694,0.006294058408861991,0.016147880590672514
2013-12-09,0.011445849395271157,0.009733606557377206,-0.0036987720076934183,0.0012853470437017567,0.006900584795321629,-0.0028195488721806106,0.008586147681740153,-0.004897844948222652,-0.00541387662060111,0.009279881217520325,0.007730033004656134,0.0027510316368637433,-0.0030060120240481547,0.004431909750201468,0.0,0.008027113806635677,-0.0014829461196244065,-0.011157024793388426,-0.0003110178057695867,0.00899374348279447,-0.006144393241167334,-0.0010017530678687603,0.0012682308180087531,0.0030761949834359203,0.004633651896901236,0.0029931972789114525,0.001818916734034115,0.004760825209703112,0.00012509382036540728,0.0019864087820178344
2013-12-10,-0.0015534148556880512,0.004693049213597034,-0.007276507276507416,-0.0012836970474967568,0.003833197816238698,-0.0004712535344013613,0.002594454353818554,0.006468851075797977,-0.007735281478298273,-0.0018389113644722288,0.00604734056560563,0.012286038050933312,-0.012437185929648154,-0.004412354592859935,-0.0031766200762388674,0.00336223677225278,-0.013613861386138515,-0.003029669870455387,-0.0079334214824609,-0.015372690866813032,-0.015099274759243775,-0.007019303083479644,-0.007599746675110763,-0.013328615239443176,-0.00835975785528964,0.004476397178513336,-0.010490215856364782,-0.004738267148014508,-0.010881801125703583,-0.0013564273789650194
2013-12-11,-0.007409076056282271,-0.017674536043428724,-0.008526551982049213,-0.019922879177377895,-0.013191390881740372,-0.015558698727015652,-0.012615235322658958,-0.014670951515998287,-0.01357008806120974,-0.02063375092114972,-0.006794783966689866,-0.01254934307429445,0.0049612008650299355,-0.016116035455277955,-0.010941151476524302,-0.011111111111111183,0.007026348808030214,-0.001781410457927346,-0.006115248921991334,-0.013119916032537371,-0.005311443746982114,-0.030042918454935563,-0.022016592214422537,0.004423191870890575,-0.013081395348837122,-0.025793382849426005,-0.01141692150866458,-0.013375651779641728,0.00012645422357104863,-0.015149932086511164
2013-12-12,-0.0014602053515091473,-0.0143940367562011,0.0030175015087507973,0.0,0.0034005628517823627,-0.017720306513409834,-0.009090909090909038,-0.01262053318207601,-0.0020488804331918464,-0.0015048908954100604,-0.006803990329082632,0.00435560859188544,-0.0059493670886076044,0.0020475020475019257,-0.020942970679841078,0.004280363830925671,-0.022925492150510873,-0.01217719924417393,-0.001498777313244437,-0.010369582557830381,0.004368932038834927,-0.007938573659552306,-0.013050570962479524,-0.02047131635324917,-0.00176730486008847,-0.01566398669254221,-0.007424211177562423,-0.0004595588235294379,-0.007459855860412201,0.011669849352853756
2013-12-13,-0.010900744407577267,0.0009127656800105299,0.006543321299639082,-0.004590163934426239,0.005609442561645528,-0.013164310092637854,-0.009009009009008917,-0.0001436162573602573,0.0,0.01130369253956287,-0.00857044153758535,0.00035644270183543547,0.0061123137654399695,-0.007355946056395557,0.0020842474769635633,-0.002486236902859207,0.0005100739607242222,0.003613177470775719,-0.0011850213303838952,-0.014239656098871567,-0.0006041565973902152,0.0022300931391840972,0.0,0.0008505467800730138,-0.0011802891708467822,-0.007463737501760326,-0.006025348015790577,0.005287356321838965,-0.005350318471337601,-0.0005243288590603967
2013-12-16,0.00553758512806124,-0.008728504429390327,0.006650227901068506,0.0039525691699604515,0.015456130156885406,0.021739130434782705,0.002668890742285157,0.01278368284975584,0.004692770200909413,0.005216095380029762,0.011491444937462125,0.015202803016806321,0.0011390963169217727,0.006587072869493671,0.00021893814997264727,0.004450774434751725,0.0010196278358400868,0.010694620923337617,0.009728703630467406,0.005314799672935466,0.0018135654697135628,0.0005235602094240122,0.0,-0.008255432803205176,0.008862629246676468,0.008229284903518597,0.008779264214046734,0.005716899153898947,-0.004354508196721341,0.020039869898226703
2013-12-17,-0.004502604127428866,0.003942699434879682,0.008610451306413358,-0.003937007874015741,-0.005264362554360247,0.011605415860735047,-0.012310763600066554,0.0021273578215854627,-0.0018975332068312811,0.0018532246108229344,-0.0029078639508480775,-0.002690845276396514,-0.006068268015170575,0.008384458077709711,-0.0077706030425742645,-0.012406947890818865,-0.0043290043290044045,-0.011210057621791614,0.029218235939213466,-0.009895621526365583,-0.0027757663528844567,0.00418628990057579,-0.0036363636363636598,-0.009548292324641938,-0.008784773060029227,-0.004643962848297156,-0.014504765851636847,-0.008867667121418732,-0.006303061487007877,-0.004834396214770664
2013-12-18,-0.007604289379220641,0.023956015185233603,-0.002870179570208853,0.03359683794466406,0.014381040036815396,0.003824091778202643,0.024086238841165564,0.021794508915935484,0.019742614799649116,0.014058453570107154,0.01391781235334033,0.025514692943867656,0.018188756041719545,0.02007706347596816,0.02183984116479154,0.027279253409906667,0.02352941176470602,0.0164229709684256,0.033564198188599015,0.0016429353778750766,0.012707249183105507,0.023319437206878568,0.02090245520902445,0.018168335187245033,0.015657311669128537,0.023328149300155365,0.019133725820016823,0.030740995641201918,0.008932038834951417,0.028837209302325695
2013-12-19,-0.01145634350220437,-0.0014062899514191152,-0.0023617979186657534,0.003824091778202643,-0.007145287512759335,0.0033333333333334103,0.01332236842105261,0.010664819944598225,-0.0077441560304031265,-0.0032834731849690213,0.001355086427511809,-0.00040036604895898886,-0.0012492192379761624,-0.0003976143141152244,-0.007124352331606132,-0.00017470300489175195,-0.003998000999500317,-0.008235171479203607,0.004491899852724579,-0.009021323127392011,0.0005975143403440519,-0.0036919159770845145,-0.0019499512512186623,-0.0058266569555716075,0.0020360674810937507,0.00013815971262776117,-0.0008252527336496396,0.0020031159581572755,-0.008981267641775759,-0.0011050833835644092
2013-12-20,0.008376200020828062,-0.002048393291511963,0.011097136938669871,-0.009523809523809601,0.015878455563171023,0.0028476506881822683,-0.0035708488881674993,-0.007811429354529165,0.004480416245122187,0.0014641288433381305,0.013256983175484516,0.0022315042627452097,0.0011257035647280755,-0.003381066030230695,0.001195912154816181,0.008212475974139544,0.004515805318615174,0.014399831826781728,0.0022725606627080897,0.015172413793103301,0.013018034157410652,-0.011755686174290791,-0.014978834255942708,-0.00073260073260073,-0.004354136429608246,0.013261500207210952,-0.007226925459426048,-0.0013327410039982723,0.002459865354738522,-0.007542995071909919
2013-12-23,0.038376211568325935,0.006029506093649717,-0.0019755615716688935,0.005769230769230749,0.011582143258742628,0.020823473734027598,0.00016289297931249003,0.012154696132596676,-0.006474820143884896,0.0014619883040936088,0.013156148664189349,0.0074788764558118,0.006496751624187835,0.010576731191378919,-0.0006515365403410023,0.009358752166377826,0.0029970029970030065,-0.0021759403170656944,0.0005851375073142595,-0.004891304347826031,-0.0014147606696532922,-0.002973881561934344,0.0033057851239670644,-0.006476050830889535,0.011370262390670627,0.013633265167007469,0.010399334442595665,0.005560498220640531,0.005682551982435724,-0.0017227401702473166
2013-12-24,-0.004244775071124751,0.0036980362152509993,0.0031524926686217203,0.0006373486297004405,0.010560248999555322,0.0055632823365785455,0.005781758957654759,0.007778384279475858,0.003330919623461215,0.007664233576642365,-0.002923451127246901,-0.0017566725222417645,0.0009930486593843213,0.004344391785150004,0.00032598065848099544,0.00017170329670324058,0.0007470119521912899,0.0024922118380064084,0.001388888888888884,0.012561441835062803,0.00035419126328228856,0.007132667617689048,-0.001976935749588238,0.0,0.007494955318535723,-0.0029589778076664075,0.008233841086866978,0.003981420039814276,0.0017978682419417247,0.007207390112678791
2013-12-26,-0.006640310941654071,0.0016516325752764516,0.010524007893006004,-0.0031847133757960666,0.002639973600264023,0.005071461502996755,0.010525463525220546,0.010426540284360408,-0.007361431870669843,0.007968127490039834,0.005054666338649927,0.001646230699364093,0.011284722222222099,0.010617381046008623,0.005213990875515995,-0.0008583690987123971,0.007464543418761016,0.003107520198881275,0.009489743776917914,0.009708737864077666,-0.0016523073291632162,0.006824620139067816,0.008583690987124415,0.005534374615668414,0.006008583690986891,0.009712666936462888,0.004083299305839283,0.0033046926635822427,0.004871170362773958,0.016932070147147815
2013-12-27,-0.0067566980439962565,-0.00025367833587019994,-0.009908150719606601,0.0012779552715653786,-0.0030718595721338504,0.010091743119265972,0.0033651149747615516,-0.003618332886625719,0.002617420386796576,0.0,0.0008412471054752846,-0.0005667327854915749,0.001103617412630431,-0.0038910505836574627,-0.002053166198400791,-0.0010309278350515427,0.004198567547542442,0.0007228418009086468,0.007665051702943071,-0.004006410256410242,0.0013003901170351995,-0.0003836807775930984,0.0029459901800328314,0.0030577299412914982,0.0005688282138796019,-0.0021376085504342113,-0.00020333468889788264,-0.0008783487044355942,0.0010205383339711993,0.006045589692765141
2013-12-30,-0.009944658854583177,0.01243339253996445,-0.007158509861212692,-0.008296107211231751,0.0,0.010445049954586727,-0.007985307035055511,0.02528581035642241,0.0023205221174764645,0.002155946819978549,-0.007993615826233702,-0.003515735752764426,0.003674669279764897,0.009765625,-0.0005414185165132368,-0.0032679738562091387,0.010575504181013384,0.0010318852543598211,0.0005023322569071009,0.0,0.004132231404958553,0.007420675537359145,0.0016318537859008053,-0.00012193634922574859,0.0005685048322912056,0.0012049805864238206,-0.0004067520846045003,0.0,0.00203899579457123,-0.011821495419170547
2013-12-31,0.011720954187921517,0.0002506265664159457,0.004193643319599927,0.0019305019305020377,-0.000660283922086502,0.008089887640449378,0.0054737181035176,0.0022300931391840972,-0.0014469686007813065,0.0050197203298674165,0.010140203754938515,0.008706538439651856,0.0048816206980717425,0.004061895551257022,-0.007692307692307665,0.009145815358067244,0.0053541007544415375,0.0002061643129573909,0.005953234830010201,0.0032180209171359664,0.006701940035273468,-0.0012700025400049775,-0.0019550342130988385,-0.007195121951219519,-0.001136363636363824,0.006953730944102565,-0.00020345879959304813,-0.00219780219780219,0.0007630675314764801,0.00887249526467948
2014-01-02,-0.014063155057794763,-0.004635429716862816,0.0013187779324490556,0.03403982016698781,-0.010351282898359182,-0.019170753455193923,-0.0061644383956448445,-0.0017015706806283726,-0.012606868569772556,-0.018908312522297632,-0.006772500808499893,-0.0020873293467223997,-0.0038863249939277145,-0.006357156617222137,-0.006114204607489904,-0.004616963064295376,-0.015734688937303454,-0.006389776357827559,-0.015115864527629252,-0.006682705159048341,-0.016000934361130592,-0.0050864699898270915,-0.005550114267058426,-0.010686647831961604,-0.0059726962457336,-0.009694555112881864,-0.002849002849002913,-0.008370044052863346,0.002795780912441259,-0.014328063241106692
2014-01-03,-0.02196574219961156,0.002894902454373849,0.006951049974390999,0.019254658385092993,-0.0005563591854902405,-0.0009090909090908594,0.0016916384726921585,-0.002097810410384149,-0.0032286469034340515,-0.0007272727272726875,-0.007294882256245749,0.007123070834982315,-0.0015849792733478862,-0.0003877471888328321,0.009008019334285411,0.007730630475863087,-0.00491883915395952,0.0013484078415102463,0.002316658220516965,-0.006727664155005364,0.0013056379821958508,-0.0026840490797545025,0.001969796454366346,-0.0011174571641421327,-0.0042918454935624295,0.007107415850878374,-0.011836734693877471,0.007107952021323971,-0.0032948929159800633,-0.002406015037593967
2014-01-06,0.005452700989094561,0.006400602409638356,0.005740444702804659,0.015234613040828737,-0.013137385882876829,0.0013648771610554888,-0.0026537997587454676,-0.003810274602549013,0.0005889281507653887,-0.008005822416302766,0.011149393592832624,0.006848161661521246,-0.009647087556478251,-0.01241272304111718,0.005225911812738238,0.005796113194681318,-0.004695996045476991,-0.007147296457427066,-0.005922715781870647,-0.02113248442156579,0.00047415836889519447,-0.0076893502499038036,0.000982961992136433,0.002361715351149707,0.0045977011494253706,-0.011451398135818858,0.005576208178438513,0.0017644464049404451,-0.005594405594405716,0.0015073861923424747
2014-01-07,-0.007156627312294606,0.013842124953236112,0.015172314139151766,-0.009603841536614643,0.003271660649819541,0.013630168105406515,0.00846637639090475,0.006858348720654384,0.007798705120659166,0.001100513573000672,0.019276000605845223,-0.006021073758153639,0.004932182490752224,0.004909662215239585,0.021228203184230576,-0.0115254237288136,0.002979885771045465,0.005529473135106988,0.00014531715469012774,0.007749792416274381,0.00734597156398098,0.0007748934521500939,0.00621931260229136,0.009672619047619069,-0.00028604118993125205,0.030576508620689724,0.012528239884986636,-0.00044033465433734875,0.0030686612965096227,0.014148103552076963
2014-01-08,0.006338458108495315,0.007872078720787323,0.0022062486655753943,0.004848484848484658,0.0023614078488698453,-0.0007619901389511741,-0.014232030063164536,-0.014671207754781257,-0.009344429843772817,-0.0029314767314033707,0.0020831644731509336,0.0008413259296651265,0.005276073619632005,-0.006058237248387721,-0.001378725209460252,0.009430727023319596,-0.011141371626640306,-0.010064328698900171,-0.007410098074827509,-0.017852238396044995,0.003175723359209792,-0.0051619563814684355,0.006831489915419597,-0.01449275362318847,-0.020314735336194545,-0.011632466344268733,-0.016227180527383256,0.011453744493392204,-0.00790312300828555,-0.0032650638171564106
2014-01-09,-0.012772244197683857,0.001952648279228697,0.009302655872745369,0.015078407720144682,0.006394435719093483,-0.009105997398286436,0.0,-0.00425418771603292,0.00029476787030224827,0.0003675119441381991,-0.009629969663100701,-0.005828289621161109,-0.0043939948736728685,-0.004718836020448314,0.006053525913339186,-0.001868523866145777,-0.005257886830245417,0.000524054082381209,-0.0013174266266560153,-0.006431767337807481,0.008559033884394385,0.0,-0.0006462035541194844,0.002243270189431712,-0.02044392523364491,0.006083046813012416,-0.020618556701030966,0.00522648083623678,0.0033406141590646143,-0.009728012705975675
2014-01-10,-0.006670972203195125,0.006577344701583554,-0.001618236825441377,-0.0035650623885917776,0.008917623453349899,0.005885015844273367,-0.018492984021412973,0.0065420560747662115,0.01060851628112558,-0.009551800146950673,-5.303303905312973e-05,0.005580608793686492,0.005394140002451975,0.00869221651521146,0.00010556317956278427,-0.004594962559564264,0.010067958721369452,0.003561701236119985,-0.0019787467936971392,0.014354066985645897,0.014299000232504078,-0.0022052146841354814,-0.007759456838021261,-0.0014921661278289866,0.0023852116875371365,-0.01813880126182954,0.0052631578947368585,-0.004766031195840514,-0.0006402868485081425,0.007618283881315024
2014-01-13,0.005235492065326586,-0.006050338818973877,-0.008456659619450413,-0.02027429934406677,-0.006850071815269088,-0.0013501350135012302,-0.014544252541112357,-0.0281204403767078,-0.011955095494970203,-0.008531157270029732,-0.006370666506851808,-0.014070295420146817,-0.012681380319473301,-0.001175088131609936,-0.002533248891703588,-0.013506582321764382,-0.014951407924246207,-0.01012526096033406,-0.011014833308855887,-0.02941176470588247,-0.006532951289398237,-0.02262090483619339,-0.00488758553274693,-0.0036114570361144294,-0.009518143961927406,-0.01017402945113799,-0.01507853403141357,-0.00827165868524149,-0.007047667862634666,-0.019598089932351792
2014-01-14,0.019897351201053626,0.006330654979303629,-0.004904051172707868,0.020693852708460136,0.007453554344198476,0.00991437584497512,0.002683438155136164,0.01610481779718853,-0.002951158329644432,0.008978675645342271,0.023526669709092562,0.00409370025017064,0.0004940101272077335,0.03960784313725507,0.00232804232804229,0.0006932409012132545,0.00404755881608887,0.004112622587788772,0.020270270270270174,0.02287021154945701,0.0004614674665435192,-0.00013301409949462162,0.015062213490504295,0.010748656417947755,0.00540540540540535,0.001081958344603784,0.00106315118009781,0.0006584723441616092,0.006065298748225478,0.005783866057838649
2014-01-15,0.020077995685126915,0.007258649891120461,0.004356831654881876,0.022659511031603907,0.020428445229681902,0.01651048639000452,-0.003261687714309458,-0.0022834116856951248,-0.006511765576439177,0.013718946978123814,-0.0006786323125282934,0.012174405436013558,0.0007406493025550187,0.006035458317616094,0.0008445945945945166,0.03030827848978168,0.0017636684303350414,0.002520478890989164,0.007495815442835285,0.027389603130240303,0.0009225092250921829,0.0034588266595716455,0.005806451612903274,-0.0009892419933226204,0.0092592592592593,0.01107808700351276,0.025276125743415534,0.017767054178547736,-0.0038481272447408177,-0.0034301856335754444
2014-01-16,-0.005580059982818963,0.00012010569300979768,-0.00291565922343906,-0.004081632653061273,-0.004328535872740957,0.0,-0.0029367343514012934,-0.0009423801830911183,0.0034261879934456285,-0.005120702267739641,0.006616635730006815,-0.02002797202797213,0.0023436536326633117,-0.004874390701162468,-0.0016877637130801038,-0.008404773911581787,-0.0012575452716296898,0.006285355122564562,-0.0020225368390638376,0.003536452665941381,0.008640552995391682,-0.008484687790003997,-0.0003207184092366422,-0.002846886990964248,0.005031074282332071,-0.027792624265098875,0.005386368344727499,-0.00021551724137924833,-0.011588977594643168,0.001619761085239979
2014-01-17,-0.024501600813352065,-0.0014410952323764548,0.0017830397261251463,-0.004098360655737543,-0.006194978806651541,-0.0017559262510975504,0.0038710763275267013,-0.003099312761083328,0.003117577197149446,-0.022794117647058854,-0.00492113108944181,0.006336701489981333,-0.003199606202313632,-0.025998492840994647,0.004437869822485174,-0.014917782675029745,-0.010828506673381977,-0.011763481157609834,-0.006152287203242568,-0.013824884792626668,0.0012564249000570626,-0.01871908009092127,-0.002566570420275971,-0.008440913604766731,-0.007656065959952829,-0.0032985156679495864,-0.003709045950958112,0.0,-0.007425742574257543,0.002223569840307249
2014-01-21,0.015536293428795256,0.005772699939867509,0.008614552185675528,0.0,-0.009186351706036766,0.003957783641160839,0.008969737614217488,0.0029737766964044177,0.013911499186029408,-0.010910458991723049,0.01144692373909928,-0.017472203312911327,-0.00666666666666671,-0.0100580270793037,-0.010835261939827534,0.0010325245224573898,0.016293279022403295,0.0015801116612239596,-0.0023304930449348227,-0.005772402418911526,0.015856719142140152,0.004905300449652428,0.004503055644901943,0.0037556334501753774,-0.0038575667655786905,0.008825151682294585,-0.013443640124095158,0.0023712006898037874,-0.00459377871111688,-0.006655909640984281
2014-01-22,0.004444246129132967,-0.00251106062417783,0.019058375097056768,0.00823045267489686,-0.01059602649006619,0.00043802014892690977,0.0005815885676305754,0.014959568733153628,0.002043497299664354,-0.011411182959300104,0.0011342098535467304,0.002771362586605264,-0.0032314193388017776,-0.010941774130519777,0.0030841220886950182,-0.00997077531373558,-0.0005010020040080443,-0.0021034917963820288,-0.0037228994817141148,-0.006635333149018541,-0.002133632790567108,-0.003389830508474523,0.001280819724623683,-0.011848341232227555,-0.006851355376824464,0.0032804811372335596,-0.007756813417190922,0.0036559139784946293,-0.006460970464135185,-0.006294416243654899
2014-01-23,0.008467122155784379,-0.0016782546152002142,-0.021195539239454164,-0.016909620991253593,-0.012940651494868338,-0.012259194395796924,-0.016939300838661464,-0.006904793520116748,-0.0017479970866716155,-0.0065409772989610815,-0.0042231721382113285,-0.016870105941962255,0.0004987531172069293,-0.007111813512445608,-0.016751484308736186,-0.019447820802222737,-0.016541353383458524,0.004637436762225944,-0.01296893317702219,0.003478986919009275,-0.0006752194463200967,-0.010476190476190417,-0.008314678605692238,-0.012495266944339334,0.013797240551889356,-0.0027247956403270157,0.01119797168814718,-0.006856653096207421,-0.00517584605175847,-0.009297098487944355
2014-01-24,-0.01817776782095848,-0.043948126801152676,-0.0329771424527634,-0.024317912218268067,-0.02610759493670889,-0.015957446808510634,-0.017737984627079983,-0.02767749699157651,-0.003939880344374647,-0.033694810224632055,-0.03126448857275721,-0.01821376281112741,-0.01345962113659016,-0.012733784321528052,-0.022967435842139228,-0.024437754559943237,-0.010193679918450549,-0.009336970205623074,-0.03333085888204301,0.020801553182637544,-0.01959459459459456,-0.014849443145881991,-0.029667849080941666,0.012014314928425529,-0.011242603550295716,-0.021857923497267895,-0.004805683242791403,-0.01877022653721694,-0.007203842049092746,-0.021862431679901095
2014-01-27,0.008113072827935941,-0.0046470735995981505,0.005195755579948891,-0.008510638297872353,0.05941743066032257,-0.009009009009009028,0.0012038868346375686,-0.006463146314631407,0.006885438031057678,0.004809619238477003,-0.02010980362037973,-0.017597232164161203,-0.002779181404749864,-0.0036275695284159193,-0.0073943273369385665,0.0,-0.0028321318228632375,-0.0038123477708357223,-0.009675933036399909,-0.02105692161391115,-0.0019526763151849202,0.0034891835310537633,-0.01429046194749084,-0.008966910836069819,0.002692998204667729,0.000698324022346597,0.001259710266638514,0.0010993843447670848,-0.003628056973931648,0.0007380073800737907
2014-01-28,-0.07992721520596913,0.016529968454258803,-0.001965637740244719,0.025751072961373467,0.012925840727352256,-0.011363636363636354,0.0035214291849179347,0.00871972318339087,0.0013094718463551036,0.015556441962504941,0.01977790341051766,0.009472341975833354,-0.005067139599695847,0.007281553398058138,0.0017789637536134162,0.011798874568887285,0.0036147689129872873,0.0011693419793772364,0.00659119106699757,0.006661115736885881,0.021751640004603612,0.011265646731571488,0.02562373567093723,0.008155983178284698,0.005669949268875207,0.0008374040474528055,-0.0069196896624029725,0.009444322424774887,0.007012811867835422,0.007690686894226806
2014-01-29,-0.011353412450194944,-0.012413108242303905,-0.05332263476548249,-0.00298864315600722,-0.020006488590894267,-0.0045977011494253706,-0.007189318726463556,-0.02126783754116357,0.0024702121476314343,-0.006677140612725951,-0.014327486160445435,-0.014135338345864668,-0.023682200152788324,-0.008835341365461824,-0.013318534961154094,-0.003767491926803035,-0.024954978132235683,-0.010936504565725258,0.003389569370618517,0.01075268817204278,-0.00011263798152738591,-0.012928070416723947,-0.010190664036818009,-0.018581721653394,-0.01157270029673596,-0.006275275414865278,0.006967905405405261,-0.008050478677110506,-0.007633587786259666,-0.0056455828541558395
2014-01-30,-0.0019319052331985276,0.020361990950226394,-0.02504237941131149,0.014988009592326046,0.028470536305451377,0.015057736720554216,0.00387931034482758,0.026496565260058835,0.01304536889404262,0.008303677342823335,0.025723560887956465,0.011836485661989027,0.0032603025560771215,0.002431118314424552,0.006749156355455588,0.008463893390959765,0.0071240105540897325,0.006977992485238671,-0.016890595009596887,0.0054555373704310295,0.024670496789455765,0.03023547443221397,0.023580205911657215,-0.00991756826378154,0.0012008405884118556,0.0216110019646365,-0.0012581253931640557,0.010089932002631974,0.00877192982456143,-0.011775838502786296
2014-01-31,0.001635913912831466,-0.003695491500369741,-0.010037145341025844,-0.010632014176018889,0.007618025751072954,-0.0030032763014197217,-0.04139115500214696,-0.008331057088227234,0.010444984976391458,-0.014509803921568643,0.04014115252979833,-0.010371442354076166,-0.001039906408423441,-0.00808407437348424,-0.011508379888268139,-0.011428571428571455,-0.009169504846738286,0.00394456289978673,0.0010933229207339412,0.026587086272382043,0.01066402814423939,-0.01474168244522589,-0.013627514600908608,-0.0032522440483934156,-0.0008995502248876353,-0.0071428571428571175,0.008188116733151451,-0.015418023887079135,-0.000936454849498225,-0.01947015639961691
2014-02-03,0.0018583721834264377,-0.025346191889218606,-0.01740380009580078,-0.023880597014925287,-0.015866254924928103,-0.016430853491556374,-0.00438950103018898,-0.0360831841344168,-0.0022656471254604016,-0.031038599283724544,-0.04025509431536245,-0.026200341213746148,-0.022901756668835316,-0.024042379788101087,-0.019102520628461628,-0.018966763005780263,-0.016393442622950727,-0.012211957098863802,-0.033465948981979854,-0.03594080338266403,-0.007723267703687697,-0.02704186684969112,0.00657894736842124,-0.0120073087966589,-0.04111644657863145,-0.02130603209739912,-0.03352769679300305,-0.020070577856197702,-0.027048741296197276,-0.02289496527777779
2014-02-04,0.014475114833677916,0.003932513002663951,-0.008449788755281018,0.0,0.000865613503570728,0.011600928074245953,-0.002789274788554952,0.015145020717245439,-0.007380073800737907,0.00903490759753578,0.004173235272704856,0.01213865598798658,-0.0015980823012385903,-0.00542797494780789,-0.0018437427978796883,0.01178420180445583,0.007526881720429923,0.0007525263384218217,0.022760290556900653,-0.0035635964912279494,-0.011839508879631588,-0.005220090293453605,0.027450980392156765,0.0051519154557464475,0.015649452269170583,-0.0032513429459992693,0.008834302951950201,0.007652487058294133,0.0009633911368016612,-0.0003331482509717487
2014-02-05,0.007469298692150295,-0.0016426585797321147,-0.005244182235332628,0.003058103975535076,-0.005837837837837867,0.008256880733944927,-0.011819904358025823,0.009992962702322528,-0.0045753503002572415,-0.0020350020350020648,0.00442816463679141,-0.008283877349159252,0.003868213952247679,-0.012594458438287215,0.007619487416301141,0.004731574158325813,0.003468516542155964,0.005263723278547516,0.005050505050504972,-0.01458046767537835,-0.008653206123807378,0.0012764146929511444,-0.02512722646310439,0.004731239321855707,-0.011402157164869142,0.004396539497943275,-0.0027765912003417936,-0.012061648425284899,0.0019249278152069227,-0.004887802710508704
2014-02-06,-0.00015704568390662033,0.00949246930768255,0.010461285008237287,0.01768292682926842,0.020334928229665206,0.023202911737943532,0.0159788166544923,0.052954292084726795,0.005601838552140137,0.01753670473083191,0.014660636774002755,0.008290736815858457,0.01195854371512084,0.01998299319727881,0.016842346471127367,0.023003079152327466,0.011167242754586582,0.01453301987604183,0.012091708542713686,0.01005025125628145,0.004700089525514706,0.012889518413597978,0.006199021207177857,0.005886200130804431,-0.0024937655860348684,0.0007060152499296368,-0.00021417862497319362,0.012434998869545577,-0.0006861534239057665,0.002455905336012476
2014-02-07,0.01399018788345674,0.00777331995987951,0.03546099290780136,0.007789095266626633,0.011083875093253814,0.008003557136505357,0.007009975734699303,0.0014557967178401299,-0.0002856734752180179,0.009619238476954006,0.015069415736530312,0.0011128284389489984,0.0038077731092438505,0.008962067528136775,0.014535211267605597,0.002478753541076406,-0.0021036024191427583,0.010322308826627324,0.01109387121799843,0.010503040353786686,0.00924482067275556,0.016501188644944653,0.012321660181582317,0.0053315994798439625,0.009374999999999911,0.006914068011852681,0.0027849185946873245,0.013175524787851556,0.012771216698709287,0.008685968819599044
2014-02-10,0.017914894820709515,0.014182632495645775,0.0011021886317115204,-0.005945303210463826,-0.0039000737851797584,0.0070577856197615585,-0.003212851405622441,0.018369234835469817,0.010715816545220802,-0.0055577610162763635,-0.0038302505970131406,-0.005743222380040769,-0.000523217789404895,0.0035116711423259783,0.011439360284317912,0.0021193924408338116,0.016337285902503274,-0.011050875729774812,-0.00483388321951983,0.006564551422319376,0.008056505904425526,-0.0002751410097674434,0.008007687379884665,0.0093131548311991,0.004334365325077361,-0.022701793721973118,0.0021362956633197427,0.0033061494379547085,0.00013559322033906973,-0.011702362552439838
2014-02-11,0.01317588087320476,0.004906771344455496,0.02359232463038685,0.009569377990430672,0.00486772486772491,-0.00525624178712214,0.01692183722804197,0.009473137814689947,0.007916313259824781,0.015169660678642671,0.014706716531684094,0.02105590062111795,0.0037953147493783312,0.007410456978180324,0.02086307236191942,0.012160733168840254,0.001814882032667775,0.005060088551549713,0.00986892829606778,0.010190217391304435,0.007006787825706073,0.018026696023118127,0.013028280902446676,0.01038062283737018,0.01572133168927259,0.012618296529968598,0.0063952248987424465,0.009885764499121263,0.014099783080260275,0.014745308310992078
2014-02-12,-7.444596528993763e-05,-0.001586914062499889,-0.015596189305470243,-0.007701421800947794,0.012742207245155956,0.006164685160722216,-0.013646768797323405,0.001542614731970593,-0.006030855539971847,-0.001572945340149401,-0.0029324218450318407,-0.005413954620110628,0.007561929595827799,0.003269309358398198,-0.005915886845218821,0.0015671251958906396,-0.0033643892339545456,-0.004719949653870348,-0.004122766834631197,0.007935440484196477,0.002391824309632584,0.0017572316842389135,-0.00846925972396484,-0.017123287671232945,-0.00030349013657071655,-0.005380911922968079,0.003389112476170242,0.0004350663476180294,0.002139037433155133,0.0026420079260236484
2014-02-13,0.015879069852494654,0.008558503484533464,0.010692265667681333,0.0,-0.0006238951856087915,-0.025382932166302052,0.004284566633937281,-0.00012835322808357752,0.007901792013546016,0.001969279243796862,0.011131796013154727,0.0034250764525993738,0.0040113871635611975,0.006109979633401208,0.001514823631248552,0.008866481223922085,0.0036354193715917305,0.006006955422067639,-0.0022999080036799624,0.0037363223912463273,0.007049891540130027,0.010255026312238735,0.002847200253084381,0.004000516195638237,0.01669702489374636,0.013809794988610458,-0.0012666244458516829,-0.00021743857360312369,0.005336179295624355,0.003842775581906155
2014-02-14,-0.0008074511800615358,0.008607103891380863,0.00509652509652514,-0.0029850746268657025,0.0045780876079493105,0.01302200269420739,0.008621455870589267,0.017073170731707332,0.0002799944001119492,0.011792452830188482,0.002416951530588962,-0.0020724125320005227,0.004382007990720416,0.002226720647773295,0.002160760587726962,0.0020678959159055044,0.007244501940491643,0.0033521893987011886,0.015214384508990486,0.00026588673225202974,0.004523424878836835,0.002671296914651844,0.007570977917981114,0.020565552699228995,-0.010152284263959532,0.03243926414829379,-0.016909744240118485,0.0032622879512833602,0.005705944798301665,0.029312041999343785
2014-02-18,0.00367635704800251,0.0039663461538461675,0.0036109403810693497,-0.01377245508982039,0.00010357327809429329,-0.0066489361702126715,-0.006785336623193583,0.00441751861668549,0.0006997900629810427,-0.0034965034965035446,0.006717592351114021,0.005680430002443337,-0.004619530347748202,0.00020197939810140397,-0.0063605002156101875,0.0058469475494411505,-0.03750321089134345,0.0025057423261640732,-0.0024220405691794955,-0.005316321105794719,0.0008577248847432273,0.0018649260690022373,-0.0018785222291798354,-0.018010075566750716,-0.009954751131221684,0.004216539717083911,-0.011395398838959347,0.0,-0.006069402295817539,-0.0004250345340559569
2014-02-19,-0.015787483092623678,0.0026337842691248614,-0.017147668988746867,-0.016393442622950838,-0.00362468931234472,-0.0058009817045960865,0.00789637121817055,-0.008921839658205477,0.003076923076922977,-0.00974658869395717,-0.00705260694990828,-0.00844215001518378,-0.014438571612736761,-0.010500807754442731,-0.005750244114136938,-0.021029235766797827,-0.009874566319722389,-0.004894813580504032,-0.009408194233687439,0.0024051309460180192,-0.009748259239421464,-0.005185480654168351,-0.012547051442910906,0.0021803257663204345,0.000914076782449813,-0.003792496275226931,0.011961722488038395,-0.013006720138738381,-0.0063719633612107085,-0.001275645795683955
2014-02-20,-0.011575271177366342,0.00907462686567162,0.0091128592569516,0.006172839506172867,0.007379690260887806,0.0008976660682225024,0.008802816901408494,0.004057309496639849,0.0002788622420524245,-0.011023622047244053,0.0014721542007991584,0.007595246845522485,0.013472858077174577,0.009795918367346834,0.008075076385857693,0.005588543485854025,0.005390835579514697,0.002093144950287895,0.007659313725490113,0.006398293788323128,0.00010817827780185141,0.010157711841753514,0.0022236340533672294,-0.002815459431789069,0.010045662100456543,-0.0009517335146158601,0.03417150225660848,0.0021963540522733638,-0.017768871075484305,0.015114422565194241
2014-02-21,-0.011108548534828677,-0.005443142823334579,-0.009879592466810805,-0.0006134969325154449,0.00598431696244317,-0.007623318385650335,-0.01675392670157061,0.011870185629498708,-0.0034848062447727646,-0.0071656050955414274,-0.00026582280371378886,0.0,0.003355704697986406,-0.012934518997574695,-0.009309374323446584,0.0005210142410558838,-0.0032171581769436797,0.0073107049608356345,7.601094557618815e-05,0.006092715231788004,0.0011898323418064738,0.011907912146070565,-0.0028526148969888476,0.0006416837782341478,-0.011452682338758402,0.004491017964071808,-0.017664172901080466,-0.0006574621959237748,-0.005440696409140244,-0.0035650623885918886
2014-02-24,0.004379254647127517,-0.012730517549077836,0.010212036170876182,0.014732965009208288,-0.0018461538461539417,-0.0004518752824219652,0.013045793397230998,0.007487832272557116,-0.005315428731290983,0.014033680834001583,0.0072438546986715036,0.012401215805471155,0.0016722408026756952,0.008599508599508532,-0.004479895104895104,0.007290400972053579,0.008606777837547153,0.0005184033177811909,0.004788325606141175,-0.007635597682991047,-0.008426966292134797,0.01778242677824271,0.01684678957406227,-0.0014107990252660851,-0.010060975609756051,0.02980625931445613,-0.022001269303998483,0.010526315789473717,0.0031455142231946454,0.014837419762180337
2014-02-25,-0.010406797922621114,-0.03398409255242241,-0.021683771895979698,-0.011494252873563315,-0.009350595972050901,-0.012658227848101333,0.007183530442400388,-0.00644122383252832,-0.0011250175783996674,-0.0007908264136021748,0.006177194030991817,-0.018373964212801797,0.039938358803133456,-0.0004060089321964444,0.0,-0.017232465965879684,0.007200000000000095,0.001243523316062145,0.005521936459909282,-0.003979835500132589,-0.001525386794508643,0.0034686536485097896,-0.003125976867771163,0.00333932699717443,-0.009239297813366076,-0.009077752927246552,0.0012978585334200154,0.0,0.0,-0.0013479883865615827
2014-02-26,-0.009021197400371883,0.008358283433133717,-0.0013409055056002872,-0.000611995104039309,0.008194170729177497,0.004120879120879106,0.004696877446290326,-0.0016207455429496642,-0.0021117837533437545,0.0011871784724970524,0.00013936882789344907,-0.004159530217763496,0.008891084218325407,0.007311129163281915,0.0,-0.004909696650885476,0.002647603918453756,-0.007555371558683577,-0.0005265929436545358,-0.0018646776771443774,-0.012876473155827184,0.00396876200230456,0.003135779241141279,-0.0033282130056324633,-0.005284426484302163,0.00982474774296338,0.0012961762799741372,-0.0006510416666667407,0.019495569188820783,-0.0053992316478038704
2014-02-27,0.019948015819860387,0.007794135840653249,0.015401627043677424,0.009797917942437229,-0.005144032921810648,-0.0004559963520290866,0.0015583066401176904,0.004995004995005159,-0.006348758465011151,0.007905138339920903,-0.0007868083434761086,0.015847665847665837,0.0033047735618114693,-0.001612903225806428,0.002743935901657446,-0.0010572687224670307,0.005281225244256671,-0.008447179059338894,0.01113954538612072,0.01040832666132907,0.0013265531726731616,-0.00510073960724311,0.007502344482650747,0.0042383765733367,0.007187499999999902,-0.0005259006047857451,0.024811218985976158,0.0,-0.0029419630917357775,0.0005219751539826678
2014-02-28,-0.002710217639895318,0.0001227596366315531,0.002800248911014158,0.0024257125530626755,0.0027921406411581806,-0.005474452554744547,-0.003111764197424094,0.004100397614314133,0.006389322731790159,-0.0011764705882353343,-0.002919956356337572,0.006469947998548831,0.0007319751128462837,0.0,0.008318739054290702,0.002293173399188664,0.003414762280010475,0.000736222128733699,0.0029030817329163128,0.01188589540412055,0.008942371384411674,0.0035888233786209867,-0.0037232392181196783,0.006010998848957616,-0.009308098045299307,0.016443041304919692,0.0016842105263157325,0.008034744842562613,0.001877682403433445,0.004486644407345475
2014-03-03,0.0028878474961124834,-0.0001227445685528794,-0.005429723859757929,-0.01391409558378709,-0.006806228730535158,-0.010550458715596345,-0.00424867770744819,-0.016705853235985724,-0.011709932279909685,-0.013741656851197437,-0.01066099658006614,-0.010273355361970493,-0.00036571985858835365,-0.010500807754442731,-0.006079027355623157,-0.010735656458993326,-0.0020942408376964927,-0.008723068838675907,-0.0187040748162991,-0.01383450796136787,-0.012145748987854255,-0.011621966794380545,-0.004048582995951344,-0.015001271294177387,-0.0021922956467271826,-0.002200077649799459,-0.00567465321563676,-0.005816458423093529,-0.007764390896921047,-0.007998338007686678
2014-03-04,0.006594671738674895,0.0009820770930519807,0.015676181562938707,0.02638036809815958,0.007372027826809235,0.011590171534538785,0.004179728317659226,0.028316133903850904,0.0009992862241257061,0.02109872611464958,0.01016070702652394,0.024219983003520573,0.010609756097561096,0.004489795918367401,0.019440803844473553,0.018679950186799354,0.004984260230850079,0.006997455470737934,0.0035549504576053437,0.01667548967707777,0.015285777580859472,0.015893526295386984,0.022201375859912442,0.012519359834796129,0.00910232266164468,0.01335927367055767,0.012470936377087183,0.012784398699891675,0.013626551538046261,0.010680628272251358
2014-03-05,0.0021082757730124246,-0.009075300466029002,-0.011057360055286791,0.031081888822474646,-0.006699649556792364,0.0022914757103575933,-0.007717655220256581,0.011871251988740728,-0.00014261266400461547,0.010916179337232101,0.0027572823517318934,0.018787411841403534,0.0004826837214912949,-0.004469727752945962,-0.008035140347118053,0.01571777855396439,0.0010441138084051893,0.000421141292903604,0.008818209225203377,-0.007810466024472773,-0.011018983198778032,-0.015263291783261246,0.0018354236769655419,-0.008030592734225794,-0.0006220839813373402,-0.0017918853193396034,-0.01085594989561578,0.007488232777064674,-0.004392386530014614,-0.028180687940323246
2014-03-06,-0.00302427042763187,0.013861386138613874,0.0005435204596631049,0.005797101449275477,0.012763308083428404,-0.0022862368541380906,0.0036703661627195405,0.007982583454281489,-0.001141064042219364,0.01118395680678752,0.0011081788915947577,0.004072134962187279,-0.006030635628995307,0.0053061224489796555,0.0032400907225402786,0.012723521320495257,0.0031290743155150125,0.005893496106083029,0.0017183414269705821,0.0010495932826029009,0.0009928295642580576,0.010333247222939823,-0.008854961832061026,0.0030840400925213896,0.006535947712418277,-0.004487754840364122,0.0016884761502742318,0.0053089827988956895,0.0010695187165774556,-0.0004264392324092592
2014-03-07,-0.0005842677660923279,-0.0074462890625,-0.0024833152258266766,-0.0011527377521615145,-0.00563524590163933,-0.004124656278643446,0.0020026121027427735,-0.013558915286777218,0.00042838783378562617,-0.003432494279176246,-0.003952066693009515,0.009617612977983692,0.001698822958378754,0.00040600893219666645,0.004629131230487582,0.008488964346349714,0.0020795425006499,-0.0008369951872776449,0.00022374701670635488,-0.006553079947575369,0.011681728014106163,0.015852723088723986,-0.0009242144177449285,0.004099410709710316,0.006184291898577499,-0.0030911901081915882,-0.006531816266329593,0.012885509083227609,-0.004006410256410242,0.01311860068259385
2014-03-10,0.0009039670296171476,-0.0015988193334152134,-0.01283647113738906,0.008078476630121179,-0.0030911901081915882,-0.0018407731247123138,0.0066041014946125465,-0.0029193528767789134,-0.006280331144733031,-0.003444316877152742,-0.0026506474316547735,-0.00430391369218408,-0.004482132041187081,0.008116883116883189,0.001393056150878813,-0.0033670033670032407,0.0025940337224383825,-0.003141361256544517,-0.004101111028260496,-0.0021108179419524475,-0.006753812636165479,-0.006040775232821427,-0.0012334258402713072,0.001913753508548277,-0.0009219422249538978,0.006201550387596733,-0.0025450689289501227,0.004171011470281538,-0.002011263073209868,0.0053689862090746665
2014-03-11,0.009738204984863774,0.006405518600640425,-0.009614626842146756,-0.011448196908986796,0.0009302325581395099,-0.0036883356385432053,-0.011481353591160204,-0.0112236183969745,-0.002154553289284822,-0.005376344086021501,-0.009557862685251828,-0.020863350815514936,-0.010829885616938428,-0.004428341384863144,0.00042803638309241165,-0.0170608108108109,0.0038809831824062613,0.03760504201680681,-0.00786163522012584,0.005288207297726055,-0.0024128098267165443,-0.0022790579893644525,0.0009262117937636205,0.005348274544759946,-0.008612734543217537,-0.0012840267077554035,-0.007016797788645501,-0.0070612668743509355,0.006583366921939948,-0.015602094240837694
2014-03-12,0.0009701740045597873,-0.010526315789473717,-0.009867112278188817,0.0005790387955992848,-0.0002065262288312164,0.009717723276261081,0.009955462405030202,0.004071560764959958,0.012811285446955534,-0.005405405405405239,0.006091625804410583,-0.0010006474777796148,-0.008980194365850735,0.0012131014961584974,0.0011765964274252916,-0.004639972503866607,-0.008505154639175228,-0.0007086454747925464,0.00045279601539505165,0.006575486586007262,0.013522427440633367,0.00215736040609138,-0.013571869216533083,0.0036732108929702356,0.004654049022649875,-0.002314219593726019,-0.007280513918629605,0.006483999163354737,0.008142018152696107,0.002127433251781552
2014-03-13,-0.01110640046439726,-0.0060613557644731975,-0.020413083661496523,-0.006944444444444531,-0.012497417888865825,-0.013748854262144894,-0.010376134889753641,-0.017817645613172672,0.002984650369528108,-0.01630434782608703,-0.015108060589130168,-0.01779401366957345,-0.021847070506454846,-0.00767366720516971,-0.0064102564102563875,-0.008632596685082872,-0.012997140629061654,-0.013575119035558636,-0.013276005129365553,-0.009929448654298456,0.01724698991213791,-0.005571736102317315,-0.026891807379612276,-0.0006309944472487894,-0.0009264978381717803,-0.007603092783505017,-0.007118205349439188,-0.005818786367414619,-0.007943863365550086,-0.0060503131302408475
2014-03-14,-0.0112324571181327,0.0004978220286249169,0.010009024530314159,-0.020979020979020935,-0.0023010145382281744,-0.007904275092936675,-0.003058103975535298,0.0017515325910169022,0.0018421425534931313,-0.00907655880031577,-0.013674617664034994,-0.008098380323935173,0.007360406091370564,-0.002849002849002913,-0.0020430107526882013,-0.01079763148728674,0.005267316302344005,0.0021567217828899476,-0.007491781973855138,-0.005014515703351763,0.005118362124120424,-0.002674137272380084,0.0035347043701798864,-0.002651849981058163,0.004327666151468401,-0.017010777821062195,0.0010862480990656564,-0.009197324414715768,-0.008674763112238137,-0.0018154634771465616
2014-03-17,0.003907646660156194,0.01679313347431255,0.018763707253675488,0.018452380952380887,0.0029353181675229045,0.007498864163298258,0.008501314636284008,0.016485575121768514,0.005657708628005631,0.012743926722421417,0.01645625861178379,0.00901118838826731,0.002519526329050281,0.008163265306122325,0.012067665122292848,0.01373239436619711,0.0026198585276395736,0.00020496003279357744,0.018793807286451525,0.009283819628647105,0.005834924676426878,0.008426966292135019,0.006083893691962938,0.010888832615852051,0.01231148045552466,0.014002642007926003,0.004991319444444642,0.015400843881856696,0.005385029617662962,0.009093826896330315
2014-03-18,0.008846687973846468,0.0007340347443112183,-0.011003029819805388,0.004675628287551303,0.007734922128148858,0.005578800557879848,0.010167723994090494,0.007371913011426479,-0.012095639943741188,0.008651199370821816,0.01607251200879589,0.007492208103572207,0.0030158331239005243,0.004858299595141835,0.00010646225912913643,0.008336227856894807,0.003396916644891501,-0.0029713114754097436,0.0035533378695093987,0.03942181340341655,-0.003586119607636329,0.00835654596100266,0.01623169955442383,-0.0008767535070141053,0.002736394040741663,0.01615424700364776,0.008421507233858705,0.0056098067733221235,0.0012051419389393914,0.0041348600508905875
2014-03-19,-0.00026345532192917354,-0.013691931540342206,-0.0145114479200259,0.014543339150669077,-0.0038377761642982566,0.0,-0.008947006194081175,-0.01792901573362604,-0.021782460136674286,-0.014424951267056452,-0.00991528706001421,0.0005354274495805722,-0.0008769731896767219,0.008058017727639033,-0.0037257824143069884,0.004133654839820755,-0.0067708333333332815,-0.012434487719658938,-0.011375621515745227,-0.007079646017698948,-0.012384884090187342,-0.006152687091913522,-0.006890072032571193,-0.012410680707032662,-0.0006064281382655023,0.025128205128205128,-0.007280513918629605,-0.012190082644628064,-0.005215995720208699,-0.010347376201034653
2014-03-20,-0.0048185500341264564,0.00681705503222596,0.012189136125654532,0.02752293577981657,0.0017700957934192463,0.009246417013407227,0.0026909722222221433,0.0036015896671635073,0.006694804249745445,-0.0003955696202532222,-0.001742680989749612,0.006183850636223065,0.004263322884012544,0.01618705035971235,0.0056629981835665255,0.031046312178387714,0.008127949659150646,0.00520291363163361,0.00914425055246526,0.02699261522790919,0.0025723472668810476,0.0015161086544535074,0.0063071586250393885,-0.005839045443005952,0.034283980582524354,0.01963481740870443,0.01833477135461603,0.025517674126751766,0.013444474321054,0.009068601301611023
2014-03-21,0.007887088979656731,-0.0019697156223071888,-0.009294431423260363,-0.02008928571428592,0.012264837334996503,-0.00870361887311033,0.0010388710934117196,-0.005692364806335948,-0.0013011421136330803,0.005144440047487153,-0.011794646871567172,-0.01341449001300088,0.004120364589836445,-0.010029498525073732,0.019230769230769162,0.000998170021627054,-0.0002600780234071065,-0.011697722567287738,0.005210299781016392,-0.004215224398710693,0.011011332050459455,-0.05121735839535768,0.00846129739893442,-0.005617977528089901,0.006160164271047153,-0.002330430516374271,-0.006354585892819453,0.0018356108504995472,0.009551605200318392,-0.002854726157750065
2014-03-24,0.011860879982975137,-0.002096953250277367,0.006852667645619315,-0.010820045558086466,-0.0055447171167472,-0.0032347504621071943,0.001902620427224777,-0.010703173615432493,0.003474232773595709,0.0003937007874015297,-0.02122488754229568,-0.007367475292003545,-0.009450385476249767,-0.0019864918553834654,-0.007609715417492002,0.014957620076450073,-0.0010405827263266776,0.007436891170001125,-0.005258413461538547,0.008466135458167434,-0.005181347150258975,-0.004653636484510004,-0.021441889372280976,0.018233179250128462,0.004664723032069995,-0.0007376444553724992,0.002131741632914075,-0.002850162866449568,0.008672798948751836,0.003499098716997162
2014-03-25,0.01075595472242874,0.010012360939431142,0.00486144871171601,-0.00921128382268277,0.017965926690759026,0.0356977283263793,0.01070349589987063,0.0007548119260285535,0.00865551067513004,0.011412829594647844,0.0006822605358696165,-0.014904658460053066,-0.0023851368315339627,0.013535031847133672,0.022899159663865465,-0.002292451285410224,0.005729166666666563,-0.002807236431690674,0.012384836127473209,-0.003950617283950519,0.005208333333333259,-0.01616350520972476,0.010479517307081743,0.006431273644388558,0.007544979686593178,-0.00221456692913391,0.00446713465220161,-0.0004083299305838173,0.0014330380406462062,0.002852916314454834
2014-03-26,-0.009558721530628422,-0.011014563700893265,-0.0039509756490888615,-0.0017431725740848503,-0.008012983061162493,-0.0008952551477170445,0.005295072166709325,-0.01169076052796969,-0.0060068649885584025,-0.003112840466926059,-0.02308586035023652,-0.009310872894333855,-0.0075500188750471375,-0.0032521602513747583,-0.0033887861983979972,-0.016904644674216374,-0.0002589331952356222,-0.0007298509018871524,-0.007235566164404017,-0.013634110064452254,-0.007296182721793332,-0.00583842498302789,0.011313639220615901,-0.003884225034456845,-0.0031682027649769795,0.005425400739827557,-0.004447268106734459,-0.009395424836601274,-0.008325744763887144,-0.0022126224844588593
2014-03-27,-0.0042989752487959665,-0.0017324588541022257,-0.002590463854934111,-0.009895227008148932,0.006646216768916302,-0.013440860215053752,-0.00033981819726436324,-0.0017807173747138583,0.013237410071942568,0.007416081186572887,-0.01562771930505824,0.0034625610585543587,-0.0024090275136300354,-0.0026480462777611624,0.002369912416280373,0.0003338898163607329,0.00543900543900544,0.0033388981636059967,-0.001878428131339649,-0.01080673536064336,0.007775884107371178,0.0013657470636436742,-0.0024860161591049312,0.0018867924528302993,0.01011268419531941,-0.006377238165317767,0.014465007445224387,0.012371134020618513,-0.0011806375442739991,0.01626187961985215
2014-03-28,-0.0011161775412575903,0.018098425684889063,0.010145280415550628,-0.0017636684303351524,0.009547993905535845,0.014078110808356081,0.00705362454321401,0.006498470948012036,0.00028401022436796985,0.0027121270825261057,0.005268092661769197,6.161809107174676e-05,0.0005083884087442314,0.012248123271434208,0.00164473684210531,0.0020026702269693164,0.003348789283874387,0.011231281198003318,0.010237880156579227,0.02388211382113825,0.0011626677941021235,0.0030005455537371883,-0.006853582554517179,0.0013810420590081307,0.0031464530892448828,0.007405578869415175,-0.005661564269238806,0.003869653767820669,-0.0017073811400052374,0.01517040731504582
2014-03-31,-0.00022296340531613446,-0.0031657128941919854,0.008275751245380158,0.012956419316843215,-0.00020122748767481546,0.00380653828929689,0.003459915611814246,0.013672616786934988,0.011073253833049357,0.0003863987635239763,-0.005035004051654801,0.009550215650030669,0.005208333333333259,0.007572209211553327,0.00810755336617408,0.011159227181878784,-0.007445442875481545,0.008124228712464099,0.0108792846497765,0.017121588089330064,0.009501689189189255,0.004351373402230019,0.007528230865746499,0.010531594784352949,0.0,0.004533202646409995,0.00316322226908472,0.00912964090079127,0.005525588738323872,-0.00020470829068575114
2014-04-01,0.009147450803434154,-0.0031757664590205126,0.021675033867240456,0.008139534883720989,0.004427895743182031,0.030559892928842425,0.0007568749474393677,0.018733608092918796,-0.007722549845548987,-0.0007724990343761506,0.018285900113711895,0.012633506255721683,0.0031593580184505754,0.006818005733322918,-0.0029522549119413988,-0.0006588700378850065,-0.006466632177961729,-0.0013261246557175754,0.006413091552410544,0.010490363503293576,-0.0079481280066932,0.007175737882480382,-0.005292652552926436,-0.003225806451612745,0.0005702879954376794,-0.0018294914013903263,0.003783897414336712,0.0006031363088057073,0.004448514981028273,0.0005118755118755924
2014-04-02,0.0016619603636667257,-0.0041661561083200516,0.0007799703611262032,-0.006343713956170616,0.028253681995791924,-0.004761904761904856,0.002941176470588225,0.0012259409096482266,-0.005801613131455996,0.00657131812910694,0.0001852072243495595,0.00813645130183227,0.007180650037792891,-0.0038476337052711918,0.0029609965284869144,-0.0031316960606561084,-0.0020827909398594135,-0.003166496424923393,-0.003881930711199022,-0.0016900048285852787,-0.00864431794223064,0.002016400053770795,0.010641627543035881,-0.002613890963405585,0.007979481333713068,-0.0028103616813294208,0.0014659685863873673,-0.00020092425155726623,0.005340627849420576,0.002251099969303061
2014-04-03,-0.006930977936214888,-0.00024609326934899034,0.00366300366300365,-0.004643064422518939,-0.0007794991717821054,0.004349717268377518,-0.0025974025974024872,0.00024488796375643496,0.002704241389126061,0.007296466973886417,0.0059536969106395166,-0.007054462844502951,-0.0068792995622263264,0.02008497489378147,0.0003054056805456007,0.0029761904761904656,-0.006783198539003332,0.0007172866072342465,0.0010294117647058343,-0.008222490931076298,0.005954912803062484,-0.00737858867722041,0.0034066274388355744,-0.0003743916136278447,0.0073508623126945505,0.00784217620389649,0.006273525721455453,0.001406752411575507,0.0036278828712099642,-0.0002041858090862103
2014-04-04,-0.01293622571940456,-0.006399999999999961,-0.010871253300201889,-0.02507288629737603,-0.003705509507557214,-0.016383715894326523,-0.0020161290322581182,-0.015424164524421524,0.000567778566358923,-0.008006099885627171,-0.04593175853018372,-0.01715937142513091,-0.008564231738035333,-0.009466111321469128,0.001628332994097148,-0.014012528849324024,0.003940110323088941,0.0021503174278107995,-0.002056706331717173,-0.027798098024871987,0.004334038054968348,-0.015542640897418414,-0.007407407407407418,-0.0041198501872659055,-0.002245298905416915,-0.008753799392097306,-0.0016625103906898753,-0.00541842263696557,-0.0019364833462430786,-0.005820484019197436
2014-04-07,-0.01570006660155676,-0.0007432181345224942,-0.014052441513581315,-0.020334928229665095,-0.010374865420377799,0.006089372437994456,-0.01228956228956224,-0.016163123212731723,0.009221166122854285,-0.006533435818600997,-0.008473177441540636,-0.028669443763783442,-0.020198170731707377,0.012423547400611579,-0.005385084332452772,-0.013542885805049365,0.010465724751439032,-0.008787166649637301,-0.010746356543500757,-0.0017557060446451445,-0.01168298073886953,-0.02759472817133446,-0.02985074626865658,0.009025949605114603,-0.0016877637130799927,-0.005519440696676092,0.0016652789342215257,-0.018159806295399594,0.0,-0.005957271980279399
2014-04-08,-5.75009293755091e-05,0.010288831040039748,-0.01146588104148416,0.003663003663003872,0.01265947977450299,0.003938730853391581,0.00392023180501111,0.0055604701124731815,0.019257801518133277,-0.003868471953578423,0.03122283262120118,-0.012613521695257313,-0.000259302476338652,0.016046818954124964,0.0017366431709060492,-0.0025423728813559476,0.0072501294665976435,0.01102979074322219,0.003273809523809401,0.0005025125628141947,0.027689030883919052,0.029507270930396734,-0.01057692307692304,0.010684557087836888,-0.006198929275852305,-0.0051800690675876115,0.0018703241895261513,0.0034936292642828715,0.01125339542103232,0.0069229179582559475
2014-04-09,0.013143061177820492,0.0045398773006135595,0.021989528795811397,0.010948905109489093,0.005859947260474563,0.007846556233652935,0.011035653650254718,0.011310795525952155,-0.009515928837401932,0.007766990291262044,0.017093863787196684,0.010219724067450198,0.008429516275450633,0.002601263470828785,0.009076075871915057,0.007136788445199604,0.002313624678663251,0.0027528548123980645,0.007416196974191713,0.01632345554997494,-0.0007253886010362143,0.00877674163466824,0.011661807580174877,0.0017209588199138537,-0.00992344768925435,0.009050334738408106,-0.00477079444098738,0.005529387671513453,-0.0026861089792786785,-0.0012314007183171771
2014-04-10,-0.012897324310090275,-0.003908635641871383,-0.0255359394703657,-0.030084235860409092,-0.0070880668026021,-0.020328719723183508,-0.020235096557514654,-0.03678389461911269,-0.003202450570871429,-0.014258188824662898,-0.03588812076749415,-0.01378351036924641,-0.012602880658436288,-0.02057079318013344,-0.02435573521980794,-0.031550531466171816,-0.0025647601949218,0.010981189628876509,-0.013766195524146041,-0.02742772424017792,-0.006844343046769841,-0.015089722675367012,-0.019852705731668308,-0.004908577739599851,0.00572737686139746,-0.017201130359995154,-0.010629428928720208,-0.028309572301425723,-0.013851481338976512,-0.005650878454741548
2014-04-11,-0.007393411319180254,-0.012262415695892037,-0.012698155936590183,-0.02171215880893307,-0.00792098572266775,-0.008388520971302382,0.002913702973690979,-0.006450780544445922,0.0034921078362899483,-0.005863956215793498,-0.01633466864219224,-0.02090011539941017,-0.014066163063297665,-0.009275307473982974,0.003418272218769447,-0.03658536585365857,-0.00668552327076366,-0.0014080257467564694,-0.01179368515339263,-0.0038363821138210907,-0.006473843583585603,-0.0165631469979296,-0.024501796798431896,-0.004069552349241556,0.002277904328018332,-0.013001625203150291,-0.008426374552348848,0.007755187591699908,-0.005072181037846235,-0.000619962802231866
2014-04-14,0.003983569963047273,0.009435133457479816,0.009666584746456985,0.014584654407102216,0.01310990635781173,0.017364203027604663,0.014269845338801934,0.007921049214387743,0.0032015590200444866,0.011010617381046028,0.013835168104730844,0.0132268203247774,0.0035667107001320364,0.014518772035034377,0.0027872406317746012,-0.0061482820976491714,0.0025886616619206215,0.008258636317856727,0.005740614850064274,-0.0007396261062512233,0.010089332632685188,0.015859649122806907,0.0003348961821836305,0.0006191183754333807,0.004545454545454408,0.002913236225459137,0.004248990864669677,0.0006239600665558509,0.011503267973856257,0.011786600496277888
2014-04-15,-0.007130435716049099,0.004550485795105308,0.008275862068965578,0.024375000000000036,-0.00272426542128823,0.0017505470459517891,0.01347935973041281,0.0005153311002317196,0.01026779519911214,0.004278490859587647,0.006419662509171031,0.0011632415664986073,-0.0010530472554955983,0.00790662650602414,0.02120650607370811,-0.0029112081513829047,0.037438678027369,0.007192088702427268,0.007059707097258672,0.014548238897396537,0.01175736135677874,-0.0013815971262779447,0.0006695681285571187,0.00037124118302189757,0.009049773755656076,0.004167719120990121,-0.0074042733234610525,0.013926418623986692,-0.006461617989144464,0.008379317392193109
2014-04-16,0.0020271859145715165,0.008570029382957811,0.014243180172205827,-0.015863331299572958,0.004195121951219516,0.006116207951070374,0.01271820448877814,0.016610867885655578,0.005768438401318576,0.01161890007745936,0.027701840714415837,0.01484637232119801,0.009092106996969163,0.005976839745984286,-0.004536290322580627,0.008394160583941712,0.010204081632653184,0.0,0.01998657618017763,0.01635220125786163,0.006890168654874573,0.011344770337575971,0.006691201070592179,0.01001979218208815,0.011771300448430555,-0.01660168532260098,0.0038363171355497716,0.006355063550635531,0.004422476586888768,0.01276854479124423
2014-04-17,0.011426382643551447,0.00327749453750914,0.014915899714376346,0.001239925604463732,-0.0009715340522685745,0.007815892314372519,0.015185093983419495,0.013172894236858745,-0.009012699713232375,0.016845329249617125,-0.03646036531299868,0.0013993130644955887,0.0066597022721337495,0.004084663943557443,0.0021265822784810595,-0.0007238508867173366,0.0032027593003201016,-0.0057522562729346305,0.007019083132265624,-0.009653465346534662,-0.013481768971504327,0.012722298221614414,0.005317381189763992,0.0013472137170851273,-0.0016620498614958734,-0.030822355799974388,0.010615711252653925,-0.0032593196170299654,0.005698005698005604,0.004802881729037534
2014-04-21,0.011868027533823877,0.005323653962492347,-0.0007817385866166759,-0.0037151702786376584,-0.0018477098123115265,0.008186126669538885,0.004527813712807083,-0.011001375171896477,-0.0015157778696430757,0.0011295180722892262,-0.007306658814002387,0.0022865853658537993,0.011285510442339941,-0.003328402366863936,0.010509296685529579,-0.0034407823252444736,0.0007367387033399009,-0.005785536159600979,0.006461918245843412,-0.0017495626093476657,0.0009317734755152074,-0.0017560448466836798,0.020165289256198315,-0.0024461839530333096,0.0005549389567147678,-0.010952757983636818,0.007983193277310896,0.0038830983036990396,-0.0007725985063096186,0.005078669587731621
2014-04-22,0.0009949737353291965,0.010109519797809607,-0.002112345485839384,0.0124300807955251,0.010229929851909514,0.00512820512820511,-0.0019317450096586475,0.004297813171533438,0.004554236820314861,-0.00037608123354648804,0.011365111148191387,0.016856780735107657,0.02193432529502326,-0.004081632653061162,0.0018000000000000238,0.014174086861711732,-0.0009815950920245564,-0.0035115882411960175,0.0019477708844322095,0.0012518778167251998,-0.003413322300372501,0.006089309878213545,0.004536616979909258,-0.0038008827856792493,0.006378258458125341,0.010807204803202186,-0.0012505210504375475,0.002239413680781732,-0.0005154639175256603,-0.005548399881105781
2014-04-23,-0.013069253747849063,0.0011914690813772388,0.024147393179145382,0.0049109883364029105,-0.0029896807792458846,-0.0008503401360544505,0.005564516129032304,0.0008810572687223406,-0.0024728671520813927,-0.0060195635816402415,-0.014647112740604928,-6.23208276206988e-05,-0.014434542487762103,-0.003353204172876323,0.00039928129367128307,0.004300304604909488,0.0004912797838367844,-0.0019130084575110784,-0.006479948160414528,-0.0075018754688672695,0.0012454592631032657,-0.00336247478143914,-0.002580645161290307,-0.010953846153846203,-0.03775144667952601,-0.005675818373812147,-0.01022537562604342,0.007312614259597838,0.006188757091284192,0.0012952077313936883
2014-04-24,0.08198179931220495,-0.005593240509341846,-0.005894511214881604,-0.0018326206475259843,0.018378796672470443,-0.0072340425531916,-0.003127756836955653,0.0008802816901409827,0.00619749345820142,0.0015140045420136694,-0.005711521646108775,0.0024929884699282923,0.01591951095262356,0.0,-0.002594292556375999,0.002497769848349707,-0.0007365578197886524,0.007162312115404079,-0.00971084861221827,0.004283194759385323,0.0022805017103761926,-0.009581646423751589,-0.006791720569210846,0.009830761572921842,-0.012027491408934776,0.016726403823178027,-0.02424625764284205,-0.005444646098003658,0.003459764223475048,-0.004875621890547244
2014-04-25,0.007344356237648064,-0.005744375299186255,-0.009240720776220623,-0.02386780905752761,-0.005604103343465061,-0.014144877839691317,-0.0024939662107803517,-0.017087573815805945,0.012866137421297497,0.005291005291005346,-0.021218471671282102,-0.016226297792974687,-0.004889056036103789,-0.01831775700934568,-0.001700680272108679,-0.008720412884854811,0.007616707616707519,0.008914262820512775,-0.0006586169045005308,0.0012543903662818323,0.01013548453821489,-0.009401825861834023,0.0013025073266037523,0.003203943314848967,-0.00028985507246370723,-0.01214257735996871,-0.0073465859982714266,-0.005474452554744547,0.003958625973694341,0.0039996000399959986
2014-04-28,0.03872806759879377,0.00457390467019736,-0.012591325975439105,-0.06269592476489028,-0.004107364600248298,0.0008695652173913437,0.014033389789499306,-0.0057522689505304925,0.0108108108108107,0.006766917293232977,-0.0002294016440451685,-0.010743174924165877,0.009952128999748178,0.0026656511805025485,0.015532618498847572,-0.003770197486535065,0.0004876859302609393,-0.004169562195969423,0.004906268306971162,0.024054121773991577,-0.004095423364390394,-0.0141678129298487,0.04195121951219516,0.01879375998034649,0.01710640765439253,0.0010573618821041464,0.014366565084893423,-0.0022426095820591296,0.0145001271940981,0.007568967234339308
2014-04-29,-0.002962180938118286,-0.005511622334052113,0.010469143576826268,0.019397993311036865,0.009975062344139474,0.006081668114682914,0.001908852302552999,0.011056826947801524,-0.0036096256684491346,-0.0007468259895444529,0.025526788787334276,0.010859844129296192,-0.008107770986653384,0.005696923661222986,-0.003059009275705571,0.01099297170661373,-0.011211308798440234,0.011863224005582707,0.0023318516359398522,-0.00880841693173473,0.007196463452246338,0.011301799916282995,-0.008739076154806402,-0.006028454304316422,0.009692132269099263,-0.007129654079746417,0.0036480686695279374,0.010829587249693517,-0.001128385155466427,0.002767618859345733
2014-04-30,-0.003781678947274991,0.006265060240963738,0.005063488353976853,-0.006561679790026198,0.0009496676163343043,-0.0021588946459413227,-0.003572279114074761,0.008901322482197438,-0.0005366966322286615,0.004857997010463411,-0.0027035593757575027,0.009984833164812912,-0.00012575452716290236,0.007930513595166166,0.0025734930218748175,-0.002139037433155133,0.005422726152329194,-0.001182266009852273,0.01119592875318065,-0.0027153789187854827,0.01918954782076132,0.006484547461368617,-0.015113350125944613,0.0013343037360504795,0.007905138339920903,-0.0021276595744680327,-0.0008552490912979716,0.0034364261168384758,0.0005020710430525543,0.009462789551503148
2014-05-01,0.0023559138062954066,0.032447318007662984,-0.0043404123391722615,-0.0033025099075297826,-0.0031309297912714973,-0.004327131112072613,-0.0046207775653281935,0.0027728762288883324,0.001208215867901874,-0.004462625511342577,0.006823960514507954,0.0034413715429859604,-0.00226386618035479,-0.008992131884601018,-0.007503208608944711,-0.004644515898535206,-0.00024515812699188455,-0.0041428289603472335,0.012366093896038599,-0.00990099009900991,0.0012018027040561208,-0.0004112405757368265,-0.004156010230179086,-0.0025439127801332173,-0.003361344537815225,-0.001199360341151423,0.0104857693130751,0.0,-0.00012545477355396795,-0.00976467141880677
2014-05-02,0.0018592354057120897,0.00892960686535993,0.011521096061030578,0.01060304837640813,-0.000571047872846564,-0.003042155584528472,-0.0017608452056987467,0.009426847662141746,-0.023062483239474352,-0.0033619723571162163,-0.008653185523554763,-0.00929101452890202,0.0008823900163872356,-0.0015122873345935206,-0.012135680891276257,-0.002512562814070307,0.004168710152035349,0.004655309033280597,-0.004900220154818502,-0.007750000000000035,-0.01980594178253481,0.000959956116291627,-0.01284109149277679,-0.005100801554529966,0.0014052838673412893,0.001067378252168183,-0.0021177467174926523,-0.001208702659145855,-0.0072772898368883565,0.005916576274529239
2014-05-05,0.014141058565316111,0.016091954022988464,0.015545636447591216,-0.011147540983606596,-0.004666222264546271,0.0006538796861377261,0.005131494547786941,0.011331092018428635,0.009058468295360944,-0.0037481259370315545,0.0027347481596644574,-0.015923967774420955,-0.008942065491183926,-0.009087466868610283,0.006947940791460994,-0.024469233537243618,-0.004639804639804734,-0.0028591146603569317,0.0034970025692264706,-0.006550768455530265,-0.00040820491886917054,0.004110152075627038,-0.025691056910569054,-0.002685546875,0.00364861072130207,0.0026656004264959954,0.0057300509337860905,-0.00040338846308984877,-0.006319514661274006,0.008822664444662287
2014-05-06,-0.010899077824098158,-0.013574660633484226,-0.008563200969990858,-0.023209549071617985,-0.006218905472636704,-0.010237421041167427,-0.0031110402042118235,-0.002339325289337557,-0.006120783460282997,-0.0146726862302482,-0.023835764855322905,-0.011576590981771662,-0.016139280721819804,0.001146350783339578,-0.004899999999999904,-0.01623017336776089,-0.006624141315014653,-0.0018785841407948922,-0.009387668017922013,-0.009383717981232498,-0.0009188361408882795,-0.014190203301951199,-0.017690253671562073,-0.006976744186046657,-0.007550335570469691,0.00039877708361024666,0.00168811985650974,-0.009483454398708568,-0.0077588399898245175,-0.002332134875133507
2014-05-07,-0.003498768188648471,0.013188073394495348,-0.00366888328365067,0.004752206381534396,0.007220564166746879,0.006602112676056482,0.01008241978074742,-0.00913242009132409,0.010264130286027129,0.012982054219167649,-0.008745239872170352,0.00634140028471597,-0.004391630069749408,0.0064885496183206826,0.014068937795196357,0.013310836145481675,0.010372931588046308,0.010004952947003432,0.013281642616124634,0.009344598054275233,0.014306151645207432,-0.0009688581314878375,-0.013931362555215765,0.01183286084062618,0.007607776838545854,0.035211267605633756,0.013271539919949449,0.006111224281931005,-0.0006409434687861815,0.004285575143664122
2014-05-08,-0.007327002960345386,-0.0011318619128465324,0.0016877637130801038,0.008783783783783639,0.003058688587268099,0.00647135986007874,-0.009031133644933909,0.016315855025532233,-0.013275535085342627,-0.0033923859781379573,0.004189189189189202,0.012088477366255068,-0.00038920601971981217,-0.0011376564277588708,-0.004063026459221075,0.005735430157261856,-0.004399902224395014,-9.807767752045837e-05,-0.002196400736856785,0.00545339251743826,-0.0077574047954867,0.012053200332502012,0.005168849069607351,0.0008527226215129247,0.017897091722595126,-0.013092029264535898,0.008108108108108025,-0.0012148208139299843,0.009363776295536308,-0.0076617204926777704
2014-05-09,-0.004163169580409298,0.004532577903682888,0.0040591253733630595,-0.01272605492297385,0.0011435105774728616,8.688852202620723e-05,-0.0004796546486529607,0.004289215686274606,-0.011806699615595773,-0.0007564296520423675,0.012399792375569652,-0.0012706480304957024,0.008565866320570992,-0.0015186028853454436,0.004079601990049753,-0.006438557763061126,0.003437269825681266,0.009612555174105086,0.003621387488461192,-0.0025227043390515513,-0.015940704640064918,0.005475701574264358,-0.004799451491258155,0.0027994157740993675,0.001098901098901095,0.0007803355442841386,-0.00020622808826575856,-0.005067909993918485,0.0064811284788410806,-0.003616106333072633
2014-05-12,0.012446084104015931,-0.0038353073886069344,0.011441647597254079,0.02238805970149249,0.010850942318675116,0.00738488271068638,0.001679596896744684,0.005735204392922411,-0.003056404556821324,0.01627554882664639,0.022426037750180372,0.014949109414758466,0.007206279758074974,0.0026615969581749166,-0.0038648300465761176,0.01184965747083866,-0.0012233912405186231,-0.0006800738365880798,0.010471204188481575,0.010875063227111736,-0.011452744531572412,0.016065350578624793,0.003444712366517333,-0.008010680907877155,0.003567508232711347,0.010266406757634794,-0.0066006600660065695,0.013854930725346382,-0.0006313131313131493,0.0027464443354585644
2014-05-13,0.001569254421129429,0.002491224096931255,0.0064102564102563875,-0.002654280026542888,0.008945386064030059,-0.014230271668822847,0.004870648355158158,-0.0041252123271051655,-0.0005574136008918984,0.0026070763500931626,0.005776052597366466,0.0045753682231275405,-0.012776287210936488,0.0030337504740234333,0.004974134500596916,-0.0005489478499542955,0.007104360607545379,0.006513707952556791,-0.0027307099845959026,0.011258443832874665,0.0028180774449431123,-0.000535977488945405,0.002403020940610956,-0.0014682491129328623,-0.010117582718074836,0.003859017236943707,-0.006436877076411829,0.001004823151125489,-0.00012634238787123664,0.0012716423750367412
2014-05-14,0.00018509174420078267,0.0025979893821304056,-0.0034469838890969218,-0.01264138389886893,-0.005786280914605757,-0.0021916010498688188,0.004529201430274243,-0.014132553606237774,-0.006274400446179662,-0.005943536404160454,-0.013166155777966537,-0.005178437733965646,-0.012423967904749533,-0.004536862003780784,-0.0014848544842605005,-0.004760161113145367,-0.005351495986377963,-0.004829518014102141,-0.005827423997753378,-0.004453240969816918,0.0055162364696086374,-0.013540689100415726,-0.003424657534246478,-0.005391496140178864,0.005248618784530423,-0.011148129164531118,0.0033437826541273807,-0.010439670748845664,-0.005054334091483481,-0.0006838608831574167
2014-05-15,-0.008503214931900094,-0.0011266336187473192,-0.013384464997368228,-0.019541778975741164,-0.01445602177790295,0.06006602396327909,-0.02064546748932128,-0.009515570934256035,0.0015434264066227499,-0.005979073243647215,-0.009898766864392394,-0.017623079335214786,-0.0009173109684184055,-0.012153437143942125,-0.0017844750669179232,-0.015636497424576956,-0.009048667155783785,-0.005144132776861099,-0.004378531073446323,-0.015904572564612307,-0.003519304419832392,-0.00869801576515361,-0.0013745704467355013,-0.007884686460514989,0.0035724100027481054,-0.008941298432033173,-0.0010414496979794796,-0.00527490363156824,-0.024257048514096935,-0.01476195131488911
2014-05-16,0.014757998076491141,0.0022558087074215916,-0.00304854812895361,-0.0027491408934708916,0.009905705305267132,0.007857733664185407,-0.005088441967530888,0.0029943855271366004,-0.00042028579434016944,0.0026315789473685403,-0.0015497429694588671,-0.0013406537282940612,0.014690451206715638,-0.007304882737408702,-0.0010924620121164352,-0.00373761913660986,0.009131293188548772,0.006243902439024396,0.0010639807064831697,0.005808080808080707,0.003427859146151402,0.013709898546750754,0.002064693737095835,-0.002483546504408296,0.006024096385542244,0.002222803347280422,0.023144286905754763,0.0010197838058330078,0.0023428348301446356,-0.00039690414764836923
2014-05-19,0.011848849265158057,-0.011478730587440866,0.004128124761103802,0.01102687801516189,-0.006036027539375599,-0.0008206811653672652,-0.0018671862315311483,0.008209976365219473,-0.014716187806587233,-0.0022497187851518996,0.019931856899489064,0.00792686824777844,-0.011116856256463303,0.008520526723470034,0.000596540067607787,0.00975426749202768,-0.00440205429200291,-0.01018033740546831,0.003826259477077709,-0.0020085362791865125,-0.019668737060041352,0.0074384636191506814,0.005494505494505475,-0.004979459728619351,-0.009798584648884057,0.0071754729288975305,0.0016303240269002206,0.008353708231458867,-0.005194130632385496,0.0012904506650786018
2014-05-20,0.00019914345159599556,0.002163023679417009,-0.013475447278263997,-0.009543285616905317,-0.0363412088433438,-0.00944558521560579,-0.0036600244001626647,0.0004935225169648838,-0.0029871977240397696,-0.01164975573092819,0.002895161739324026,-0.008371916027145265,0.019084967320261326,0.0,-0.003875198728139906,-0.002043470183912266,-0.0031933185949398757,-0.005485356058379853,-0.010164466718430187,-0.001761006289308198,0.017212249208025332,-0.016512283527990168,-0.0010245901639344135,0.0037532841236080916,-0.024189114898295783,-0.006994818652849788,-0.010172939979654072,-0.010709234188725048,-0.012008876125832124,-0.0019827500743531123
2014-05-21,0.002645070849698561,0.003975917300920173,0.010649791634511407,0.00550584996558845,0.012997243009058579,0.014925373134328401,0.01355102040816325,0.013565174497471855,-0.002282779283777958,0.007224334600760329,0.01722829808101567,0.01918771985929002,0.001539250897896416,0.006144393241167334,0.008877805486284363,0.007446016381235987,0.007146377525874881,0.010144784792672112,0.003066390929187701,0.016885080645161255,-0.0005190491020450327,0.012967512967512862,0.010940170940170857,0.003240683036270564,-0.006478873239436522,0.013827289329507053,0.010688591983555984,0.014501633986928164,-0.00039635354736422546,0.013509486440846263
2014-05-22,0.0015840102706670134,0.0009051821679113559,0.006719609040928498,0.006844626967830392,0.0019440124416796323,-0.004084967320261534,-0.004268685567010322,0.0019467088453581916,0.008866008866008634,0.0007550018875048803,0.010460251046024993,0.003137747097583965,0.008965163934426368,-0.001908396946564861,-0.0017797112912795177,0.007945306725794632,-0.0070956691950085915,-0.0010725429017161003,-0.002488269586236269,-0.006195786864931829,0.0037390943082675765,0.00902843282576482,0.00304362529590807,0.001987824574481545,0.00311879784519431,0.007977354606278908,0.005694529184462116,0.0064425206361988785,-0.003568596352101494,-0.0051945506223659565
2014-05-23,0.011296465359043273,-0.000565227221343001,0.004323422330096971,0.0006798096532971698,0.009216142801707461,0.005742411812961423,-0.002103049421661285,0.011778992106860953,-0.0038270729978737705,0.0,0.015032856242686021,0.0019393181107287827,0.005077430820005224,0.00531548757170186,0.0001980982567353351,-0.0003666361136571705,0.0,-0.004392386530014614,0.005915472881476536,0.0004987531172069293,-0.0018625827814570117,0.012954059829059839,-0.005731625084288705,-0.0016119032858029625,-0.0016958733747880483,0.005488894562164726,0.005864509605662205,0.0034006801360271233,0.0029181589070168545,-0.001773399014778354
2014-05-27,0.018725037842175496,0.006673453229272708,0.013292047428441922,0.033967391304347894,-0.0033644141113139403,0.0077487765089723215,-0.0042960201021318145,0.005040806529044595,0.0025611838360841688,0.0022632968691058686,0.019634622206456287,0.010052447552447719,0.006441020459711844,0.016014302560006133,-0.0016835016835017313,0.011186502842472024,0.004682109413504332,0.003529411764705781,0.002125549100184365,0.0017447657028912822,0.0007256894049347817,0.010019775873434389,0.004069175991861629,-0.005464480874316946,-0.003114382785956993,0.004316364098006842,-0.0024125452352232735,0.007775119617224879,-0.00026451527575710454,0.00039478878799847905
2014-05-28,-0.002589073527898056,0.002134831460674169,0.0011925169561006754,-0.005256241787122251,-0.007426697530864335,0.004451639012545527,-0.0026050146532075047,-0.0016718414139001991,0.00425773488504122,0.0033872788859616865,-0.00768869483535406,-0.0035853372071460443,-0.00012548625925445922,0.0063646574316733595,-0.005059021922428353,0.005622052956111734,-0.004660289428501496,-0.010355607659241928,-7.070135746600759e-05,-0.004478726051256543,0.008598363203149217,-0.004438062916068408,0.0,0.00024975024975026905,0.0036921329167851624,-0.00669953229680198,0.002418379685610761,-0.0021760633036597143,-0.000793755787802608,-0.0029597474348854735
2014-05-29,0.018221039618954604,0.002130283664087962,0.00602992630090049,0.0006605019815060231,0.006704887766009193,-0.005640612409347323,-0.00163238654913489,0.005143540669856561,0.0024024872809496056,0.0030007501875468634,0.00019283022175464737,-0.0027917364600781314,0.0027610441767067506,0.0029761904761904656,0.0045862412761714655,0.004869251577998224,0.0019714144898963504,0.00039486673247779436,0.00678781022413899,0.008247938015496281,-0.00831963845521777,0.0014422446571391578,-0.00033772374197904576,0.0037453183520601563,0.0014148273910581377,0.01005344871468572,-0.00040209087253728626,-0.0033703409992068556,0.0059578975241625365,0.0020779734811002815
2014-05-30,-0.0037457928686713826,0.002797046319086949,0.000813970697054911,-0.0006600660066006236,-0.013223938223938081,-0.002431118314424552,0.0038423806409420003,-0.00023801023444003366,0.002114761032003365,0.0018698578908002972,0.0019104038137969237,-0.005785740948115015,0.004130162703379181,0.01335311572700304,0.006947201270345316,-0.0026920315865038846,0.006148548942449539,0.000888099467140302,0.0011236744153382272,0.014873574615765772,0.008389435525634426,0.006938989264205331,0.00101351351351342,0.004850746268656669,0.002260525572195471,0.0032757969005920984,0.00482703137570395,0.010145215834493682,0.010397473019215564,-0.007307198578058616
2014-06-02,-0.006871727386830395,-0.013834653575811595,0.004805914972273673,0.00792602377807139,0.014966252567739424,0.006498781478472715,-0.0047235116866195526,0.003094869658373911,-0.0032357906584130625,0.001493094438223208,-0.012787544826379671,0.001376634753770034,0.007603140969712152,-0.002196193265007307,0.006997831657796327,-0.003958970667626405,-0.001222195062331899,0.005915409642117675,-0.0016134689582604222,-0.003663898387884723,-0.001848808545603875,-0.002470419971395077,0.0026999662504219035,-0.0053224408961506375,-0.0008457851705666597,-0.0020092929800326065,0.0018014411529223562,0.006104765655770006,-0.00013025921583942335,-0.005868894857256612
2014-06-03,0.014141420889885126,0.0037334540106346292,-0.00014716703458428348,-0.003276539973787629,0.0070354664610638995,-0.004237288135593209,0.0027820963914573227,-0.004627981488074084,-0.0021171489061395654,-0.001490868430860992,-0.017418577453308326,0.011060426170093063,-0.002102919346858023,0.014673514306676294,0.002838406577273078,0.004516711833784992,0.0004894762604015224,-0.005684602567872177,0.004005059021922275,-0.012257906349595449,-0.00020580366330535949,-0.015250260688216888,-0.004039044092898014,-0.00535092085614719,-0.006772009029345272,0.005159179564615535,-0.015184815184815181,0.0,-0.0006513809275665583,0.00450270162097266
2014-06-04,0.01141889673694041,0.003268710550045073,-0.004047689137474109,0.0,-0.0017226528854434875,-0.007092198581560294,-0.001631986944104491,0.0042918454935623185,0.004384724186704325,-0.008958566629339249,-0.001352545490613366,0.0036464771322619605,-0.0016115036568736807,-0.002169197396963085,0.00214717938707798,0.0014388489208632116,-0.0022015655577299897,0.009758501724987712,-0.004408985933235354,0.0007446016381236209,0.0016467682173733067,0.007677035076108618,0.0016897600540723978,-0.0008757662955086731,-0.0042613636363637575,0.00788683024536807,-0.002840332724690642,-0.0009786651008025782,0.005475166210402893,-0.0034864030281900327
2014-06-05,0.0039232672326854345,0.008088978766430666,0.011010123402054095,0.014464168310322156,0.02540504266129795,0.008163265306122325,0.009562729873314302,0.0064102564102563875,0.010139416983523386,0.008286252354049006,0.020171193296735,0.0011700227846542788,-0.001986590514030384,0.0021739130434781373,0.00525905726529019,0.01706178160919536,0.0024515812699190676,9.761811792263764e-05,0.010192605089273332,0.022073412698412787,0.0046239210850802515,-0.003415210823591086,0.004048582995951344,0.0031304783370900147,0.0014265335235379428,-0.008818780275742233,0.002644964394710181,0.01155956112852663,0.002463373525217083,0.005097960815673597
2014-06-06,-0.0027498283384786992,0.0076897358742895605,0.010451688349656596,0.010369410239792654,0.011406133133881946,0.0052631578947368585,0.005424222797927536,-0.0020051899032791365,-0.005437055625261422,0.0153156518490849,0.0019471438939338004,0.022204453192274487,0.0032346354814631884,0.018438177874186668,-0.000387521798101087,0.006003884866678355,0.0024455857177794194,-0.004782820888238226,0.006471365945306395,0.006551807813637289,-0.003375268487265992,0.004744958481613271,-0.011424731182795744,-0.0009986268880289861,-0.002279202279202197,0.0016290726817043133,0.0028409090909091717,0.006779004454774196,-0.0014226590791516225,0.01044256588761816
2014-06-09,0.016002307420395212,-0.008405220084052312,-0.002097649186256767,0.016035920461834552,0.005268996117581803,-0.001208215867901652,0.0014493920605525012,0.010282472520978692,-0.006728343145500526,0.009565857247976428,0.008303446813773263,-0.001143269751489262,-0.00037202380952383596,-0.009229676961306388,0.0003876720294631042,0.00789889415481837,-0.001951695535496567,-0.005688505296194579,0.004701327433628277,-0.005062680810028808,-0.010878489326765162,0.005772005772005651,-0.0023793337865397612,0.0007497188554292933,-0.0002855511136494737,-0.002126861003378,0.003035208417644597,0.010196229318968797,-0.002590338039113904,-0.0007874015748031704
2014-06-10,0.005869797225186657,-0.003792103502119115,-0.005146419251957135,0.005050505050504972,0.005149425287356291,0.008064516129032251,0.00779930851491506,-0.008540009358914413,-0.004939316963025631,-0.0010932944606414363,-0.004257705044416915,0.0021686746987952255,0.0016127031385684276,0.011823719097097785,0.008525479558225024,0.008359456635318674,0.003911024199462432,-0.0049319392385085425,-0.00240847784200382,-0.0038769081657379356,-0.006225357958082545,-0.004695448023998905,0.005110732538330387,0.0007491571981521616,-0.0019994287346472017,0.0006268806419258421,-0.0010086746015735004,0.001523519329651668,-0.005064277366575776,-0.0005910165484633856
2014-06-11,-0.004137931034482789,-0.006157635467980316,-0.022950819672131195,-0.020728643216080367,-0.005671942182782996,0.0016000000000000458,-0.0012765278442635752,-0.005191740412979318,-0.012480499219968966,-0.009485589201021605,-0.0014077071969029742,-0.005590286126472721,-0.011518454297745784,-0.010977337110481544,-0.007492795389049012,-0.010880829015543991,-0.0051132213294375894,-0.004559873116574131,-0.0038628681796233355,-0.006081245439065963,-0.00918772186260175,-0.015332197614991494,-0.002372881355932166,-0.0011228945726762252,-0.0037206639954205922,0.004510712943240236,-0.003029079159935444,-0.006655257653546354,-0.006003654398329505,0.004829489453971991
2014-06-12,-0.01672704027274652,-0.0059704855243888355,-0.014243102162565191,-0.0109044259140475,-0.018768975986751202,-0.015175718849840258,0.007429301805400135,-0.017910093701814844,0.01364354444923177,-0.006998158379373787,-0.014096916299559448,0.0032037719881521376,-0.01729106628242072,0.0010741138560688146,-0.007646147890050248,-0.004016064257028162,-0.01076847772883005,-0.006572395937064268,-0.009279135793920146,-0.006852667645619204,0.007586933614330826,-0.004924141602342336,0.0006795786612299182,-0.003747189607794077,0.0005745475438090342,-0.009105650492703066,-0.006684221186955552,-0.010145482388973948,-0.005646008403361269,-0.0028445316331535686
2014-06-13,-0.010943764221475805,0.002266545784224805,0.0007564868749527776,0.0012970168612191912,0.0011251758087200692,0.0016220600162206722,0.009119023075093269,0.0,0.0035420799093226485,0.0029673590504450953,0.0015192135835568887,-0.00042178838274298247,-0.004590080326405843,0.06831187410586548,0.0,0.0,-0.0012370113805048044,0.007317562149157908,0.0020269798000980277,0.016017742730409124,0.01213135327337378,-0.002006152200080158,0.0027164685908320774,-0.0015045135406219767,0.005742176284811995,-0.0032729103726081288,0.0028548123980425277,0.003674337652291637,-0.005942162947312868,0.009738343497934343
2014-06-16,0.010078878177037787,-0.00576662143826312,0.001889787587875169,-0.010362694300518172,0.0003746370703381352,-0.006882591093117285,0.010058148672009937,0.006038647342995196,0.0040943103204857945,-0.008136094674556116,-0.014366021236727144,-0.00024112363614436916,0.010631484565134075,0.004686976899899609,-0.000780259436262587,-0.002980364656381518,0.007183552142680183,0.006070255746840392,-0.00027901785714301575,0.006548629638612802,0.003926431080801818,-0.0009380863039401,0.0027091093802911193,0.0006278252134606088,-0.0014273479874394868,-0.014902753220510268,0.0026433509556731405,-0.015606936416184825,0.0007970244420829609,0.0026302971261567
2014-06-17,-0.0013015184381779399,0.003411804844762889,-0.0006790402897238756,0.020287958115183358,-0.0013107386948787436,-0.0012229922543823823,0.002256107048389744,-0.001680672268907557,-0.0057649043869517635,0.0018642803877704228,-0.0030508781459350764,0.014290021103406714,0.01419518377693274,-0.0019993335554815417,-0.005075646656905741,0.009671179883945946,0.0063944909001476535,0.0016815034619188651,0.0025816355009768976,0.004337349397590451,0.0060724578015645125,0.007243460764587706,-0.004390408645727706,-0.0013803488518007168,0.0011435105774730836,0.0021794871794871273,-0.0020279862096937995,0.011156782149148503,-0.0046456065834883375,-0.004858142246405017
2014-06-18,0.0010860121633362585,-0.0018134421398618983,0.00022650056625139747,0.0038486209108403724,0.007593512702728011,0.0053061224489796555,0.011255142435768084,0.005050505050504972,0.024041861122896302,0.0007443245254930009,0.018243237107597787,0.009749138033527505,0.008622844288927789,-0.0006677796327211327,0.008633375846168967,0.006269592476489061,0.01564027370478982,0.0007899674138440727,0.004454032987681877,-0.0007197696737044623,0.01984654731457791,0.014915434811559436,0.007801899592944306,0.0026388539834130142,0.0051399200456880845,0.01330433670205955,0.004267425320056972,0.007355787843592809,0.009467929057207725,0.003026752587385273
2014-06-19,-0.003471468865263727,0.007721130918587615,0.002566425120772875,-0.006389776357827448,-0.0021399330107927383,0.0032480714575722214,0.013125575683144097,0.002273271117492204,0.011324402706808456,0.0014875418371140814,0.007723040702029893,-0.0007653361591900554,-0.003345310370462151,0.005345806882726345,0.009726680284019018,-0.00830737279335414,0.0055341674687199305,0.005525407005426697,0.0011085706367353065,-0.003361344537815114,0.004714615307453096,-0.007479333420810863,-0.004039044092898014,0.005639804486777589,0.004545454545454408,0.016412069183184164,0.0010117361392147917,-0.0003843197540353005,0.002245706737120212,-0.0009734254842792556
2014-06-20,-0.0103418245155672,0.003943661971830936,-0.005420870350850815,-0.006430868167202619,0.019860139860139903,0.004856333468231444,0.0026517160390937544,-0.011340575384982676,-0.012426601119759795,0.001485332343111656,0.0027080125311951253,0.0006480881399870686,-0.00335653903530575,0.0036556995679628557,0.014064155669010647,0.0043630017452007674,-0.0023929169657813665,9.812579727208615e-05,0.004636999100283701,0.004095398699108799,-0.0016972843450479003,-0.007139079851930297,0.006421088205474934,-0.0038634097706877757,0.0008484162895927572,0.011178735560799735,-0.0016171417020416357,0.016724336793540795,-0.002504283643073646,0.011692487576731914
2014-06-23,-0.0008799912000879706,-0.00011223344556665626,-0.009462528387585212,0.012297734627831902,-0.005485463521667566,-0.005235602094240788,0.0048360284116668595,-0.0007244626901713458,0.00041482300884965184,-0.010752688172043001,0.0137153145520017,0.0023551577955722713,0.005862542098041601,0.000993377483443636,-0.004939678920870105,0.011120764552563056,0.0009594627008875367,-9.811616954480407e-05,-0.0073711766326811645,0.007437619961612407,-0.0036003600360036137,0.0046604527296938425,-0.011081262592343877,-0.005129488302264562,0.0,0.0009826802604102625,0.006883984612269689,0.001701644923425949,0.0014534883720929148,0.005297120292786284
2014-06-24,-0.0060552680832324235,0.0017959366932314147,-0.012991975544516587,-0.009590792838874651,-0.008917080345651751,-0.006882591093117285,-0.00909911264851837,-0.0009666505558240113,0.00013821700069116538,-0.0037481259370315545,-0.003047240940987961,-0.0118068609022558,-0.0026041666666666297,0.00893152497519023,-0.0015274463007159955,-0.013232514177693666,0.0028756290438534116,-0.0043175350799724566,-0.006940106877645902,-0.005834722552988891,0.011040851149252351,-0.006229290921139774,-0.005093378607809784,-0.006413480885311795,-0.002825656965244505,0.003067861087249879,-0.009048863864870249,-0.00924877312193273,0.002374983507058781,-0.015807625981988815
2014-06-25,0.0008861320336730483,0.0003361344537815558,-0.016182733255904025,-0.0012911555842478606,0.005843613764956901,0.0077456176110883845,-0.004098049631934608,0.014755684567005378,0.009397457158651257,-0.0060195635816402415,0.02338701226115214,0.0008916364500981544,0.0012433171702099788,0.012459016393442601,0.011186537909934069,0.0019157088122605526,0.002628434886499331,0.001379718143293518,0.003913620798099204,0.00682716492993185,0.010126079618782757,0.019871965857561902,0.017064846416382284,0.003923553980508698,-0.0008500991782375289,0.007340347443112405,0.0026379870129868976,0.0020956372642408905,-0.004607081742793118,-0.00574321035724723
2014-06-26,0.005976095617529875,-0.007280465949820902,0.007555485597355638,-0.003878474466709747,0.0007377351530799547,-0.0028317152103559673,-0.002362264726053498,0.006555423122765136,0.0017798466593645923,-0.004920514761544426,-0.0019797586742442697,-0.00219741061883838,0.0027319011548490035,-0.0032383419689118176,-0.0010400907715581997,-0.0024335129497653485,0.0016682554814109185,-0.0009841551028441087,0.0005569091541941518,-0.007375684035213048,-0.003439803439803435,0.005100039231070941,-0.007046979865771852,-0.008825012607160732,0.0,-0.0006072382803011811,-0.004047763610605104,-0.004372623574144585,-0.009389050515736685,-0.001076953201488151
2014-06-27,0.011881188118811892,0.004400315920117359,0.004061865333541581,-0.005191434133679396,0.0023958717287135833,0.0020283975659229903,-0.004277421326000397,0.010065127294256904,0.007243405767391131,0.0053252187143399965,0.0015732681225097966,-0.007320992798047654,0.004705882352941115,0.004873294346978474,-0.006247042120208324,0.0024394493814252627,0.0038068046633357167,-0.000492562309132194,-0.00027829958950809086,0.012703739213806298,0.001972386587770991,0.010668748373666492,0.0027036160865157033,0.0050877639277535636,0.0042541123085648724,-0.0035241220075343804,0.0022353180247915994,0.010120297880465978,0.005740221599252582,-0.0080368519063021
2014-06-30,0.010328332246140493,0.010784093462143485,-0.010191380115139204,0.002609262883235486,-0.0010112152969296018,0.006072874493927127,0.0014575023013194688,0.005158264947245028,0.006648575305291615,-0.00567536889897835,-0.0017415356246479607,0.00395730902985969,-0.0020954024405275273,-0.0009699321047527132,-0.003524145156681535,0.00156440118199197,0.004029390850912584,-0.007096392667060858,-0.0031317419444637506,-0.013017751479289852,0.008661417322834764,-0.0016735324407828323,0.0003370407819345278,-0.005441660339154497,-0.0014120304998587185,-0.0030487804878048808,-0.007907542579075444,-0.006427221172022657,-0.0035837536501196476,-0.005236636695978514
2014-07-01,0.006348864736898552,-0.0030006668148478965,0.007230998978228431,0.014964216005205033,0.004601085856262177,0.009255533199195032,-7.659900421308485e-05,0.008514112432936871,-0.007548187087208502,0.004566210045662045,0.011664699745155493,-0.003762541806020092,0.010622529644268797,0.0025889967637540146,0.01194800229401638,-0.0008677542519958115,-0.001652502360717678,0.0025809013301569816,0.009215302987992224,0.004076738609112507,-0.010050741608118696,0.005802707930367523,0.013477088948786964,0.008779742969843518,0.0033936651583710287,0.0017125382262996869,0.008992438176987472,0.003044140030441289,0.002797389103503578,0.006754072308303494
2014-07-02,-0.00042771599657820403,0.0003344108795007017,-0.0041357783847054685,0.01602564102564097,0.0035724100027481054,-0.001993620414672881,-0.002374751034165845,-0.00034694113565403306,-0.01914980306940106,0.007954545454545547,-0.0012003584168794879,0.00047958755470278724,0.001955512099731216,0.0,-9.445546424868834e-05,-0.010422094841063045,0.0,-0.004653465346534658,0.004634753735473174,0.0007165034631000378,-0.017249876786594398,-0.0026923076923076605,0.009640957446808596,0.003531786074671972,0.00535512965050744,0.007326901941628883,0.005874012558233721,-0.0011380880121396597,0.0045164718384698155,0.002071823204419898
2014-07-03,0.005883611467693672,0.0030086917762426335,0.0069738285535181355,0.011356466876971671,0.013873676524278844,0.006392329204954139,0.007371573370191342,0.0046274872744100914,-0.011492661312655805,0.009394964299135555,0.0038931581976371366,0.015399364851099717,0.0008538667967796787,0.005164622336991664,-0.004156433024749662,0.0014042478497453548,-0.0014187751241429014,0.004476275738585445,0.001239413344350293,-0.0023866348448687846,-0.014844533600802401,0.008484381025838816,0.0052683569311819944,0.005279034690799378,0.004765909728062789,0.010425506121954253,0.001006846556584895,0.0064565134827194726,0.0017191219254164558,0.010042335335236796
2014-07-07,0.020610443475486573,0.007999111209865628,0.0045132674500039105,-0.005614472863381237,-0.008282319049333853,0.0015879317189360087,-0.005488223187743002,-0.0028788576692768686,0.002661437176075143,-0.004095309009679804,-0.003911782558845389,-0.009913843974979408,-0.00767824497257763,-0.0035324341682723137,0.009960159362549792,-0.006660823838737895,-0.002131186360407211,-0.008021390374331583,-0.0034385530568736833,0.00454545454545463,0.0026471187130931995,0.002549394518801762,-0.0013101867016050983,0.0026256564141033945,0.005022321428571397,-0.013557288542291435,0.0008046670690002866,-0.009433962264150941,0.00422442244224408,0.0005848523247879989
2014-07-08,-0.0064396465488497645,-0.00407803372644111,-0.017817026880470932,-0.02258469259723961,-0.006354393609295572,-0.00634165675782794,-0.004368820418486963,-0.008430534703776416,0.010338083263481401,-0.014205607476635462,-0.02092220190940486,-0.017105733698891457,-0.008106116433308719,-0.007734450531743486,-0.0070442378134686345,-0.016057878948297244,-0.0047460844803037805,-0.0007986423080762473,-0.0024152922503622998,-0.005001190759704732,0.004264825345247747,-0.01246026700572156,-0.011151197113807854,0.004614041651078704,-0.01277068295391448,-0.00352712235465813,-0.019899497487437245,-0.004761904761904745,0.007624556329696608,0.001753531417437726
2014-07-09,0.0004195070791819244,0.005644090305444882,0.0,0.0012836970474967568,0.006212315000913682,0.014758675708017588,0.01147036181678196,0.01583973911017944,-0.0029037610619467857,-0.0018960940462646736,0.008575380359612694,-0.0014553392759687478,-0.0003714710252600284,0.0032478077297823926,0.003026863412788572,0.004662840746054719,0.00023843586075367185,0.009791187930862089,0.0008301051466519382,-0.002632838678793714,-0.0007077856420627526,0.01313248358439556,-0.0033167495854062867,0.013778550148957347,0.0025309336332957066,0.009886488465763232,0.0028712059064808226,-0.0011483253588516762,0.007305936073059183,0.007001847709812381
2014-07-10,-0.003721564105252151,0.005942555298778407,0.0,-0.01025641025641022,-0.007081895769021296,0.0,-0.00867645939569206,-0.00412749369410681,0.003882956594092324,-0.00455927051671734,-0.005691168403730185,-0.007590939454666934,-0.016474668648581714,0.011977986403366891,-0.0022632968691060906,-0.008211353088182771,0.007389749702026105,-0.004848125061838293,-0.005460326237213264,0.00035997120230391033,0.005666295659212839,-0.01512263311729567,-0.0016638935108153063,-0.000734663891269749,0.0014025245441795509,-0.00797679477882518,0.015132924335378384,-0.0072810883310978625,-0.0019427535293354836,-0.009464027040077316
2014-07-11,0.001946651233756036,0.0025161360901433394,0.010253174540578947,-0.0038860103626942033,0.00548646671543529,0.0031446540880502027,-0.013666026871401171,0.0003453833755469038,-0.0031772344246443485,0.01335877862595436,0.011395765809254499,0.008444498837351766,0.002644836272040152,-0.0003198976327575265,-0.006616257088846944,0.004319654427645592,-0.006862281116895352,-0.0020878902366274765,0.002918896379178637,0.0097157250809643,-0.004225777241171125,-0.0027096774193547946,0.0023333333333332984,-0.005514030143364823,0.001680672268907335,0.009624756335282703,0.013698630136986356,-0.00617641381972589,-0.0031144562678433463,-0.008092034708004237
2014-07-14,0.012917454316320187,0.0036010475774770345,0.011164025294714719,0.012353706111833507,0.0011822480902146104,-0.0031347962382444194,0.006149295555382572,-0.0014961445505811133,-0.008592017738359048,0.004143126177024392,0.012971959430665647,0.013349514563106624,-0.00188418540384383,0.007679999999999909,0.002664129400570925,0.008781362007168392,0.009768882535144296,0.0009963136395336747,0.004781373432194647,0.001187930624851452,-0.01566131150853789,0.008539267693103758,0.005653475224476123,0.0019714144898963504,0.002796420581655523,0.016893930252202205,0.0041732909379967875,-0.003495824431928529,-0.0035147097110127534,0.009239237271476464
2014-07-15,-0.01171591498185598,-0.003696857670979714,-0.00324274243360112,0.015414258188824581,-0.0021800345172132696,0.009040880503144777,0.0,-0.0070308898109727735,0.006849315068493178,-0.0018754688672167896,-0.0020193181435735896,0.012994011976047881,0.005033979360684615,0.0069863448713878284,-0.019927880053140945,0.035174986676141495,-0.006606890042472946,-0.0016920473773265332,0.0004137931034482456,0.007356430944470915,0.009238349414904423,0.0010262989095572994,0.00562169312169325,-0.0007378258730937892,0.010596765197992353,-0.004390649104070166,0.0035622402533148634,0.0007795751315533561,0.0037883736120183364,-0.0028243085313596206
2014-07-16,-0.005665127989928576,0.004583651642475095,-0.013013168086754345,-0.018975332068311257,0.014110150204824867,0.012076353720295918,0.01261024292124402,-0.009286128845037878,0.005414410662224034,0.015407741450582435,-0.004114254881462109,0.00768457764379038,-0.0025043826696720117,0.0927152317880795,-0.010263361735089127,0.0075510554316113865,0.00047505938242276,-0.010269192422731832,0.007652006066455108,0.038398115429917334,0.00406834825061031,-0.014225297962322192,0.018086155869779796,-0.003937976864386017,0.005794701986755024,-0.0016686531585220488,0.004929994084007072,-0.003505355404089583,0.00026028110359188616,0.013477878699091672
2014-07-17,-0.01783182105929526,-0.013145029875067826,-0.012086014754355778,-0.01998710509348811,-0.011041292639138223,-0.013471901462663638,-0.006188402475360788,-0.0037492677211481418,-0.0008285004142501995,-0.015173945225758656,-0.016592733060173948,-0.001935824485246762,0.005272407732864748,-0.02741702741702734,-0.01809821952651136,-0.01447794242888778,-0.0023741690408355387,-0.00906618313689933,-0.01799274816993912,0.01020871143375679,-0.011547811993517065,-0.005070202808112323,-0.007428940568475428,-0.004818383988139385,-0.011522633744855959,0.01611747851002865,-0.012558869701726816,-0.009575923392612928,-0.003252667187093383,-0.014069576949021778
2014-07-18,0.014395761516555527,0.01794363716424474,0.01398156974896736,0.019078947368421195,0.0,0.010924697619976609,0.0023831488314880467,0.009173232976596557,0.01036484245439473,-0.005636978579481311,0.0418201852553286,0.0078170918067475,0.0,0.0,0.014247285045332125,0.006394745938472113,0.009757258448357842,0.006302734573548685,0.008987041939529261,0.003593083314619383,0.012297601967616423,0.012936103488827788,0.0,0.0,0.0038856508465168194,0.004817295264951227,0.00854531001589831,0.011838989739542338,0.006265500587390838,0.004105170560062543
2014-07-21,-0.005199618765223013,-0.006596734075916544,0.005170792854904516,0.0019367333763717909,0.0005446128710175913,-0.002315708220764101,0.006902369813636122,-0.0008157557394243842,0.0034195048556968644,-0.01814058956916098,-0.011022789244930609,0.0014579809879278205,-0.004620379620379644,0.010682492581602254,-0.005206286836935137,0.00017173278378845858,-0.0007070469007778302,-0.014546923931710198,-0.003659462818476844,0.003244573730140976,-0.001012350678274876,-0.009029927760577983,-0.01236576635209885,-0.003351955307262511,-0.005805916505391195,-0.005378858746492021,-0.0009852216748768017,-0.0044851794071764095,-0.0041509923466079846,0.0034069891949770614
2014-07-22,0.00831390583250835,0.011103853690398457,0.011223694466095058,0.0,-0.001542229882972035,0.003868471953578201,0.009825576967019689,0.005481688826685316,-0.000954198473282375,0.0015396458814471714,0.00857228794866649,0.019217330538085386,0.010412746204993217,0.02143570170287723,0.011849511207662644,0.0073832417582417875,-0.02853773584905661,-0.013121476166068735,0.00568260568260559,-0.000111520017843314,-0.003344142683421314,0.002863837542306902,0.004612850082372333,-0.0022421524663678305,-0.0005561735261402356,0.011638843169527346,0.005522682445759264,0.00587659157688547,-0.0016933698059137248,0.004462553356616272
2014-07-23,0.026076858108108114,0.0008613264427217437,-0.02335440110991227,0.0,-0.015264401235689729,-0.010404624277456587,0.0098054005128978,-0.001971929010555429,0.001500886887706443,-0.004227517294388861,0.002684030021372852,0.010284538909838714,0.005959771542090708,-0.008338579078531083,-0.0027325070752415304,0.005624680415885486,-0.009225540179655156,-0.009556455801391972,-0.003031973539139976,0.0008922596475573474,0.00142348754448407,0.004283489096573279,-0.003279763857002238,-0.0013732833957552648,-0.0016694490818028873,-0.0012783265543289124,-0.0013730874852883046,-0.0003894839337877931,0.004566805845511501,0.006857253235464489
2014-07-24,-0.0016462599032821545,-0.006346815834767483,-0.018230605319232818,0.006443298969072142,-0.03081749400258338,0.005841121495327117,0.007245294293397153,0.008833100883310019,0.00858310626702985,0.0011578541103820505,-0.003602174523703372,-0.0031670625494854,0.002221673660824486,-0.007246376811594235,9.785693316377575e-05,0.0028813559322034,0.003920607694192446,0.0,0.0031103124136022675,-0.010474704702473803,0.0023352624631942653,0.015897634742148004,-0.0016452780519907728,0.0033754219277410957,-0.010590858416945403,-0.0030253665347915737,0.0027499508937340877,0.005065263978180523,-0.008312767891934025,0.00028776978417277554
2014-07-25,0.006606204266721649,-0.0016239038648913073,-0.009646302250803873,-0.001920614596670922,-0.0018088347296268958,0.005420054200542035,-0.009492028179458711,-0.006566820276497576,-0.0110765905713901,-0.005782575173477356,-0.008175652145072099,0.01894927947350511,-0.0020935960591133007,0.0,-0.0008806262230920403,-0.0027040730099713306,0.0007322431047107614,0.0038804404824330785,-6.890374147305867e-05,0.0022522522522523403,-0.002735008103727621,-0.01119592875318065,-0.004943968358602446,-0.008721654622476982,0.0011267605633802358,-0.011671335200746924,0.004505386875612194,0.0001938360147315521,-0.004977079240340521,-0.010548523206751037
2014-07-28,0.013811673884776443,0.0019518542615486467,-0.001136363636363602,-0.0057729313662604476,-0.0066762041010967055,-0.001925298421255217,-0.0024706146589802414,0.010669140670300337,0.016118016664390167,-0.007754943776657641,0.0015716960941678515,-0.020322939866369794,0.0004936443292606896,-0.0005839416058395219,0.0,0.0030503304524656105,-0.007804878048780495,0.0006268282490597965,0.0028252480705621696,-0.01191011235955064,0.011477907567293055,0.008749356664951247,-0.0029811195760185427,-0.0037707390648566985,0.023072594259988755,0.01263580538497866,0.0058502340093602445,0.0,-0.0034224035803607222,0.0006784260515602103
2014-07-29,-0.006463340739244594,-0.00054112554112562,-0.006013326832439492,-0.010322580645161339,0.005184829572731475,-0.00810185185185186,-0.006154308015611121,-0.010900745840504933,-0.00551149348030644,-0.0054708870652598884,-0.008463824246268792,-0.0023302074452969945,-0.0011101517207350309,-0.0011685655857435195,-0.0014690040152777195,-0.009292110153742095,-0.008112094395280156,0.0004176237210271605,-0.010375867518724546,-0.0019331362292471788,-0.011849769029925628,-0.003826530612245027,-0.012292358803986714,-0.007696189755235894,0.006325632563256356,-0.017259475218658893,0.007561070182241281,-0.0011627906976744429,-0.003566239598467802,0.0029055690072639084
2014-07-30,-0.002337873551534808,0.04223064428803469,-0.0002452583387834162,0.015645371577575062,-0.012513134014710103,-0.003111629716063824,0.0008306902280623696,0.011716937354988355,-0.012570965125709765,0.007465618860510892,0.0025086286724471663,0.001253275606699411,0.009632007903185968,0.004679730915472469,0.0033346410357002476,0.004604365620736628,-0.018091697645601035,0.0013567104988521095,-0.0019441744202194355,-0.006984163153697209,-0.02093495934959355,0.01933418693982092,-0.015808947191389144,-0.006230133502860946,-0.006285870456408937,-0.015663937344250534,-0.0040407927650567554,0.010865347303065542,-0.008748674443266102,-0.002897151134717446
2014-07-31,-0.025980641874681742,-0.0193246753246753,-0.01480088314661876,-0.021181001283697043,-0.02544012381505123,-0.015606710885680775,-0.02482456802233446,-0.015250544662309351,-0.012594113620807645,-0.019110764430577354,-0.026686148058578718,-0.016442876649977123,-0.011130136986301498,-0.013391557496361006,-0.02160312805474085,-0.021049057884909073,-0.00832912670368502,-0.01448671182907768,-0.019827466258522497,-0.009603359454777083,-0.02543076603695249,-0.031151865343549856,-0.019138755980861344,-0.010747185261003156,-0.02117711771177111,-0.022905364677516693,-0.02588871715610508,-0.02303262955854135,-0.016047071409467817,-0.041743341404358425
2014-08-01,0.00554393305439338,0.01239538086661729,-0.0008300132802125937,-0.017704918032786843,-0.0022828784119106604,-0.00911613158937774,-0.010368307025688694,-0.005822077317186758,0.0009704699847499221,0.007952286282306265,-0.01026658614442233,-0.01515589749522761,-0.013605442176870652,-0.004278548244319946,-0.0018982915376161147,-0.020634645396219953,0.0027996945787731597,-0.0027495769881556997,-0.000993683015118041,-0.0069508804448562556,0.0017041218447118034,0.02191105925061576,0.0055749128919859725,0.03013450594930167,-0.007305422871593303,0.015052436767427402,-0.011701705672352292,-0.01080550098231825,-0.0005436259853219827,-0.0014149989892864312
2014-08-04,-0.005617393113492075,0.0,-0.0037381624854626594,0.004672897196261738,0.012833267011540084,0.006599999999999939,0.0021110242376856103,0.021784961349262222,0.0,-0.0031558185404340078,0.015115062761506204,0.00845814977973558,0.003510971786833794,0.009038376055712005,0.0026026026026024773,0.003009915014164255,0.0,0.0001060445387062181,0.0,0.011899206719552025,0.0,-0.021060644506470383,-0.003811503811503747,-0.005398618957941026,0.003679592414378874,0.0,0.0076259281557296,0.012711022840119268,0.0,0.013461538461538414
2014-08-05,-0.004916832304634355,-0.00805776475512765,0.011173184357541777,-0.0033222591362126463,-0.0030448875356056115,-0.007748857540234466,-0.02504486229226799,-0.005616689591930291,-0.01689750692520775,-0.009893153937475252,-0.015680010991464433,-0.013221503873260043,0.0,-0.03612334801762107,-0.0033945686900959116,-0.010414827890556033,-0.005583756345177604,-0.009330929911992358,-0.006891651865008841,-0.006686649757897123,-0.015523657628920717,-0.0031104199066873672,-0.011826086956521764,0.002398384246402374,-0.009870276367738295,-0.015558526801993433,-0.010953993228440595,-0.011570896254167518,-0.002719608376393845,-0.019274942574652898
2014-08-06,-0.001682085786375187,0.009072686992298795,-0.024160963140100522,0.013333333333333197,-9.852216748773568e-05,-0.0016019223067680333,0.0061619718309859906,-0.0018443804034581346,-0.01606086221470837,0.016786570743405393,0.002355445440904491,0.0018887970723646674,0.006122703986005229,0.0007617306520413258,0.008916048887998462,0.0030324652158399967,0.018887187340479894,0.00042812801027491965,-0.0016454428387465692,-0.00789229340761366,-0.0025920725780322895,0.0028601144045761195,-0.00457585357268564,0.021156025689459845,-0.013956137852463746,0.00629707371280408,-0.010672573499798554,-0.006746031746031722,0.011726206708481124,0.007942973523421548
2014-08-07,-0.005054759898904693,0.016623105070569633,0.012675342234240272,-0.0052631578947368585,0.004433934377771287,-0.0028078620136382515,-0.0006362841008510367,-0.012472571890518536,0.010882016036655173,0.002358490566037652,-0.0046650072237985896,-0.0037704724873336426,-0.0006209637357178499,-0.005023595676663106,-0.007745010425975418,-0.005690912324382014,-0.01427855711422843,-0.0017117791804857063,-0.0030096739519887006,0.01146467009826857,0.017541959935029938,-0.010241120041483143,-0.008486562942008558,-0.01171537797508948,-0.011842865395724878,-0.027484662576687025,-0.009769997964583887,-0.007191370355573268,-0.003369272237196741,-0.007173166296221556
2014-08-08,0.0027519051651141435,0.008946935417523783,0.006592122830440417,0.005291005291005346,0.013144987247400541,0.00683829444891404,0.017588539594110664,0.015670681791603247,0.01628895184135981,0.006274509803921635,0.010720344170266571,0.018687167356593815,0.024356903193736956,-0.00244798041615657,0.011508055638947079,0.007690931854766658,0.0025412960609911828,0.0025720715893258195,0.012362538632933129,-0.000693962526023495,0.015749707353410747,0.009299279633268043,0.010699001426533572,0.010107312203643692,0.007600116924875611,0.010850365884431001,0.0010277492291881352,0.006036217303822866,0.009736308316429909,0.014958787015365793
2014-08-11,0.013194004644289548,-0.0008154112730608398,0.0014092680096162713,0.0013157894736843812,0.011812548412083679,0.007990411506192618,-0.0011731581417175896,0.007484168105929889,-0.0023693379790941105,0.00506625097427893,-0.0011938955600928614,0.0011610356437943281,0.005459177483925659,0.012883435582822234,0.000791452314998109,-0.00035498757543495074,0.003041825095057016,-0.000213789417423782,-0.0019169329073480679,0.0,-0.005866946045049781,0.0,-0.00317572335920957,0.006547251389746878,0.0,-0.003120319520718895,-0.0006160164271047375,-0.0021999999999999797,-0.0041516003749833,-0.010126328453980205
2014-08-12,-0.00020835503698302116,-0.013465265734979193,-0.0027317880794701654,-0.0006570302233902536,0.0111004784688995,-0.0031708283789140257,-0.004854749040795525,-0.003314285714285825,-0.009080748812517303,-0.006979449398991866,-0.008886964053702928,-0.0007537979821408136,0.00048262548262556493,0.0033313143549362767,-0.005239224990114644,0.0005326704545454142,0.0027798837503159035,0.00032075269966846953,0.0021340162185230493,0.007407407407407307,0.00010538518284342047,-0.004282377368284407,-0.00601769911504435,-0.0007363770250368162,0.004931824775166849,0.004382120946538004,0.0034929114444215426,-0.002204850671477243,-0.0018827326519634813,-0.0024308720753570823
2014-08-13,0.013233302073564657,0.005170096163788607,0.012534240889848114,0.002629848783694877,-0.004732159757713461,0.001988071570576677,0.0040129042410890214,0.004471964224286307,0.0,0.008590394377196331,0.0217436901349366,0.00023211280682411406,0.002411963338157186,0.02927859945668576,0.011030507800854572,0.0065661047027505415,0.0065524193548387455,0.004275331338178701,0.006530380465644692,0.012867647058823373,0.008956796628029506,0.006777010295842434,0.004629629629629761,0.0007369196757553986,0.0014434180138567232,0.01608077786088269,0.0016380016380015405,0.0042185616713539265,-0.0025599568849365983,0.006091989034419765
2014-08-14,0.002673796791443861,0.00349758255323529,0.017461878996556823,0.00459016393442635,0.004754659566374997,-0.02619047619047621,-0.005015673981191182,0.01152968036529689,0.016213167912025872,0.0019357336430507743,0.00015396195429051573,0.0020885304867435117,0.008902791145331879,-0.004692082111437013,0.0027521132298014006,0.004583921015514747,0.006009013520280382,-0.0031928480204341803,0.003808180535965988,0.004310344827586299,0.004595300261096558,0.0006472491909383926,0.018433179723502224,0.005768286696121727,0.0063418852695300565,0.0038032143295299026,0.0016353229762877675,0.007801560312062472,0.0048628934215857456,0.0
2014-08-15,0.00492307692307703,0.006765761148129101,-0.0076545000402868935,-0.00652741514360311,0.0007571455612340738,-0.004482477587611999,-0.0067737870195336836,0.007561223338223622,0.00013873473917880297,-0.009273570324574876,-0.0016077995381851284,-0.004805187286516466,-0.002027188170760863,0.006776664702416113,-0.008331699666731973,-0.004036504036504018,0.017421602787456525,0.0013879991458467522,-0.0029506814669103543,0.01174610345606486,0.0019752573032538745,-0.0021992238033635703,-0.0031326139923425478,-0.002074435631482685,-0.00486966485247764,-0.004277682718161757,-0.004081632653061273,-0.003374354902739185,-0.0065869068423174415,-0.0006055101422949294
2014-08-18,0.012043274137579107,0.015986152123001807,0.014777525170510009,0.015111695137976167,0.011726877246075462,0.008186655751125649,0.0015860428231562196,0.00772849462365599,0.0,0.016770670826833145,0.015401483613438183,0.015415939499709097,-0.0011948858883975566,0.0070237050043897575,0.015123060195710192,0.00845814977973558,0.011497064579256255,0.004904574048405941,0.01550169109357391,0.007144451886581749,-0.002490143183232929,0.01841047582004407,0.006983240223463749,0.00807043286867204,-0.002590673575129654,0.010678777464097289,-0.0004098360655736544,0.009559848635729784,0.007983761840324677,0.004947995556901841
2014-08-19,0.01381605486083104,-0.007215874924834664,0.004800768122899646,0.0,0.0029912133108991323,0.00040600893219666645,0.010530482977038735,0.0013337779259754434,0.010958524067138153,-0.0007671653241273502,0.007440526404589143,-0.003380120309366963,0.05550903218088288,-0.002034292356872802,0.0025316455696202667,0.005766206535034124,-0.002176541717049618,0.002122015915119402,0.0009020260893699561,0.004876967412990485,0.012273767422508852,-0.0005092297899426113,0.0034674063800277377,0.0030325084910238775,-0.0049062049062049695,0.01372358513480676,-0.0016400164001639794,0.0033537186821859244,0.005235602094240788,-0.0003014469453376245
2014-08-20,0.0003978911767630322,-0.004037956793862318,0.014094601051122702,0.0045307443365696365,0.0037278657968313755,0.0028409090909091717,-0.001096920786648914,-0.002775002775002755,-0.0016465422612512715,0.011900191938579496,-0.0028470466078277523,0.0004023913543342861,0.028561713702822233,0.004659289458357474,0.00242812742812748,0.001389854065323215,-0.0002423654871546166,-0.0027527792482795466,0.002426343154246169,-0.008382969335980484,0.004315659679408057,0.005094892370398618,-0.001727712508638568,0.0014512032893940763,0.0014501160092807996,-0.00047921408889406436,0.002464065708418728,-0.00019661816751859185,0.0010683760683760646,0.0021107649009952656
2014-08-21,9.94332305856993e-05,0.0027366713967160727,0.0011778563015312216,0.04123711340206193,0.002506963788300842,0.007284500202347166,0.003451251078516071,0.0060106856634014605,0.003848268279274425,0.0026555386949924653,-0.005021749718681301,0.006435672010572935,0.0044077134986226785,0.018840579710144967,0.009495203953105325,0.014920194309507195,0.003878787878787815,0.0036097250238880108,-0.0006915629322268302,0.006006674082313701,0.002762430939226679,0.0003801799518439175,-0.0024229837313949343,0.005675643038280498,0.0031856356791195584,0.0040752726836867925,0.001024170421958237,0.008652900688298937,0.007870864461045901,-0.004212637913741268
2014-08-22,0.007357327500497002,-0.00808652582634195,-0.00031372549019614837,-0.0018564356435644136,-0.006112809113642648,-0.009642426677380578,-0.006409755334948808,0.0012170834255367247,-0.002327491785323099,-0.01059402194475978,0.0002025589953074114,0.0018270054239222233,-0.0013165112452002692,-0.00597439544807965,-0.010461656588924062,-0.00017094017094010372,-0.0070031393383240825,-0.0008462921823759739,-0.0025605536332180545,-0.001547987616099089,-0.0037751249872461923,0.004433747149733991,0.00346981263011803,0.001320845341018284,-0.004041570438799047,0.00011937447773679999,-0.004706363822385873,-0.0021446675765256495,0.002382528127068184,-0.007856567284448057
2014-08-25,0.0021713383339914127,0.007846733924386173,0.006825670798682015,0.009919404835709855,0.006150405367626455,0.0020283975659229903,0.005743057194556034,-0.0012156039341363334,0.0015095375325921978,0.0019120458891013214,-0.003324670064468127,0.013677551718242364,0.001867516203449382,-0.0037206639954205922,0.0012609117361785938,0.01453239870063272,0.007052529182879352,-0.0001058761249338458,0.00395476306112541,0.00044296788482833804,0.005428103236378545,0.009080590238365494,-0.0003457814661134151,0.001798776831754445,0.00028985507246370723,0.005490570541895279,0.010485197368421018,0.005275498241500642,-0.0005281922619834178,0.002538071065989911
2014-08-26,-0.006411266495962242,-0.0030333670374116384,0.002103950751967343,0.0024554941682013443,0.0008335648791331085,0.00445344129554659,0.0032071339173966873,-0.003983182119937978,-0.00904357358180341,-0.007251908396946449,-0.004148534466701714,0.00016866250632485702,0.004714912280701755,-0.00028727377190473913,0.0020342923568730242,0.006740815638692332,0.0045882637044194485,-0.0034942820838627098,-0.0006910850034553828,-0.003652866947088773,-0.014770296424569618,-0.006624171978502735,0.016949152542372836,-0.0019152501795548504,-0.0002897710808460463,0.010446343779677125,0.0020345879959309254,0.0021379980563653866,-0.0022460034350640923,0.009012658227848025
2014-08-27,0.012300647245983232,0.0020283975659229903,-0.0031104199066874783,-0.007960808328230207,0.004534517860447895,-0.0004030632809349788,0.003040935672514511,0.0038880248833592645,0.008434734513274478,0.0046136101499423265,-0.008705706318438367,-0.0005059021922428908,0.002619229509985832,-0.0002873563218390718,-0.002126836813611699,-0.0025108804820890285,0.0,0.00573796620975453,-0.004564315352697079,-0.002999666703699666,0.0017576509511993965,0.003019627579265105,0.003061224489795844,-0.0008395298632765114,0.007246376811594235,0.014802631578947345,0.003654822335025454,-0.00426687354538402,0.004369703389830448,-0.001103974307506972
2014-08-28,0.0011749730735337582,-0.0002024291497975117,-0.008502340093603622,-0.011728395061728292,0.0009212344541686956,0.002016129032258007,0.0008550995024876329,0.006307402899192072,0.005210475798711034,-0.004592422502870175,-0.004596912521440788,-0.0008998369045610799,0.006966365516490658,-0.004024144869215318,-0.0026157721371826703,-0.007215975834871768,0.0007211538461537881,-0.005388272583201292,0.0002778935667637761,0.00022286605749965993,0.0066054288368253555,-0.011289513296537934,-0.003730077992539771,-0.0033609410634978243,-0.0002877697841725535,-0.00046307015512836447,-0.0004046125834513692,-0.0037008180755746523,0.0006591957811472593,0.00040188887772529824
2014-08-29,0.0024449877750611915,-0.0018222312208949765,-0.0024388325072771666,0.004996876951904872,0.0038656235618959034,0.005633802816901179,0.005436893203883297,-0.011656036947437887,0.009275678625016992,-0.0011534025374856371,0.003515301902398571,0.008218406980016857,0.010701545778834642,0.007792207792207906,0.007576493443419041,0.00490196078431393,0.0021619024741772463,-0.004461440407903194,0.00013890818169204344,0.01225490196078427,0.009432994975904885,-0.003425526516112609,0.00034036759700484254,0.0009635071660845096,0.0063327576280944875,0.00393791985174885,0.00829791540174063,0.005669599217986265,-0.005270092226614009,-0.0011047504268353325
2014-09-02,0.007804878048780495,0.0018255578093306912,-0.010410094637223977,0.011187072715972635,-0.0013752635921884249,-0.004401760704281665,-0.014754731556585465,0.01023587004895421,-0.007298283551831264,-0.005003849114703529,0.010766536163197893,0.0036848863826699496,-0.025133689839572093,-0.010022909507445665,-0.0035669526655741635,0.0037005887300252116,-0.0019175455417065335,-0.00981647460520707,0.0015277777777777946,-0.007484041382346374,-0.012392077196546447,0.00929344366645446,-0.004423273222184387,-0.001564192034652856,-0.003432494279176135,-0.003345639132441236,-0.0010036130068244997,0.0025272161741836108,0.0033112582781456013,-0.00975266438769351
2014-09-03,-0.04220716360116161,-0.006782749544442246,0.003665922856232129,-0.010448678549477508,-0.004223283143591661,0.006430868167202508,0.0025090167790495777,0.001541850220264429,0.005582028590878085,0.003868471953578201,0.0015119854577578806,-0.0009456527785504099,-0.023587493143170657,0.0,0.0038699690402477227,0.0005027652086475598,0.00336215177713739,0.0036637931034482207,-0.002773540424351739,-0.0028831226436016877,0.0038054098529258784,-0.005802219979818446,0.004784688995215225,-0.0009640877319836427,0.003731343283581934,0.004630165528417773,0.0022101667671288183,-0.0003878223773512435,0.0034323432343235094,0.006295055335567179
2014-09-04,-0.008287851222963383,0.0049943940474976856,-0.0038113387327298742,0.0006211180124222615,0.0033191960169647317,-0.005191693290734767,-0.008290317534803693,-0.008797009016934254,0.0021662604928243123,0.0003853564547207089,0.006140588953725157,0.0026726057906458767,0.010449438202247308,0.009690483077813061,0.0007710100231301809,0.00016750418760458352,0.0021541407371947763,-0.0013957483358384426,-0.0014601585314976129,0.006672597864768592,-0.0037909836065572744,0.013955848769348078,-0.0010204081632652073,0.00965018094089265,-0.0008578781812982328,0.003110957483581034,-0.003207698476343279,0.0003879728419011741,0.00723589001447178,-0.007567349409746793
2014-09-05,0.008662861801875144,0.010446247464503067,-0.006137414315319556,-0.005586592178770888,-0.002573056423451403,0.0036130068245683322,0.004731861198738141,0.008875083203905065,0.011888678735477054,0.0053929121725733165,0.007822773712782727,-0.0018325188804976245,0.018681196486155738,0.002721673112734635,0.005585516178736594,0.003349522693016249,-0.0007165034630999267,0.0006450919255993615,0.004108349000765843,0.014361467079098578,0.007096575131132266,0.02652652652652665,0.009533537623425126,0.000836320191158757,0.006010303377218085,0.007925568573397657,0.004424778761061843,0.0015512895094047519,0.012408568443051271,0.009150061000406717
2014-09-08,-0.0061634838840052275,-0.0027100271002710175,0.026385435880984964,0.02059925093632975,-0.005804311774461168,-0.0020000000000000018,-0.009340659340659418,-0.004178579283043771,-0.00013351134846473212,-0.0007662835249043765,0.006440496503730575,0.002002781641168294,-0.008623512716952386,0.009428571428571342,-0.0035433824937751712,-0.00033383408445997187,-0.0014340344168261021,-0.006124422477704838,0.004785020804438211,0.012197778261816561,-0.006944444444444531,0.004388103364212581,-0.00843170320404718,-0.005371851498149782,-0.003982930298719767,0.0018233618233618465,-0.008209851822186587,-0.0034849951597288875,-0.012643529867113923,-0.015011082006850751
2014-09-09,-0.003761691744611717,-0.00805152979066015,0.0017971558055946968,-0.012844036697247763,-0.00472616068946341,-0.003607214428857697,-0.008161001505427312,-0.010600706713780994,-0.01468820937374804,-0.006901840490797562,-0.016056380167212336,-0.015046360557437133,-0.020810394186302483,-0.011887913954146678,-0.0024026910139356428,-0.013858741025212895,0.0038295835327908367,-0.01524324324324322,-0.0029677686520807045,0.0062405853238647335,-0.015837104072398134,-0.006796116504854344,-0.005782312925169952,-0.003960633701392213,-0.00999714367323623,0.007393925605733154,-0.012719563900666309,-0.007771517388770133,0.0027440219521754905,-0.0038866728035183984
2014-09-10,0.030717420144912744,-0.011059253246753276,7.799703611266473e-05,0.013630731102850069,-0.01368715083798877,0.0028157683024940816,-0.007189646908451919,-0.0008928571428571397,-0.005420788724759484,0.0019305019305020377,0.0024494484517796344,0.013923337091318988,0.0035983357697064733,0.0031509596104271065,0.011464354527938259,0.0027091093802911193,0.0054840247973295675,0.020968273136458437,0.0012460196594210604,0.0017108639863132602,-0.0008359456635318452,0.0076979472140761285,0.007184399589462931,0.007832268948066101,0.0011540680900175015,-0.014792231255645882,-0.0030674846625766694,0.008811435284903135,-0.002997133176961042,-0.005955436903172795
2014-09-11,0.004257425742574261,0.003693444136657398,-0.0045234752768679165,0.012836185819070867,-0.003209666761068708,0.010028078620136327,-0.0036208561313163523,0.005026809651474506,0.014579643003133747,0.002697495183044296,-0.003892689831822227,0.006282315005281536,-0.0003361344537815558,0.0,-0.00419087532145912,0.00911854103343468,-0.005216978894948987,-0.00043010752688177334,-0.0020049778761060955,0.0034158838599487318,0.005542773478351748,-0.007881653934764254,0.006453804347825942,-0.0017934002869440802,0.004322766570605152,-0.00194842406876794,0.00533333333333319,0.0013586956521738358,-0.00535877663050599,0.002272492511104174
2014-09-12,0.0022675736961450532,-0.018603700296432546,-0.005405828893763731,0.013277006638503286,-0.005398238469552119,-0.000794281175536149,-0.009448437373818952,-0.0033344448149382755,-0.01880204136449093,-0.005764796310530285,-0.010505658845223476,0.011988950276242916,-0.004259134723156199,-0.011422044545973842,0.0002869440459110084,0.004518072289156683,-0.011680572109654452,0.004087779690189475,-0.002840318669899533,-0.006489361702127661,-0.021320852834113446,0.000244439012466513,-0.006749915626054648,-0.0027548209366390353,-0.010043041606886738,-0.010335323840146904,-0.012446439502142415,0.002132196162046851,-0.004336399474375807,-0.01288261362465215
2014-09-15,-0.000295101318119273,-0.009061556087907596,-0.005041354864119718,-0.0029779630732579276,-0.001523519329651446,-0.003974562798092274,0.012881134844284992,0.004572320731571322,0.005201204489460709,0.0019327406262079627,-0.00557360232518378,0.0044221215264508285,0.00607834308869859,-0.0023108030040438488,0.0013386880856760541,-0.0014992503748126884,0.0009647853352627855,0.0013927576601671099,0.0037515631513129755,-0.009744083949030924,0.0008501594048886396,-0.0028103616813294208,0.01664967720013588,0.007326447273600767,0.005507246376811548,-0.0017405430494314977,0.0033057851239670644,0.00464216634429393,0.0005279134221989334,0.005324702443098905
2014-09-16,-0.007576503001082369,0.0034685726298087083,0.007996199825825334,-0.0017921146953403522,0.0,0.006384676775738285,0.0057952350289762755,0.002109236234458134,0.012391067538126244,0.011188271604938294,0.012275634413039027,0.00032612240460916375,0.00995748489594983,0.011291256514186498,0.011077158135981646,0.0008341675008343152,0.0033734939759035854,0.002995613565849986,0.002560908084163982,0.011245674740484324,0.010087067317901877,-0.005023894130621209,0.004344919786096302,0.002503875044711945,0.007494955318535723,0.013134952923398835,0.008237232289950658,0.007123604158644659,0.006727344677483149,0.01183923564233047
2014-09-17,0.007138607971445499,0.0016759191369015713,0.00345585925227776,0.0035906642728904536,-0.008296776654587057,-0.0005947660586835823,-0.001920614596670922,0.000664672648720499,-0.0006724949562877391,0.0022892025944296623,0.007659906926186233,0.004238209084981515,0.010523983604741272,0.0014314342971657457,0.002927842840952044,0.0053342223703951586,-0.0007204610951009327,-0.002346666666666608,0.0035899206075251655,-0.0051325919589391145,0.0016819089666773035,0.0038177339901477314,0.009983361064891838,0.0009514747859180606,0.0020028612303291116,-0.0019504359798072635,0.00510620915032689,0.0038233607340851794,-0.0010482180293500676,-0.0035923226932157437
2014-09-18,0.0020673360897816018,0.002614242392554589,0.006418284283030706,0.01610017889087656,0.003365708241177101,0.00059512001586981,-0.004650416933931978,0.00011070519207345697,-0.011036339165545028,-0.0022839741149599524,0.006708355104586339,0.01661075641164378,0.009537382153036678,0.005431675242996148,0.010923815801864523,0.016746808157851012,0.004325883201153458,-0.0005345878327809306,0.010112127674210658,0.0034393809114359186,-0.0074509392381153505,0.0056434793276898265,0.0075782537067543565,0.0003564638783271068,0.003997715591090634,0.007357167490516181,0.009754115017272857,0.013902113883069944,-0.0002623294858341563,-0.004841367943963726
2014-09-19,-0.008154042636801417,-0.007509386733416723,0.0059884896562449885,-0.005281690140845008,-0.017538815411155873,-0.0007930214115781098,0.0053165780570323395,0.0016603940668584727,0.012248230811104932,0.0030522701259061424,0.013611934301069883,-0.008994624514343519,0.002714735584754102,-0.009951663349445639,0.0059618071727991495,-0.003424657534246589,0.006221584111031353,0.009413778348309698,-0.0010215200217924547,0.01799485861182526,0.0059209135123705625,-0.0019519336342563864,-0.005886200130804431,0.003325810666349849,0.008816837315130943,0.001939974894442642,0.0132823505735562,0.002253944402704766,0.008134347940173203,0.005278956629748421
2014-09-22,0.0009904912836768975,-0.008932324506094935,-0.005720912253575405,0.004719764011799521,-0.01570578480148277,-0.009126984126984095,-0.01049679487179489,-0.013261133826942051,-0.006856681903737449,-0.007987828071510106,-0.013429137760158527,-0.004887218045112718,-0.004873294346978585,-0.0031591039632394846,-0.0010186128345217593,-0.0032727867779415165,0.004042806183115477,-0.004557015684612087,-0.0066807553343785075,-0.009680134680134733,-0.005465629598486399,-0.013445789023346921,-0.007236842105263097,0.004025097667811117,0.0008457851705667707,-0.0003416856492027831,-0.00337636544190667,-0.008620689655172376,-0.006897449245184761,-0.005971993410214149
2014-09-23,0.015634276667326308,-0.004029265189269382,-0.009563797527408546,0.0011743981209628718,-0.009018830525272636,-0.010812975570684835,-0.0034820633249654787,-0.010975473177287531,-0.0027074590496819484,-0.0023006134969324465,-0.010196393590838349,-0.0010793890657887495,-0.004353030797693003,-0.008354940939210631,-0.0038932146829810943,0.0004925299622393631,-0.007816200852676425,-0.004471414883423841,-0.009196348912222985,-0.010624734381640466,-0.000739801310505217,-0.007310122661380092,-0.004307488402915838,-0.004362693078646451,-0.006760563380281748,-0.013444229235501814,-0.005380629732961384,-0.01512287334593565,-0.009304154108242813,-0.005282784338098256
2014-09-24,-0.008671083398285262,0.002768018737357547,0.009420631182289307,0.007624633431084993,0.012101210121012285,0.011336032388663986,-0.005363237445148661,0.012909070320461957,0.0005429618569294803,-0.0034588777863182596,0.012246693054568825,0.014695553514506354,0.016723139140889742,0.009587449157466565,0.010980830076307457,0.011322612405644916,0.00907137741704478,0.01593412469254618,0.003532589873242342,0.011168384879725046,-0.003913273400317219,0.00898652021967039,0.008652246256239504,0.009474182851729074,0.003970504821327214,0.018708857835777692,0.0032057703866961162,0.000575815738963481,0.01957671957671958,-0.0021868166198063532
2014-09-25,-0.038132678132678066,-0.011360016986941224,-0.011199253383107899,-0.019208381839348032,-0.016699604743082963,-0.017614091273018495,-0.014052287581699296,-0.015427613191727363,0.0033916700583367376,-0.014654839953721521,-0.022007954279602893,-0.0198072520100101,-0.01204042141474937,-0.017553956834532314,-0.014175257731958824,-0.02401427876034401,-0.011592145729832026,-0.008842105263157984,-0.01656543346217565,-0.022090059473237056,-0.01104268422170318,-0.013483424047501247,-0.010887495875948505,-0.010675739089629266,-0.009039548022598876,-0.02301326380228985,-0.009187138006790496,-0.01381162478419351,-0.012454592631032657,-0.016384888332289682
2014-09-26,0.029426790640645795,0.003543814432989567,0.012191285197420187,0.010682492581602254,0.00874283991558622,0.018744906275468765,0.006546237984752956,0.0076075848756671505,0.0016224986479178582,0.0031311154598825386,0.0045279794959418584,0.005595089358465977,0.010228509249183837,0.0035149384885764245,0.0,0.006816292601828922,0.010052656773575919,0.005734919286321194,-0.0004211117349803839,0.008036490008688002,0.0032209576980888333,0.12225705329153613,-0.008672448298865931,0.0029645440531247402,0.005701254275940704,0.004873520538407838,0.003225156218504388,0.00894767554950393,0.0048607461902259175,0.012519893899204382
2014-09-29,-0.006352357320099311,0.0010700909577312512,0.0006216489237704792,-0.0011743981209629828,-0.005479179119346478,0.0048000000000001375,-0.0075738865563513835,0.0010141987829614951,0.001484881209503186,-0.008193523214982346,-0.0001530872597380606,-0.006968452895419142,0.0004308487720809939,0.018680677174547577,-0.005228758169934511,-0.0037978863936593,0.0011848341232227888,0.01605068637803586,-0.001614941721668206,0.0006464124111182912,0.001712328767123239,-0.004245810055865884,0.001682368775235643,-0.0016552376448333295,-0.0014172335600908248,-0.0010392609699767519,-0.00040184850311442144,-0.003470213996529803,-0.0053601778010197165,-0.010478885046631081
2014-09-30,0.006392967735491029,0.00085515766969535,-0.010794439698687652,0.0023515579071133885,-0.00801362315937093,0.001990445859872736,-0.010203235172127734,0.0022514916131937124,0.00781776519746602,0.007867820613689958,0.0010207379935693872,-0.0014143502148725728,-0.012273901808785515,-0.002292263610315093,0.00046930730242156216,-0.001491795126802531,0.009704142011834227,-0.014653918104344132,-0.0035867501230747445,-0.0017226528854435985,0.002991452991452981,0.0008976660682225024,-0.006718172657037225,-0.008289909995262912,0.00028384899233624417,-0.003005432897930982,0.00482412060301507,0.0034822983168891763,0.005126182965299764,-0.004024144869215429
2014-10-01,-0.015583126550868465,-0.001922460749759658,-0.021274925420003088,-0.013489736070381286,-0.014339089164899566,-0.00556217719507357,-0.013995977204156795,-0.017297540155003954,0.007088404440283469,-0.01795472287275568,-0.014921568294216536,-0.01563436291333009,-0.007848266841072538,-0.02383687535898904,-0.021484191762829563,-0.007802124833997337,0.0018752930145335966,-0.006539394578630953,-0.01764539808018073,-0.009922346850733454,0.004367277375372902,-0.01681614349775784,-0.014203584714237438,-0.0071650346310006,-0.00794551645856989,-0.015884057971014554,-0.011202240448089706,-0.01176016965490645,-0.004576958284294386,-0.012652844231791582
2014-10-02,0.007259528130671544,0.00042803638309241165,-0.004010587952193778,0.00356718192627814,-0.0020489703923778357,0.001198561725928693,-0.004589885252868742,-0.008000914390215885,-0.004116865869853936,-0.0015898251192368873,0.0021565481427807676,0.012064194798007799,0.013403647549989017,-0.013827596351868143,-0.00431447746883995,-0.01555964530701015,-0.0018717828731867892,-0.0007431786813886232,-0.0036643195861475464,-0.003050108932461937,-0.005514900837840786,0.018244013683010207,-0.003087478559176682,-0.0010825114265095026,0.00028604118993125205,0.00023562676720079168,-0.0028322880841594733,0.0027311744049942632,0.0014450867052022698,0.004738315744130972
2014-10-03,-0.002802802802802762,0.004171569151780963,0.017637110413143198,0.024289099526066282,-0.000205317729185861,0.00997605746209107,0.005123388267440854,0.019126627491646397,0.0024003200426725435,0.011146496815286566,0.009244594408483797,0.028379265091863504,0.014093668690372985,0.015214797136038127,0.012325469427058255,0.024813052345343145,0.007969995311767564,0.007862303442413898,0.010817047667123436,0.007211538461538547,0.004905620134371347,0.011086226203807392,0.00550584996558845,0.008910295003010438,0.011152416356877248,0.01319199057714937,0.008520998174071925,0.013618677042801508,0.014298832480650558,0.006645230439442651
2014-10-06,0.0,0.0,-0.0007913896802784759,0.0,0.006263476742992102,-0.011853022520742718,0.0032282728740125055,0.0012436404748445984,-0.0013303179459892567,-0.007086614173228312,0.0026098081023453457,-0.0031371297920986807,-0.002993371819542401,0.0023508668821627943,-0.0025682488347759103,-0.0019900497512437276,0.013953488372093092,-0.010752688172043001,0.0012128130127704306,0.0,-0.006049028971665149,-0.011850703289400855,-0.0017111567419574314,-0.0026256116481682135,0.003676470588235281,-0.010811439200185902,0.0074431703882518185,-0.0013435700575815668,0.0003879979306777859,0.006388415672913039
2014-10-07,-0.008733186107207414,-0.0055389859394971985,-0.02328528433391419,-0.023713128976286857,-0.03367346938775506,-0.014994002399040363,-0.017529003302565904,-0.016373080397470652,0.0018649260690022373,-0.016256938937351362,-0.023274014086903216,-0.01962876040110939,-0.008470941453999625,-0.018762826150688916,-0.02355521647911496,-0.015121302758391408,0.007339449541284404,-0.01097612958226768,-0.01895396893259227,-0.012150141028422712,-0.006833226564168293,-0.01288948666218348,-0.013027082619129327,-0.004906066770372086,-0.004508312200619979,-0.010577036079445379,-0.007987220447284282,-0.018258696905631422,-0.0006464124111182912,-0.012166737198476385
2014-10-08,0.020759493670886142,0.021101113967437968,0.013460914693480541,0.014218009478673022,0.02059134107708549,0.0010148163182464032,0.016635062920186128,0.011479738261967576,0.024464831804281495,0.01773478436114484,0.016791499738721516,0.015451577801958605,0.017519195414729127,0.02390200179265034,0.02461177849399343,0.01906529441538707,0.014344262295081789,0.01099019502208809,0.027091807088901687,0.02745442565341527,0.024725865405289094,0.00862949926195089,0.020493226814866317,0.012265512265512424,-0.005094820266062783,0.028863285425822616,0.003824476650563513,0.02094753328112775,0.012160413971539441,0.013280496947627674
2014-10-09,0.002182539682539675,-0.0060841288156928686,-0.017762842054728778,-0.030957943925233655,-0.03259182617692713,-0.01905920519059201,-0.029164900381517533,-0.02723867892407228,-0.008565866320570992,-0.01861386138613852,-0.02215027238153988,-0.02877196742391752,-0.01084068445105757,-0.018967026553837307,-0.02697550281193406,-0.021854304635761546,-0.015263748597081905,-0.0118299051476074,-0.019588430804045043,-0.019880290722530947,-0.01814939152328987,-0.01801193290554981,-0.013274336283185861,-0.006177239249227973,-0.013940256045519295,-0.01939505887785742,-0.018849007419290076,-0.01975071907957815,-0.004856850715746375,-0.029489483141317052
2014-10-10,-0.002870718669570338,-0.0004221635883905339,-0.01026392961876832,-0.006630500301386344,-0.003957219251336963,-0.03513848697809019,-0.005414374290454993,0.006533660016334153,0.005759916219400418,-0.02058111380145289,-0.027364622203535194,-0.004909803056214579,-0.0055871924358009695,-0.050862581796549566,-0.008326802507836906,-0.009478672985781866,0.013676772281741467,-0.004529767040552191,-0.034694171956145214,-0.03969465648854964,0.0004273960893257378,-0.0004585578356071096,0.004829251466022866,0.01231173798709051,-0.011829197922677337,0.005297857311043153,0.0002043735949315284,-0.009389671361502261,0.0055227331107117195,-0.002395992158571114
2014-10-13,-0.009133326714980683,-0.01763277373033456,-0.00864197530864197,-0.004854368932038944,-0.015569633845162523,-0.01756640959725797,-0.016331547984897665,-0.02735597542598822,0.007549134452687678,-0.013185002060156603,-0.018804373277616748,-0.00892560150792765,-0.021069692058346856,-0.013788780946411783,-0.020843623431789027,-0.0061517429938483525,-0.008994827973914932,-0.017009750812567614,-0.0069491145483076,-0.008630479218714626,-0.008971483498878441,-0.020644569331345286,-0.022657054582904235,-0.015586255756287581,-0.01255474452554739,-0.016863801381894805,-0.011646914589293011,-0.008688783570300118,-0.009324307063481974,-0.008296943231440923
2014-10-14,-0.010620178338843878,0.0033319002579534907,0.015276048152760513,0.007317073170731714,0.012216404886561838,0.005451373746184096,-0.020083906096581283,0.0027410320581575665,0.018860612323989168,0.006263048016701633,0.007232675539238231,-0.00039156458018696494,-0.0055187637969095205,0.021290117572291045,-0.02128732849071835,-0.0029229711141677273,-0.00975720444746997,0.004078033726440999,0.00963130173062443,0.001832760595647187,0.005927362862377272,-0.003513291954561404,-0.00035124692658927703,0.0021590500179919925,0.0005913660555885158,-0.013460393091125789,-0.0031010957204878897,-0.027290836653386497,0.005415162454873723,-0.0031924262439454454
2014-10-15,-0.012253164556962015,-0.01467595072308503,-0.017172295363480305,-0.04600484261501214,-0.002262931034482718,-0.004120581218824526,-0.004645654946256239,-0.02448300451628238,0.00038037276530999975,0.007468879668049766,-0.014507280978330317,-0.008170117515388764,-0.024972253052164217,-0.02691350342252652,0.012369858777445453,-0.042421107087428855,-0.009395050412465689,-0.00724478594950595,0.000298107020420213,-0.011662474273953727,-0.016284551103492695,0.00105770360794466,-0.009486999297259269,-0.007181328545780907,0.0008865248226948008,-0.007969089591886025,-0.00622148486105345,-0.020069629326233795,-0.03565016670941268,-0.0036443953616785985
2014-10-16,-0.01312282140660248,0.00521852576647075,0.0008320159747068345,0.02030456852791862,0.007020196565503678,-0.0060975609756097615,0.016381440468564268,-0.004142300194931781,-0.009252217997465229,-0.0012355848434926209,-0.007046030366356648,-0.02629203340103814,0.011724530449630066,-0.013589128697042319,-0.014560635373179864,-0.008103727714748876,-0.01549849641452683,-0.005860238832375075,0.0061838772165103695,-0.011105969458583886,0.01688085384447846,0.021836111763324784,-0.017382050372472535,-0.008559373116335256,-0.006790670209624983,0.03931353456669928,-0.005217028380634425,0.005851619644723138,-0.01835106382978735,0.0042119264021280856
2014-10-17,0.014647828797007989,0.007678996322734166,0.024524066838473635,0.008084577114428004,0.019412269412269367,0.018843120070114017,0.006663065009904434,0.025568876926841178,0.003326084175514943,0.023505154639175352,-0.02598152424942246,0.02508981341986316,0.015301530153015275,0.017179902755267262,0.01983880967141971,0.020334059549745875,0.007518796992481258,0.012568123679234988,0.017400962606441972,0.020823584464202183,0.009424868801542141,0.0016084558823530326,0.004693140794223893,0.012524319066147926,0.013079667063020217,0.0326736151774214,0.008391021606880544,0.0116351547891127,0.003793010024383703,0.006732891832229582
2014-10-20,0.02139858707893927,0.00987442309756359,0.008682246024018125,0.0030845157310301907,-0.010731194108363984,-0.013763440860215082,-0.002772808586762099,0.020159847310032175,0.013642738747928096,0.008460918614020985,0.017993383941717456,0.005256910293369499,0.017841312056737557,0.006373486297004405,0.005065856129685908,0.007651245551601349,0.009561567164179108,0.006041300527240834,0.0014556040756912303,0.010314004125601572,0.009336870026525057,0.01972929571002524,0.0035932446999640266,0.010928305512189374,0.005868544600938996,0.00408255840326599,0.008529228208862039,0.010063668104333567,0.01403508771929829,0.006139677666922472
2014-10-21,0.027165196471531594,0.01604846423636941,0.02260477837663899,0.02091020910209096,0.01978092098266515,0.025294374182293966,0.032289891470087095,0.023620205799812943,-0.005283018867924594,0.016779864163004365,0.010612720237424433,0.013157894736842035,0.02558519324986408,0.03261557948068394,0.011693548387096797,0.022956030372593972,-0.06029106029106024,-0.0063325690577573646,0.024200581395348975,0.01814882032667886,0.00409965310627558,0.019572553430821094,0.012531328320801949,0.005108101686861488,0.009918319719953272,0.027219335893381436,0.004331683168316891,0.025823505490036647,0.011711471919084282,0.020485997602702533
2014-10-22,0.005074655996877064,-0.00690376569037654,-0.044603524229074876,-0.012048192771084487,-0.013765773281885552,-0.01063377286261169,-0.009470848900860251,-0.0050262737034499905,0.01365705614567525,-0.010216110019646285,0.008661227069122646,-0.018592518592518537,-0.009129511677282376,-0.010426249616681926,0.0085691510561976,-0.008285862247540132,-0.001474926253687392,-0.00076914624766522,-0.014049528134534972,-0.011140819964349347,0.010573701842546024,-0.008605472197705244,0.0007072135785006761,-0.004491194894220452,-0.0034662045060658286,-0.012974161627267833,-0.007804477305401458,-0.005550049554013947,0.00013154433043949254,-0.005552589428724053
2014-10-23,0.01786581221477812,0.009795660417105667,0.004775627830382767,0.012195121951219745,0.0496986359310565,0.01311263972484955,0.019210526315789345,0.010218140068886328,-0.001122754491017952,0.00992457324335061,0.020195691831432105,0.018266131312560052,0.01564173987572315,0.01301518438177851,0.013930053349140437,0.010617928633594342,0.005908419497784312,0.0008797009016934254,0.04390068369917244,0.014420910319963953,0.013156531648192304,0.005675495214778614,0.010600706713780994,-0.011872254541137384,-0.024347826086956625,0.009914225242285912,-0.0018629683295384725,0.00857085907913091,0.002893594633697205,0.010522924943627165
2014-10-24,0.0037203090718305187,0.0031292375091269697,0.0017208883061541336,0.0072289156626503814,0.0017125012591920896,0.009123700403140145,-0.002409845941991562,0.00704625525627911,0.002872486574247546,0.007861635220125729,-0.008579427436105846,0.018271687215372534,0.002004219409282637,0.014989293361884481,0.004871869823638297,0.011712022046159065,0.004160548213411719,0.0071412876290926075,0.024405377456049537,0.02465570857396715,0.00572597137014319,0.005864778134336612,0.01783216783216779,0.023188754055028182,0.00623885918003575,0.010809618354290729,0.011406055578598195,0.011857707509881354,0.0017049180327868285,0.004037828073530925
2014-10-27,-0.001045428625736533,-0.00020796506186959718,-0.0009816753926700228,-0.007775119617224768,-0.00905068382944485,-0.000841042893187538,-0.007678371150030228,-0.0018056652747996393,0.0038605230386052902,-0.004680187207488307,0.001785388959737677,0.0030542677938369955,0.005053163490893908,0.0006027727546715766,0.009114709589838066,-0.001702417432754566,-0.006580550816475794,0.0037089560379623965,0.006528030150077413,-0.004769130717537484,-0.002745018300121971,0.008140814081408099,-0.0027481964960494043,0.009276655706904613,0.007085916740478426,0.005347010039284061,0.013327865491080448,0.0021484375000000444,0.002749410840534372,-0.008254841782199152
2014-10-28,0.015507563504899569,0.0026001040041601087,0.012201113658696361,0.012658227848101333,0.026588187538055585,0.012836700336700257,0.01834463571552769,0.016732617297908536,0.00136459496340402,0.014106583072100332,0.016476322106641517,0.013104235767494865,0.011731433958311666,0.016265060240963747,0.00691842029403289,0.016882673942701265,-0.004906771344455274,0.0064123464840777356,0.010029419630917413,0.012633413199738763,0.010602507900907332,0.008838934962898337,0.0020668274199104886,0.006050029086678288,0.006449721489299343,0.005535656138065725,0.01092675030352086,0.009160007795751213,-0.0031335683509597922,0.014832995411375505
2014-10-29,0.005621135469364935,-0.014004149377593422,-0.004287678990372967,0.01130952380952377,-0.009588770264926882,0.001454394348639143,8.537522410989595e-05,-0.004447903925275276,-0.005574826560951429,-0.008500772797527034,-0.000876659390990131,-0.0012881064834692202,-0.0017600165648617994,0.005334914048606976,0.007348029392117539,-0.005701827938956905,0.043145956607494984,0.0014038876889850282,-0.00033099430689798037,0.0027963002796298486,-0.005346514677695979,-0.005408328826392639,0.03265727053970435,0.0008095293165260031,0.002039032915817085,0.03411053540587217,-0.0026020816653322676,0.007531865585167941,0.0005239030779307097,-0.005362776025236493
2014-10-30,-0.003353828954723359,0.04934245134139914,0.006012349691257635,0.002354326074161417,0.0279469008883122,-0.0008298755186723072,0.0005122076148198484,0.00770691388361433,-0.005232340849632533,0.000389711613406174,0.003259020503178389,0.02203353396388641,0.011408421489317533,-0.039504716981132226,0.014020462296324476,0.0016866250632485702,-0.021507917749940986,0.007009597756928665,0.007218065028806064,-0.012226512226512276,0.013286004056795253,0.011419249592169667,-0.0066577896138482195,0.004622140050843493,0.0031976744186046346,-0.020041753653444738,0.0014047762392133123,0.026260302856047524,0.0007854431208274004,-0.0014800718892060694
2014-10-31,0.009534492428491248,-0.022458391818728662,0.008803101276045888,0.007633587786259444,-0.015341295271385502,0.016196013289036637,0.023464163822525697,0.01285745954333839,0.02880400751408896,0.005453837164004494,0.013564888357399107,-0.000999053528236371,0.0,0.043891958256599084,0.006913303437967144,0.01835325812426336,0.011594202898550732,0.0037481259370315545,0.010979618671926428,0.01954397394136831,0.003102792513262065,-0.00032258064516133,0.003686327077748075,0.003795721187025425,0.009562445667922415,0.012036642522369023,0.007014028056112176,-0.008404930892790374,-0.002354480052321861,0.02392800423504493
2014-11-03,0.012962962962963065,-0.0065641025641025585,0.008966455848210764,0.0064102564102563875,-0.011734542944482729,0.004495300367797217,-0.026427678199249738,0.0036112934996717083,0.002799756542909204,-0.0042619139868267375,-0.00721996231531874,0.00442128533080699,-0.014663658736669305,0.008820935019112186,-0.0029690109482279903,0.006613756613756738,-0.0016714422158548015,-0.0012802731249333954,-0.0030565129739220653,0.010436634717784665,0.005887048493314673,0.00516295579219106,0.00801335559265448,0.001260456055918402,0.0,-0.001578781180928357,0.0027860696517412187,0.005274062912036026,0.00013111315064917584,-0.014993278874986915
2014-11-04,-0.007312614259597949,0.00020648358455499505,-0.0015075775608981434,-0.003474232773595709,-0.016064657752943523,0.012205044751830707,-0.012073985271450538,-0.014829353396576206,-0.0018208302986160163,0.0,0.0007449846568636787,-0.0029345490750930514,-0.0013528983244875947,0.006703584960652709,0.01079471431230239,-0.010348226018396911,0.00023917723032762517,0.0091870526653135,0.011415525114155223,0.002740303541315381,0.0014879476242435352,0.005350454788657144,0.0029811195760185427,0.014419775692378067,-0.0014351320321470684,0.0012650221378873727,-0.0011907124429451077,-0.00187371182312146,0.012847404299947573,-0.0077682133109385765
2014-11-05,0.0023941068139963217,0.007947976878612817,-0.012873490146217414,0.007553747821034129,0.008112767467802318,0.01085209003215426,0.01456184450030329,0.007194244604316502,0.015444484981150364,0.0046692607003890885,-0.014605008950885345,-0.0022599463919693585,-0.0018757815756564877,-0.022582513028372886,0.0018412815319461817,0.014937759336099532,0.011716881874701102,0.0017995130729331343,0.004127700741696216,0.006096279167542518,0.03882725832012679,0.007770090473656177,-0.00792602377807139,0.004061371841155292,0.0037367059499857636,0.008633396504527102,0.00019868865487793208,0.004880795945184868,0.005695055656225634,0.00581887431231487
2014-11-06,-0.0014697776961234421,0.019457245263696743,0.0028980840444372546,0.0011534025374855261,0.015089025248968824,0.004373757455268468,0.012644169158479324,0.01098901098901095,-0.027904191616766494,0.02091402013942667,-0.007662559582696238,0.00611040876527591,0.01576529546878258,0.0017772511848341832,0.00174600257305646,0.001308258381030214,-0.0004727014890097969,0.00021132713440397133,0.002312287237459243,0.017551190973673192,-0.008867276887871811,-0.0008449514152937265,0.0,-0.0011235955056179137,-0.005727376861397571,0.004279749478079298,-0.0011918951132300348,0.00990099009900991,0.0014157014157014647,0.012517092668560048
2014-11-07,0.00285188592456298,-0.0008036162732295571,-0.0010435061807673174,0.0,0.008423347537409587,0.0027711797307996555,0.00227790432801811,-0.021739130434782594,0.011211038561044662,0.0018968133535659515,0.00023563958019900966,-0.001518324607329813,0.0037002775208141436,-0.007096392667060969,-0.007430510962297077,0.0039196472317490905,0.0007093875620713952,0.0046482146630044685,0.003204101249599578,-0.000410677618069899,0.007503607503607457,-0.008668076109936473,-0.003994673768308865,0.0025871766029246235,0.005472350230414591,-0.02702421785677156,0.01153540175019896,-0.004069552349241556,0.01233774579102942,0.00342821525036352
2014-11-10,-0.001651224658288264,-0.001709058007439479,0.0015267175572519776,0.0005760368663594306,0.004422169811320709,-0.007106198183971513,-0.007407407407407418,-0.0024444444444444713,0.008893762183235898,0.0022718667171526263,0.011616106701460627,0.00571548424309154,0.005222734254992201,-0.009529481834425257,0.00573012939001849,0.007483325199284296,0.0016540642722118193,0.00010515247108311421,0.0070903864580005305,0.00431388660640919,0.008402558961138062,0.012582640221795671,0.009358288770053402,0.003590261415909346,0.0060154683471784764,0.01217818609122956,-0.002752654345261507,-0.00018573551263012522,0.008505776310778312,-0.0032094419712185296
2014-11-11,0.007994119268584177,0.002014098690835908,0.005776636713735517,-0.0028785261945883933,0.0031308091184816256,0.0,0.004409769335142366,0.0022276676319894495,-0.0018113754377491187,-0.0034000755572346497,0.005481611522132335,0.0004171011470279762,-0.00020374898125508079,0.0015033072760073374,0.0008270538503951652,-0.009042467301792367,0.0028308563340408988,0.00031542424561026294,-0.0034885195991373186,-0.0004090816117816587,-0.007669728245431329,-0.0008424599831508006,0.003973509933774766,0.002459474566797182,-0.0005694760820044165,0.00992084432717677,-0.00216876971608837,-0.004644250417982554,-0.005412890231621281,0.0013502285002076064
2014-11-12,0.014129443938012631,0.002412060301507424,0.004068283343969359,-0.0017321016166282899,0.004486491758509681,-0.0015904572564612307,-0.006670043904086431,-0.0008890864636585949,-0.03399467699007985,0.005307050796057533,-0.005416095066721249,-0.008859703981655143,0.003566333808844524,0.002101471029720914,-0.0014691029290239133,-0.013198631253055204,0.00470477534697733,0.0019970569686778017,0.0036280313156387134,-0.0018416206261508972,-0.016316793893129677,0.009801854974704982,0.0032981530343008103,-0.0021188803390208566,0.008547008547008517,-0.00010450412791296326,0.004149377593360981,-0.000746547219111604,0.002404758891279446,-0.010683539051965618
2014-11-13,0.01411235955056167,0.0021054742330059995,0.02113291491221103,-0.004048582995951455,-0.01825419943683848,0.022700119474313052,-0.010199745006374883,0.006562847608453826,-0.010770194113963627,-0.0037707390648565875,-0.003242274966412828,0.0003154905878641756,0.005178190679256733,0.008987417615338389,0.002942528735632166,-0.005449141347424136,0.0018730976352141493,0.0015734815902654908,0.00424911212582435,0.017015170151701398,-0.00795421476379865,0.003235570399749532,0.0,-0.009834599910594655,0.0059322033898305815,0.00229933110367897,0.00747737111373481,-0.0028016436309301618,0.047222222222222054,-0.007548752358985111
2014-11-14,0.012054600248183167,-0.00420210105052532,0.002567493970279333,-0.00464576074332157,0.0022747502719810964,0.024922118380062308,-0.0011163589523401907,0.0034257929052934344,0.0015191796429927518,0.0015140045420136694,-0.0022464236934799375,-0.0013666947014299158,-0.007676767676767726,0.008016627078384797,-0.008343265792610244,0.0008301510874979545,-0.0014021967749474618,0.00764558022622519,0.003157562361856714,-0.0006047167909696283,-0.004106776180698213,-0.006450270495214405,-0.002629848783694988,-0.005530474040632005,0.008143779837124443,-0.008237747653806138,0.005859375,-0.0007492039707810427,0.0002411381721725281,0.004542573420663443
2014-11-17,-0.0016640392362936574,0.00010047221943132456,-0.0034145584355116387,-0.0029171528588098905,0.003552397868561208,0.00550911854103342,-0.004900275103163598,-0.004295154185022021,0.015042346100366588,0.005668934240362855,-0.0154001332877034,-0.0002631855984839282,-0.0021376221498370374,0.008541973490427068,0.0012943786982249073,0.0016589250165892633,0.004446524689913467,-0.002494543186778886,-0.001007239534151716,-0.0024203307785396477,0.013352970054000934,0.005863874345549691,-0.0006591957811470373,-0.003064351378958108,-0.0013927576601669989,0.014299232467668954,-0.001941747572815511,0.0016869728209933932,0.007352941176470562,0.00021032705857604306
2014-11-18,0.012983595052197705,0.011151295961422614,0.01744276592431082,0.0029256875365710755,0.0033431661750247255,0.00491214812015861,-0.002419006479481678,-0.0014378940382701044,0.00012453300124537492,0.0150319428786172,-0.0038965315381237486,-0.001526878323592995,-0.020911965724778048,0.013726635514018648,0.0048938134810712075,0.0024842663133488596,0.014212488350419328,0.00458476607273095,0.009200327682903797,-0.01455721795390208,0.0012595678713303027,0.004268165729752305,0.008905013192612055,0.0012522768670308881,-0.003626220362622057,0.017829377008396374,-0.0035019455252918164,-0.0031811377245507533,0.0026325236328827994,-0.0025233939648826587
2014-11-19,-0.006928206460552477,0.0015896671634376691,0.007270779121383963,-0.004667444574095736,-0.0072520580164642245,-0.00018800526414730623,0.008660258075690708,-0.005095259193619972,0.0008716224629559122,-0.0033320992225102097,0.004940221483535678,-0.002372917106095662,0.007501562825588559,-0.01037165082108904,-0.0006432049986216937,0.001156451346439713,0.015851137146795313,0.0015558552017425065,-0.008242272869185108,-0.010668855149774337,0.003580414166827861,0.00497564009536644,-0.00490356325596597,0.00886867538374081,-0.009798432250839872,-0.013545167532335256,-0.0142522452167122,0.0016895062887178902,0.014321518080916418,0.007800147570359295
2014-11-20,0.014301909828202675,-0.0009919650828291715,0.0006838386140868291,-0.003516998827666984,0.0077986179664364386,0.008273787138021849,0.007212157637159766,-0.010242707637497128,-0.0026125901965662335,-0.002600297176820199,-0.006286549707602451,0.0029599873143399957,0.008996897621509792,0.04657933042212514,-0.005332842956969452,-0.007920792079208039,0.0006784260515604323,0.0008285004142500885,0.0033369010892148054,0.009954375777685653,-0.006267476617491052,0.0036101083032491488,0.0,-0.0029302378000676255,-0.00254452926208637,-0.00010324179227760855,-0.005941770647653111,0.002248875562218755,-0.004824096952582568,0.0021964229683086867
2014-11-21,0.0013756340813342316,0.013802005759110392,0.008200455580865684,0.007058823529411784,0.04270741502595743,0.0026109660574411553,0.010826016537379468,0.0006749156355454478,-0.004989397530248296,0.005214152700186103,0.003917169339414439,-0.0008432147562582593,0.007276826893512389,-0.01001390820584147,-0.002958032908116137,0.005489021956087914,0.005649717514124353,0.00041390728476820016,0.005020080321284981,-0.014784394250513477,0.006598098195226054,0.0012332990750256734,0.0003285151116951823,0.0014694246637276809,0.0,-0.0014455343314403457,0.00039848575413437004,0.006170531039641158,0.0008276188224167758,0.010331872260488595
2014-11-24,0.01850261870009451,0.0036238981390794844,0.013782196113872658,0.003504672897196137,-0.00460310004697051,0.005580357142857206,-0.008348794063079756,0.018210431654676285,-0.009276670427478928,0.0003705075954056891,0.0029126747146861476,0.0025317791022732017,0.0012210012210012167,0.01854453498173636,-0.009085852030409791,0.008436724565756837,-0.005168539325842603,0.00506826644600733,-0.0017482517482517723,-0.00812838682784478,-0.005012531328320802,0.005440361322110565,-0.007553366174055887,-0.005530474040632005,-0.01643990929705208,0.0019646365422398837,-0.01414060944035056,0.0053893328377625505,0.008860011813349056,-0.011259167441380002
2014-11-25,-0.008640674394099102,0.01659022152825229,0.0014857737166629192,-0.004656577415599439,0.002642506606266526,0.009248982611912648,-0.012245939280551066,0.011812762199161053,0.001518410730102504,-0.005185185185185182,0.003196463797764393,-0.006366075656337067,-0.014126016260162633,0.0019310344827585535,-0.0016841317365269282,-0.010826771653543399,0.003614185678789239,-0.0017495111659977525,-0.01138353765323985,-0.0025215381382643898,-0.00358457663243561,-0.006738131699846828,0.008272667107875664,0.00783112019067067,0.0034582132564839885,0.01031991744066052,-0.003232323232323142,-0.004066543438077663,-0.005269320843091396,-0.009820309235269553
2014-11-26,0.011904761904761862,0.0050878371892100205,-0.00022253542022110384,0.0005847953216373547,-0.004235692771084265,0.005315249266862221,-0.008953938872148126,0.0029459901800326094,0.006822488945041005,0.0003723008190619215,-0.0027310962620396007,-0.0018002753362279522,0.0071126687970313185,0.0159691629955947,0.004779756326148021,0.0006633499170813906,-0.0031510240828269698,-0.0080412371134021,0.0015816778438566548,0.005898462186644249,0.003403014098201318,0.005242059821153111,0.02067607482769951,0.0009009009009008917,0.00890292935094772,0.0021450459652705423,0.014187271990271588,0.007423904974016349,0.0003531489111241459,-0.003165224730955818
2014-11-28,-0.0005882352941175562,0.0029608404966572355,-0.0031161893456000955,-0.004091174751607252,-0.04905945741563489,0.007839562443026526,-0.054209017461558484,0.006418624891209701,0.015183837369808106,-0.014142165984369237,0.0024647180180015216,-0.0005834924676427766,0.017400204708290623,0.009485094850948617,0.009700587631750857,-0.005634736493205228,0.012192368480469673,0.006131781334441921,0.01124376223864565,0.0012565445026178068,0.011531007751937938,0.015235173824130976,0.001607717041800516,0.017439243924392667,0.0071164247082264875,0.005300173274895403,0.010991207034372508,0.003684598378776549,0.030124735231819244,-0.041701947502116865
2014-12-01,-0.03245606659379474,-0.01447481192267408,-0.014662101816016904,-0.01467136150234738,-0.015904572564612307,-0.0018089725036180004,0.026269863139524174,0.0020538320181602288,0.013597033374536327,-0.0177425443563608,-0.017174182268521965,-0.0011145905206730866,-0.005231388329979936,-0.0021476510067113264,-0.0020323325635104306,0.0,-0.006245817532902098,-0.01063939675653347,-0.012055718658254722,0.016942062330056462,0.004023373886387516,-0.01611441232752553,0.0035313001605137284,-0.00387039699214875,-0.009044657998869443,0.004359728277400388,-0.011069381300652381,-0.012114537444933848,-0.015078821110349638,0.019991164126352823
2014-12-02,-0.003823759450769071,-0.014687409411537344,-0.0008308784651407386,0.021441334127456857,0.005151515151515129,0.008336353751359216,0.02049583818132983,0.00830636461704426,0.004146341463414638,0.0011529592621060125,-0.0019642360789399183,0.010573857598299652,-0.007281553398058249,0.011568469195587738,0.004443210219383431,0.018000000000000016,-0.00022446689113353457,-0.0069951973272082135,0.015427415275670153,-0.0032908268202385127,0.002862322297490616,0.0035827617975228154,0.009916826615482988,0.010990230905861376,-0.0219623502567029,0.007773066828184794,-0.01838896662002798,0.00743218134522472,0.0020876826722338038,0.019924201407688136
2014-12-03,0.011340835732356336,-0.0028439737177600177,-0.0023435137586936827,0.008163265306122547,0.006732991659129661,0.004672897196261738,-0.002718821259428239,-0.0038515031560928392,-0.0044935632742288956,0.012667946257197693,-0.003007853840583774,0.003996003996003861,0.0043806030969846255,-0.00452127659574475,-0.007280434982950945,0.007531106745252147,-0.016614279299506096,0.0041005151929345285,0.010336239103362344,-0.007841518778374024,-0.0068499667015506915,0.004691962464300259,0.005701615457712972,-0.011749203909080852,-0.008457276173811534,0.009716518080737258,-0.006515984524536722,0.0031353744005901962,-0.016898148148148273,0.008068797112219972
2014-12-04,-0.0037953937721039166,-0.0006884343036979157,-0.004925361824657193,-0.0046269519953729965,-0.005090836494310302,-0.006440071556350624,-0.012575850848649983,0.0012887981956826167,0.004635842381359057,-0.010993176648976477,0.010447511034135992,0.0052369730295889205,0.0036514859519221066,0.0008014961261020304,-0.001485332343111767,-0.00259993500162492,-0.006849315068493067,0.0016753926701569277,0.0,0.015806988352745632,-0.008621515470830565,0.005583756345177715,-0.0025196850393700565,0.006444444444444475,-0.002647058823529558,-0.01121031746031742,-0.00020496003279357744,0.0020224305938592035,-0.0021191429244171722,-0.006108478146392815
2014-12-05,-0.0042427915836869,-0.010530459600432973,0.006777337800792038,0.027309703660662432,-0.008929467241898248,-0.00972272236226146,-0.012557890986818587,0.005684865386678117,-0.01967213114754085,-0.0030663089306246505,-0.02672416970769287,0.01823391508205252,0.006973218797372338,0.005605979711692521,0.008832279657865483,0.021505376344086002,0.0006896551724138167,0.006794898599205679,6.162948354515585e-05,-0.008599508599508643,-0.005411150835829437,0.002826855123674976,0.010104199557941174,-0.0022079929344226423,0.0008846947803007321,0.006621852111969417,-0.0034850348503485673,0.009724770642201896,-0.007550731477111827,-0.005828123344283287
2014-12-08,-0.022608695652173827,0.002287646707777924,-0.014597988049315558,-0.0011312217194570096,-0.03573597894310587,-0.009818181818181837,-0.036709659962117835,0.00042662116040936837,0.01114827201783708,-0.012302960399846241,0.005018179063778216,0.005986185725249449,0.007928542753914192,-0.012476771967082523,9.215740484735946e-05,-0.0004784688995215225,-0.008959338387319105,-0.03841760980168207,-0.008257841868490767,-0.014973151590252032,0.0071893519867871625,-0.01620859760394644,-0.0006251953735542104,0.00420447001549018,-0.001767825574543136,-0.004086514502142924,0.005965850648014692,-0.00472469562057054,0.0013076557299096514,-0.02259646130888926
2014-12-09,0.01530249110320292,9.923588369553649e-05,-0.0047589806570463855,-0.005662514156285492,0.0020997375328084544,0.006977598237238425,0.001966292134831571,-0.009168443496801681,0.0067377189758668354,-0.004281821720513945,0.010136981139185597,0.0013732072017087482,-0.0078661754455841,-0.008333333333333415,-0.004330998894213067,-0.003510451571724915,-0.02549837737598515,-0.0134974624770543,-0.0006213881811967248,-0.0022014886256420674,0.008874312723063493,-0.007060990585345817,-0.0006255864873319084,-0.0005509034817101632,-0.02922077922077926,0.011008807045636448,-0.04049079754601226,0.0010954902318787152,-0.007954410542562074,-0.0034896401308616154
2014-12-10,-0.019015071854188603,-0.006052788251637242,-0.03871664352923021,-0.010250569476081939,-0.025458355159769575,-0.020058351568198463,-0.0200915802261471,-0.014095115128039626,0.0008517887563883608,-0.012118842845973421,-0.015052880938613455,-0.024836202955965225,-0.007025291047772053,-0.012740580103008936,-0.01675150393336422,-0.028342674139311463,-0.010466222645099887,-0.01488616462346759,-0.016103960703848785,-0.01449884429502002,-0.030117602065207083,0.0064928372668247025,-0.0028169014084507005,-0.007827141439752938,-0.012161751292185996,-0.019105127697485624,-0.01577152600170506,-0.010395768739741018,-0.006941120153183267,-0.029656379951849332
2014-12-11,-0.0029477445288075277,-0.0021962663472097077,-0.010189345314505771,0.005178365937859697,-0.003547624166845842,0.004465947152958671,0.0004768262445165039,0.001309614754992916,0.007781155015197605,0.005540166204986097,0.007707749412923404,0.008020833333333366,0.013442490398221096,0.007688083470620555,0.004518072289156683,0.007580751483190484,-0.0016826923076923572,0.010777777777777775,0.00575075834175931,0.005756929637526609,0.010252365930599527,-0.0074749129633421285,-0.006591337099811745,0.004555555555555424,0.006771314250538563,0.006458774851145321,0.0038977912516240387,0.0031330630298562756,0.010243432152325704,0.005977218901545012
2014-12-12,-0.01693244938183125,-0.013706853426713406,-0.021074815595363616,-0.019461934745277576,-0.02362714424425505,-0.005001852537976914,-0.024115908874273173,-0.0028337874659400963,-0.0024128362890578625,-0.02046438410074769,-0.019920693089774733,-0.024387723468016986,-0.004886805624812918,-0.012942779291553186,-0.021458020989505222,-0.01799149492966967,-0.0149289670117988,-0.0038474222271077663,-0.01275526233113411,-0.004663981344074641,-0.016295862607338063,-0.00784070979057061,-0.02211690363349128,-0.00951222209932534,-0.016814429837970213,-0.009726260904441952,-0.016824849007765375,-0.013411721477126548,-0.0002385780746748667,-0.029147982062780353
2014-12-15,-0.013715483459400435,-0.011462771353215606,0.010847064668378037,-0.016345592527728936,-0.008287292817679592,-0.0065164773785142405,-0.014846649736276585,-0.006448792217728649,-0.018744709154674077,-0.012053033346725583,-0.010872274740656884,-0.017371041203262383,0.0027059530968129852,-0.008419599723947568,-0.004500622426505951,-0.014656895403064696,-0.008310926423857112,-0.023835797837122197,-0.0017184317718941244,-0.005963791267305618,-0.0014879476242436462,-0.007694707289175318,-0.0029079159935380128,-0.003908431044109317,0.002798507462686617,-0.004961522883758729,-0.003510311540149136,-0.009497206703910743,0.0015511275504116462,0.0034642032332565798
2014-12-16,-0.013675213675213627,-0.01713699332991281,0.017775229357798183,-0.007715133531157381,-0.004568245125348147,-0.003560719640179899,0.008328375966686563,-0.008030803080308124,-0.006408676361843724,-0.004066693777958541,-0.03427419354838712,-0.012018971650317956,-0.029885057471264354,-0.010022271714921982,-0.011542901115813686,-0.012339418526031043,-0.004436775942814886,0.002939181550983605,0.01402613962384458,-0.0323548317977288,0.004172461752433909,-0.023263124803520996,-0.006156837329876819,0.0017937219730941312,-0.003410852713178314,-0.024626030324615855,0.002421840598855196,-0.007896221094190525,-0.011675005956635731,-0.005638665132336129
2014-12-17,0.02496604056396068,0.014199206514930118,0.006519114688128713,0.0322966507177036,0.004589209760465618,0.008463419221365287,0.04247787610619458,0.013419097260729762,0.009302902505581745,0.006941608819926559,0.016641239762325233,0.00938301238339423,0.019369462188337128,0.01912260967379087,0.012748151031529709,0.02293342461064518,0.028719980193117056,0.033025247971145255,0.009745363093366821,0.012843224092117023,0.02018203403244967,0.013839716768587085,0.01467231822627979,0.014995523724261384,0.016490354698195375,0.034324465310380914,0.019986821875686234,0.01932916429789655,0.015308582449373276,0.030204837403078333
2014-12-18,0.029613380860981753,0.014823965410747375,0.004877658723812628,0.015643105446118133,0.021615598885793785,0.031331592689294974,0.02839086964723636,0.01346027577150366,0.020154848224161137,0.019464720194647178,0.016131898509230913,0.03556180078906124,0.017485344653325186,0.021523178807947074,0.026328432785625244,0.028609670403212162,0.02021660649819501,0.0220403709765411,0.02926525529265267,0.03891560996939214,0.022595034910783518,0.027301587301587382,0.027313624678663162,0.014332965821389099,0.025711662075298403,0.03126891264877951,0.01313522825150737,0.026398958914296333,0.020301555265344717,0.024039541676027953
2014-12-19,-0.007723035952063917,0.009636843173057352,0.004456115222407853,0.005134055904164381,0.00021812629512485415,0.0043399638336347746,0.03576997156745865,0.003023431594860071,-0.0019274786170342395,0.019093078758949833,0.010532043060899277,0.008715620270340674,0.012516141849607587,-0.017558076715289195,-0.011796648253908804,0.007319453480806759,-0.010379806558150406,-0.004804099498238568,0.0010889292196005762,0.002946127946127808,0.003982930298719767,-0.023073753605273972,-0.0009383797309977515,0.0005434782608695343,0.0008952551477170445,0.002445226917057841,-0.0006376195536661466,-0.01376562216989674,-0.009076099604375165,0.027204914436156358
2014-12-22,0.010377527285739818,0.011554305234602769,0.01576487364334933,0.005107832009080493,0.006651401155817194,0.016204537270435804,-0.007969538652262464,0.014102702120788013,0.009173204586602424,0.003512880562060783,0.023575109606953193,0.006001655629139124,0.015402727361915058,0.023095958207313805,0.01127427759355748,0.00016147263038912563,0.009535160905840279,0.007187298862904923,0.010817017162194853,0.006714225765841464,0.0006611882497402632,0.011493040911008112,0.004696305572949422,0.005975013579576194,0.00924269528920707,0.0053663772075325245,0.010421097405359347,0.009550045913682137,0.0143259746359794,-0.0033105510465613053
2014-12-23,-0.0035417035594119683,-0.00029797377830753646,0.014116362501949808,0.012422360248447228,0.01278162911611802,0.001063075832742788,0.017138266535749347,0.005201698513800368,0.0008372204281785756,0.006612213146635515,0.012154799924854354,0.005451553178358326,0.002512077294686055,0.0059123891427035336,-0.023046655424395657,0.008718114304165248,0.014639905548996301,0.0035147513047182333,-0.0023913433371196557,0.009795748228428547,0.003586936001510166,0.0004169707078076623,-0.019943907759426782,0.0074514038876891675,0.005317577548005881,-0.0018439440993790468,0.0033677120606188105,0.009095870474804535,0.0032414910858995505,0.013500482160077265
2014-12-24,-0.004709436644748544,0.0009935419771485154,0.00930554487425983,0.002788622420524245,0.0023529411764706687,0.001769911504424737,-0.004212373848179074,-0.0028514098637659746,0.015415869980879515,-0.0019319938176197704,-0.0034151864431947176,0.001994884910485828,-0.0019275250578257852,0.0002671653753671954,0.002972765630993468,0.0,-0.0006981615080289272,-0.004139248567183174,0.0005393420027566265,-0.006398348813209553,0.015613243039879654,0.0033343753256227515,-0.000953895071542088,-0.0016078893772109026,-0.0020570085218925005,-0.0016528925619833101,0.0,-0.002343609158103388,-0.002654050311562295,-0.008563273073263544
2014-12-26,0.01767699312561377,-0.0010918114143920743,0.0029716549832368155,0.0,0.005441741357234298,0.0017667844522968323,-0.0019388384595047103,0.006460495657699683,0.009885842061904349,-0.0019357336430505523,0.008548600376212967,-0.0022461585583746224,0.0018346852066435382,0.0029380341880340666,0.004493737450999236,0.0011203585147248063,0.00046576618537508274,0.010124693594799172,-0.004192620987062856,-0.00540091400083087,0.012131876273383968,0.005608058988472164,0.007320178230426411,0.0034356882112946963,0.006183745583038913,-0.0012660693416440827,0.003985735263268175,-0.0010842067220817597,0.005553627212773193,-0.006078055022392892
2014-12-29,-0.0007018159487673925,-9.93640699523679e-05,0.005014054546835789,0.007230255839822064,-0.005518412395203343,0.0038800705467372243,0.0006181015452537686,0.00494580658739352,0.011886726488754107,-0.003103180760279378,-0.007774412764071537,0.0037861345612688613,0.007518072289156574,-0.009853528628495312,0.0025699600228441533,0.006554756195044087,-0.002327746741154546,0.002743194766828605,0.0027066041140384467,-0.008980785296574756,0.011071461249885672,0.004853867603015649,-0.008214849921010958,-0.008773806976246412,-0.0017559262510975504,-0.0021452949780594865,-0.006477225240284157,0.007778581765557124,-0.003106662064204291,-0.0015019847655830532
2014-12-30,-0.012202616100430164,-0.0028818443804033977,-0.0034772091616900314,0.001104362230811784,-0.011951766086863658,-0.0035137034434293835,-0.0018531591951993498,-0.008376963350785305,-0.024530692157088474,-0.005058365758754846,-0.0037780796932869176,-0.0024466078801161917,-0.0024873242131445705,-0.011296395911780555,0.0002848191398461264,0.003017789072427002,-0.002333177788147456,-0.008312289562289576,-0.005218643152780311,-0.009062170706006345,-0.02416289592760179,-0.004316546762589968,-0.0003185727938834759,-0.002590673575129432,-0.0008795074758135568,0.005081598749144822,-0.004626708727655027,-0.005205528630407463,0.0017313019390581275,-0.0005372300419038689
2014-12-31,-0.019018841094916472,-0.014849511660354864,-0.014033224607449157,-0.013237727523441767,-0.01144832055297551,-0.019217207334273567,-0.008222084696313248,-0.005385427666314779,-0.013695395513577346,-0.011732499022291787,-0.008630996861455742,-0.009606049767513114,0.006713340366356624,-0.012785636561479796,-0.007498101746393426,-0.009026128266033218,-0.012628624883068262,-0.005835543766578244,-0.009165460684997684,-0.012122501063377311,-0.014281739775572566,-0.0075350949628405495,-0.007329509241555177,-0.014177489177489178,-0.014377934272300275,-0.01711229946524051,-0.01162053665751106,-0.01082641645615301,-0.010485078926143698,-0.0061277144700063735
2015-01-02,-0.00951259286102557,0.008295397066262034,-0.000230804739190682,0.0005589714924538747,0.003823882879929963,-0.007370124033794778,0.0035656979853806448,-0.004671408854443171,0.006104859947330565,-0.008310249307479256,-0.0020917348207892816,0.0029923128514677266,-0.01467085834047821,0.0019289060347202902,-0.0004781486085875253,-0.0014381591562798723,-0.001894836570345726,-0.00469583778014937,-0.0015822784810125556,0.0066738428417651985,0.0037632891146861525,-0.011648465938637553,0.005778491171749556,-0.007135799758480665,0.008335814230425509,-0.00306657433969737,0.003847798204360764,-0.002188982123312644,0.0002328830926876524,0.004110329908058263
2015-01-05,-0.028171590597274254,-0.014447677335206133,-0.006925740669488145,-0.029050279329608908,-0.052786242925555005,-0.019920318725099584,-0.03997157576834254,-0.014613333333333367,-0.014396192742415104,-0.018355945730247347,-0.019053913700311398,-0.03122267373077514,-0.020980373199265268,-0.0112761276127612,-0.006984309223115104,-0.03104496719475125,0.0,-0.011044392022303229,-0.02255272461294644,-0.00930282292557727,-0.010591433124004124,-0.01610017889087656,-0.005426109160548975,-0.00475453339230425,-0.00944788898730442,-0.016471522127406213,-0.008304940374787018,-0.027422303473491727,-0.0029103608847497187,-0.027361844231390653
2015-01-06,9.41176470588001e-05,-0.002646849231395798,-0.01177838047268509,-0.029919447640966657,-0.0064345627944387696,-0.00036954915003684086,-0.0004626202812730851,-0.005304178393591652,0.016417189763399342,-0.021544715447154528,-0.024679474839256255,-0.020229372411596058,-0.0030614260319968833,-0.018636995827538305,-0.004913768185759726,-0.02592898431048718,0.007593735168486049,0.0018432180418519462,-0.010663507109004766,-0.014570966001079433,0.0038840469874952266,-0.00588235294117645,0.008344030808729253,-0.004555049438951353,0.0014903129657228842,-0.0020177562550444117,0.010092334120678448,-0.020864661654135364,0.007705779334500784,-0.005316203344778003
2015-01-07,0.014022209674383612,0.010513422476268186,0.01552575864502459,0.004744958481613493,0.01549670405921133,0.009242144177449063,-0.0008331019161343933,0.010229622374578362,0.0032066508313539632,0.0004154549231407678,-0.0029409442602242875,0.01490272584403618,0.034274393263991954,0.02097505668934252,0.022075910147172806,0.0015259409969481386,0.012482336316533171,0.017424242424242342,0.007248660573589749,0.01270536692223434,0.009153534019062048,0.0206562668101129,0.01368555060471044,0.005245535714285765,-0.012797619047619002,0.010210270926000797,-0.018069727891156462,0.005951238241505008,0.02653226740817982,0.010132501948558081
2015-01-08,0.03842227378190266,0.009292929292929353,0.017682032275500026,0.02066115702479321,0.010249402118209572,0.007692307692307665,0.02288308319436716,0.010341484433911585,0.004025097667811117,0.012043189368770912,0.003484113629615093,0.015965399401965064,0.022124317594100162,0.018600777345918695,0.00786282682834405,0.022346368715083775,0.012095836240986202,0.0037230081906178825,0.023967459324155005,0.02941812675751687,0.0060781746773892475,0.023084220512279874,0.020408163265306145,0.011435550127678384,0.009948748869460289,0.047733413389372537,0.021433210651656154,0.022137404580152786,0.02110609480812653,0.01664462081128759
2015-01-09,0.0010724819018679277,-0.0051040832666133795,-0.001972685887708825,-0.017929438982070445,-0.011949047458009066,0.010178117048345925,-0.019925731364912602,0.004904574048405941,0.0014149274849664106,-0.013951579811243286,-0.012211240654159461,-0.015346612708256768,-0.017147676161919034,0.001907876805669062,-0.013629100479368383,-0.017386984600099353,-0.011031946678924265,-0.012187367528613935,-0.01228381103709586,-0.008405127127547929,-0.00882981689748119,-0.01102410879868132,0.004615384615384466,-0.00933040614709102,-0.0029850746268657025,-0.009360076408787,-0.008902077151335397,-0.01643017176997763,-0.012379794406985778,-0.0014095196790633313
2015-01-12,-0.024640657084188944,-0.004325520571371033,-0.005093507678272657,-0.017667844522968212,-0.00867084997147749,0.009355883411299004,-0.02153220589594307,0.0022281167108753053,0.0009419521959259658,-0.0020807324178111486,-0.007309474356926082,-0.012169735788630898,-0.004480884736390522,-0.0043525571273121955,-0.0034305317324184736,-0.00859453993933279,-0.009063444108761365,-0.0021456925222614887,-0.005444870684321201,-0.01250264886628516,-0.0025318829707426938,-0.001354307740389582,0.003675344563552896,-0.003656509695290855,0.0026946107784431295,-0.011280370227535697,0.006843455945252375,-0.011958997722095743,0.007498601007274841,-0.019218241042345263
2015-01-13,0.008878718535469066,-0.011113356233582672,0.0022923511882018133,-0.013788968824940073,-0.005984578202324786,0.0016042780748661833,-0.015867019267094773,0.007728138894770309,0.005411128102576157,-0.005004170141784892,0.009536072103971449,-0.0007564705246663195,-0.0066079295154184425,-0.002732240437158473,0.001721170395869276,0.00016998130205680972,-0.00023452157598491397,-0.0019352757767983064,-0.000746547219111604,-0.005257510729613779,0.0039484817147692475,-0.00886709785103268,-0.0100701861458653,0.004225978647686812,0.0,0.005070697220867837,0.0021240441801189114,-0.00384245917387116,-0.007887136191957245,-0.0036532713384257454
2015-01-14,-0.003810560696788312,-0.0063342868818960785,-0.006022718609438038,-0.02492401215805473,-0.003473428273706225,-0.006228866346324913,-0.0028790786948176272,-0.010085092971950815,0.002574002574002643,-0.003352891869237151,0.008230370665603726,-0.025415021900178525,-0.010508049744529124,-0.004109589041095818,-0.0072546773577701895,-0.034500339904826705,-0.0016420361247947435,-0.013896369708068401,-0.004856182293612288,-0.008629058354007069,0.006180353965727026,-0.013682770234712205,0.0012330456226881115,-0.003433001107419731,-0.004777545535980976,0.0025225574852043575,-0.004451038575667643,-0.011571841851494735,-0.03023177695666779,-0.002888888888888941
2015-01-15,-0.02714025500910755,-0.010076084721365453,-0.0018407731247124248,-0.052369077306733125,-0.020332287672824467,-0.018266475644699187,-0.011838306063522652,0.0012734797835083356,0.01248687128019621,-0.008410428931875602,-0.0037949914019725917,-0.009654330577595238,-0.015880748246297705,-0.0044016506189822335,-0.014519230769230784,-0.03203661327231122,-0.004229323308270638,-0.001747869783701228,-0.0011261261261261701,-0.010336198455010326,-0.0038157282456956487,-0.009604097748372564,-0.0024630541871920597,-0.0014446049561062102,-0.0021002100210021357,0.010935836639891505,0.0027677240791994517,-0.010341463414634156,0.0088904283570026,-0.0086917762424783
2015-01-16,-0.007770080509267863,0.011840465309513881,0.0049177808513909405,0.011842105263158098,-0.005455407969639392,0.009850419554906953,0.02386286159540285,0.008797032326444132,0.00680036883356383,0.0004240882103478949,0.012787444693557637,-0.0070592190038658575,0.030789030789030836,0.007184305056645579,0.015123426675773377,0.017094017094017033,0.0035394053798960545,0.0012037644998905694,0.014656144306651742,0.01671064204045747,0.011023916292974612,0.0019394461803683427,0.012345679012345734,0.015468506565768925,0.01623571858087791,0.012540685429829557,0.0188959660297241,0.018138801261829762,-0.006981002517738588,0.024280575539568527
2015-01-20,0.025757146900651007,-0.0029768014781359486,0.003364428811744924,-0.007802340702210753,0.0013117099928452447,0.014089595375722519,0.012842465753424515,-0.004622819920151455,0.0038923869490554708,0.01102161933022483,-0.0010089038211007484,-0.00902781696101107,-0.008355743373031133,-0.00987654320987652,-0.026432141484044602,-0.003933488288932585,0.014813073124853027,-0.007541807847852189,-0.00037037037037035425,0.0032439446366780977,0.006560709665496267,0.006667383589633369,0.009146341463414753,-0.0006575342465753309,0.004437869822485396,-0.0014181715042071996,0.0039591581579494495,0.006971340046475483,-0.0009219776420421599,-0.0003292361720808046
2015-01-21,0.007634289919058013,-0.003912282507978926,0.009068739521414404,0.009829619921362998,0.016672621174228963,-0.008193801211257568,0.015873015873015817,-0.006016466117796049,0.011289770783441844,0.007966457023060647,0.0204926069733693,0.008654557877355806,0.0027118644067796183,0.010806317539484356,0.00602231217296878,0.003231017770597644,0.004633920296571059,-0.0050660792951541245,0.003705075954057113,-0.010131493856434526,0.00881299917378131,-0.001068261937827053,-0.013897280966767345,-0.005044412764557471,0.0014727540500736325,0.035031244082559976,0.001452885014528782,0.0019230769230769162,-0.0005767677932864146,0.008562959710176843
2015-01-22,0.026015518028297713,0.021498708010335932,0.02439392795106099,0.044127190136275196,0.01698488930537656,0.0237068965517242,0.007026627218934989,0.010406711266857771,-0.0005638249887236491,0.009983361064891838,0.03249485962451226,0.027603725656223377,0.02453395151163895,0.011787280701754277,0.018253189401373993,0.03041689032027195,0.009686346863468698,0.0060881115784812145,0.02061031130798563,0.026350174216027922,-0.003094003094003095,0.025024061597689995,0.005208333333333481,0.009809324369006944,-0.006176470588235339,0.04143798024149281,-0.009326424870466421,0.03205374280230333,0.019159741458910418,0.010884946119516625
2015-01-23,0.005160142348754393,0.007791156531417487,-0.007519905632556667,-0.02237414543194527,-0.013936880903017701,-0.010175438596491171,-0.019004774146162418,-0.004519180241723708,0.0010154575200271854,0.008237232289950658,0.00865438302624244,-0.008514612173148639,-0.0065994154803430405,-0.012598211866702735,-0.015034695451040858,-0.015801354401805967,-0.010735495660118777,-0.01463307294531846,-0.011272529989752145,0.0010608953957138567,-0.0006389776357826893,0.003234220135628574,-0.010972264553489763,-0.01680855708360629,-0.012429712932820358,-0.01624945103205966,-0.013598326359832602,-0.009484842849172503,0.0023782559456400065,-0.02132012490578228
2015-01-26,0.0010621348911310502,0.02168674698795181,-0.004085574208884335,0.0076287349014620975,0.004905968928863524,-0.008507621410847266,0.01899859616284516,0.002639358108108114,-0.0019161406672678627,0.004493464052287566,-0.009650336746932386,-0.0003878331209486996,0.009395463604441545,-0.01756070791603792,0.0005870841487281009,0.001587861679604785,-0.007157700300161718,0.012393925859758737,0.0013412998414827904,-0.0036032217041119807,0.0024662038728533453,0.0019758735440931208,0.010785824345146189,-0.005550621669627054,-0.005693736889421541,-0.003482142857142878,-0.004029692470837731,0.006008261359369049,0.0013557790080216403,0.009572010122125718
2015-01-27,-0.035013262599469464,-0.013463050314465486,-0.011859476392929058,-0.013880126182965191,-0.0718354062536325,-0.03825527350732927,-0.005694342395297536,-0.010529640939244023,0.0019198193111236161,-0.008540056933712958,-0.028935012669548343,-0.021782507482540625,-0.01128243700639342,-0.045245077503141995,-0.0016624291022883098,-0.010040514356174035,-0.014186046511627914,-0.012131906915187063,-0.003714076960545598,-0.09253350350989153,0.0133940774487471,-0.019200830306175365,-0.0060975609756096505,-0.03449430676490295,-0.011151295961422503,-0.014335633007794946,-0.012989778534923335,-0.01138484509145199,-0.012411147466997563,-0.008827375762859635
2015-01-28,0.056532893531244355,-0.015041338778762903,0.054045893719806726,-0.02751119641714661,0.002003757044458432,-0.0035315985130111027,-0.04202845002771116,-0.013834202405022866,-0.00980613165013533,-0.022149302707136997,-0.01680769009382399,-0.019491189302510037,-0.003993914035755108,-0.01199356442884314,-0.005975119992163824,-0.025800711743772298,-0.011087520641660742,-0.008819917383052323,0.001894518120149069,-0.034458509142053395,-0.011688545225678859,-0.0125925925925926,-0.019938650306748573,-0.015493120591975829,-0.003962206644315791,-0.014089628215616878,-0.006472491909385258,-0.015291674532754485,-0.008111504626985178,-0.0329851566794942
2015-01-29,0.031133466308212565,-0.004652103559870446,0.05829275279289603,0.015131578947368496,-0.0001249843769529635,0.015482186159298639,-0.006846012920644018,0.005935038307974594,0.017188389299943152,0.010067114093959662,0.001561188845305761,0.01698930944813637,0.027496658392209383,0.012879348630643994,0.008868742609380975,0.016803652968036653,0.004293893129770909,0.0505744537057895,0.013358545809442512,0.019907744598203436,0.01582969432314396,0.016718465330618493,-0.003755868544600971,0.006106870229007688,0.008567931456548328,0.00857458971049252,0.0013029315960912946,0.011503067484662566,0.010366275051831408,-0.0042069357589540335
2015-01-30,-0.014634146341463539,-0.014935988620199181,-0.016308025443226404,-0.018146467919637033,-0.0003750000000000142,-0.031410727406318895,-0.0045631067961164895,-0.02424372452263468,-0.02484333034914954,-0.007890365448504855,0.047386162149523514,-0.020342064890050637,-0.02973425013937936,-0.034200526161941025,-0.021879273295565493,-0.02317226513382431,-0.02209026128266034,-0.008898895679210872,-0.02305423463552625,-0.038324208521780534,-0.021672935697653606,-0.02761673869505643,-0.018221803330191633,-0.016108322633360483,-0.0012135922330096527,-0.028704634792942718,-0.008674907829104295,-0.01592115238817282,-0.03123575011399904,-0.0018269011189768758
2015-02-02,0.012546944349607347,0.009283135636926065,0.006122308591868908,0.020462046204620554,0.01087907965487056,0.017637018774890878,0.034428947625085415,0.01066402814423939,-0.0016066100527886151,0.013394725826705756,-0.009952562552320576,0.01786439301664644,9.576709442637998e-05,0.018462469733656173,0.006890353505092817,0.020044133872747283,0.010201603109059931,0.0007572479446127378,0.013062230437461242,0.0217821782178218,0.007597949469059007,-0.0035772357723576897,0.012799999999999923,0.00984695693439308,0.019441069258809174,0.009788235294117653,0.02778385473638134,0.017141756548536113,0.00859025653094836,0.024708304735758357
2015-02-03,0.00016859141869685068,0.012672457843638352,0.00738411048817178,0.02781371280724443,0.038099950519544734,0.010808796123742193,0.03271732981331321,0.023604916784509822,-0.0025287356321839205,0.010739363899215038,0.0020668921458095735,0.02706706934868075,0.02690797663506639,0.0014858841010403356,0.016165823663592205,0.022534703443302773,0.0009617696561672329,0.01524159550318882,0.00924461744313354,0.007751937984496138,0.00154447169982741,0.015557006092254078,0.011690363349131205,0.009750939849624052,0.023241954707985624,0.00484667722993759,0.01809280544912739,0.012118916871804553,0.0056002800140007025,0.029805760214333565
2015-02-04,0.007669616519174083,-0.012513876274094393,-0.0008144427853943315,-0.006293266205160575,-0.023474737845567195,-0.01585545722713866,-0.010773304117593363,0.07630180658873553,-0.009218713989398442,-0.012668573763792379,-0.013500843802737528,-0.00810031069684869,0.010910108168593835,-0.0029673590504450953,-0.010735896935389344,-0.005994358251057763,0.0012010569300984208,0.0013841567291310586,-0.006809690249487743,0.005769230769230749,-0.007256894049346818,-0.008677021960364129,0.0015615240474702308,-0.0018615474112856356,0.002038439138031256,0.0010203135145163689,-0.0006272214091574968,-0.00785781103835359,0.005337046061028028,-0.008563685636856389
2015-02-05,0.003178320508531174,0.01778231987736345,0.009373726395870197,0.011399620012666256,0.01976815131177534,0.021356313225927348,0.00886017535763739,0.013428120063191162,0.008606652709932439,0.01407284768211925,0.007089906861813322,0.011130998993176044,0.0053500599575684316,0.010119047619047583,0.010852407261247032,0.00691734657680021,0.002639155470249399,0.0030834662413610214,0.010557611795400712,0.014579349904397798,0.002467105263157965,0.008644910309055565,0.028687246647957743,0.010607296887749085,0.0037779715199071084,0.008339510748702761,0.001255230125523088,0.012068640392230767,0.00727062896710895,0.009840367373715297
2015-02-06,-0.008420877105219216,-0.03875891153730293,-0.004037685060565233,0.032561051972448185,-0.004307765944717046,-0.0007336757153338924,0.002744488152959468,-0.006040530007794254,-0.04162822878228778,0.0008163265306122547,0.007634524281373123,0.01471483100071902,0.0004587576841912355,-0.019004124926340515,-0.01327347257466327,0.019728729963008673,-0.00813591768365629,-0.0037099851600594924,-0.002882017412188631,-0.0009422850412250661,-0.03563941299790352,-0.0166059567173773,0.0054561988481358625,-0.012572087658592856,0.009554140127388422,-0.011211174416467573,0.03071458420392803,0.014533258803800964,0.0005728689275892318,-0.009311390212213055
2015-02-09,0.006642562852097855,0.01013266478637842,-0.0028378378378377533,-0.008489993935718476,0.017545968032688375,-0.004405286343612258,0.007481069245506955,-0.00284257988629677,-0.004933221032366708,0.004893964110929794,-0.008606883633809459,-0.006596521833942104,-0.00641966250917092,-0.010962606998047852,-0.013056379821958397,-0.0012091898428053804,-0.005307599517491046,-0.013512075752739605,-0.007406515324862917,-0.0011789672247111138,-0.012098298676748609,-0.006754548425754514,-0.0030147723846849495,-0.006541291905151292,-0.006595927731574358,-0.01031598513011156,-0.00486519359416171,-0.0044077134986226785,-0.016260162601625994,0.0006557377049181135
2015-02-10,0.01921149348479778,-0.0034126163391933195,0.003116953516736576,0.004281345565749328,-0.009094130152356161,0.013643067846607515,-0.0022638775695010827,0.0018676889806350516,0.017896009673518787,0.0032467532467532756,0.02055622732769047,0.012841620019756306,0.021506368838840606,0.02338293349529308,0.005712567648827438,0.011068834313386455,0.028377395100654956,0.014020707506471108,0.005945158942004314,0.0056657223796034994,0.03166858017604279,0.017330262147636333,0.032657998185666726,0.003997648442092938,0.0060623556581986815,0.02328857169687293,0.008555713994703451,0.006640841173215284,0.016063322081247833,-0.006006989951944042
2015-02-11,0.023438780527782255,-0.004254436027809616,-0.0008105917319644051,-0.0036540803897686658,-0.005840286054827337,-0.020371044016005757,-0.0018152114721364798,-0.0004905808477236873,-0.0276787835590403,0.0020226537216829765,-0.003998815165876746,0.016742522756826972,-0.0032529140688533076,-0.004451038575667865,0.0002989536621824662,-0.00153951419774212,-0.0007075471698113622,0.002020846628376871,-0.008081051742853673,-0.00516431924882621,-0.025688583882036542,-0.015525606469002695,0.002928257686676483,0.002927743295467744,-0.013199426111908164,0.008075617142332625,0.006059381943041897,-0.012277808319589578,-0.010883262687593098,-0.004504999450609892
2015-02-12,0.012652146060217806,0.00010421008753658256,0.001149269875608594,0.018948655256723956,0.0014386764176956834,0.09394727070181963,0.008001454809965391,0.016786099931284992,-0.009651802076969918,0.004844570044408636,0.014888475836431159,0.0113509192645882,0.01677091832109512,0.01713859910581239,-0.01932655907551306,0.02055850608189136,-0.00472032098182662,0.009340834306337031,0.008694066147860058,0.016753185464841946,0.002665143727393904,0.007556675062972307,0.01810218978102185,0.004553946753853344,0.006397208490840356,-9.103322712777917e-05,-0.005822124071471535,0.017810760667903436,-0.005211952744961779,0.019536423841059802
2015-02-13,0.004902736043017608,0.004480566843805489,0.011074346681072322,-0.003599280143971373,0.019154794684544507,-0.0010183299389002753,0.01731914125924594,0.005696080324387065,-0.015050579817419196,0.010445962233828876,0.009432061683851911,-0.004110022130888402,-0.0024072753209699593,0.006886446886446906,0.011986997155627899,0.001678697330871337,-0.004268437277685555,0.005889157640130316,0.00018082092700866248,0.018101647714086733,-0.016328080501234132,0.00043478260869567187,-0.006595927731574358,-0.0015111007787980135,0.0014446691707599157,-0.0036416605972323657,-0.004240710823909533,0.008567262121764507,-0.0009314239143090042,0.010826025765941383
2015-02-17,0.005901794145420247,-0.0018672199170125525,0.0012689507780672127,0.0012040939193256328,0.0029366850698930858,-0.004077471967380286,-0.003369391736123384,-0.00047998464049148204,-0.0056362725450902484,0.0007952286282306709,-0.011158284345743508,0.005396825396825511,0.0009831084100455634,0.010913853317811473,0.008231278859666569,0.007206301323948283,-0.004286734936889691,-0.013591217982226955,0.005905749065927335,-0.00661043993617505,-0.0019301293186644308,-0.001955671447196994,-0.0017321016166282899,-0.004772991850989672,0.0014425851125217104,0.0029239766081872176,-0.0026363820726019727,0.0007229351165731757,0.0017480480130520615,-0.003427225018742708
2015-02-18,0.006923257451302511,-0.0002078569943878561,0.00833778014941311,-0.019843656043295188,-0.0067931599906301265,0.0061412487205732,-0.017437722419928914,-0.0024971187091817892,0.019901750850233046,0.003178386968613278,-0.004330195776224288,-0.007104515314177551,-8.928571428579168e-05,-0.013531020584424902,-0.004778972520908087,-0.012146422628951825,-0.0019134178426215565,0.0024377318494965827,0.0028756290438534116,-0.0011473152822395472,0.029684780506671782,0.019159590681471883,-0.0028918449971081506,0.009006901391975797,-0.006338231057332111,9.110787172006418e-05,-0.004880032533550294,-0.015351273252663833,0.0038389948813402075,-0.021923696937130477
2015-02-19,-0.0020588121042615093,-0.0097713097713098,0.017066878348878767,-0.005521472392638005,-0.017688679245283057,-0.006103763987792443,-0.018924302788844605,0.0002888503755054117,-0.022230455724342346,-0.009504950495049402,0.0070026720722382585,0.0023321142735994727,-0.009375837128315023,-0.0016051364365970988,0.007402961184473922,-0.00235809331312109,0.009106158638868989,-0.004123493338972328,-0.0018518518518518823,-0.000689179875947632,-0.009953986289792383,0.0008545182653278971,-0.0020301624129930307,-0.01217250173892892,-0.011597564511452552,0.0023685888676323597,-0.0006129955046996205,0.0007336757153337814,-0.03210105458338175,-0.017250851554774238
2015-02-20,0.008135461268976352,0.01333193365525931,0.02965853658536588,0.01048735348550256,0.013685474189675917,0.010235414534288667,0.00230733733271804,0.006352873231302292,-0.005810281672350759,0.007996801279488208,-0.008509470216854442,0.012691026386759008,0.011718045790517273,0.005846243788365957,-0.0043694141012909915,0.009623501603917006,-0.003324625979577278,0.0,0.006164342569872527,0.008160919540229905,0.0016124442758227442,0.013127001067235966,0.0043591979075852105,-0.00399014200211234,-0.00029334115576429287,0.023539034808688575,0.0012267429973420452,0.0049486803519060985,0.009339080459770166,0.005366726296959001
2015-02-23,0.027066682111278384,0.00828757899098731,-0.022550691680879198,-0.01098901098901095,-0.011250592136428317,0.0006754474839580915,-0.006813996316758719,0.004208512673361975,0.006987676280015398,-0.00158667195557316,-0.01255075673680317,-0.0062659913320453065,0.0003563791874554578,-0.018889857599534987,-0.000797925393975607,-0.007525083612040073,-0.002859185132237263,0.0012740205966663698,0.004104211277658809,0.006726713031581344,0.00369318181818179,0.0008427262193195784,-0.00491898148148151,0.006127017791917044,-0.006748826291079757,0.03356419818859879,-0.004084133142740365,0.004924311508298418,0.003558718861209842,-0.010120106761565828
2015-02-24,-0.006240601503759491,-0.02753518956128631,-0.0023264831329973257,0.011111111111111072,0.01209725715654586,0.0,0.0009271277582050264,-0.003047909324697562,0.007443855664900134,0.008740564163686848,0.006822429906542027,0.010036256633913165,0.03981118631991443,0.01925355450236954,0.005190656817728012,0.024768323504633427,0.006690561529271166,0.0071042307284487904,0.001836384100468047,-0.0013590033975083848,0.0008491367110106118,0.0043153352278706425,-0.0014539110206454042,0.001288207050005763,0.005908419497784312,-0.008333333333333304,0.009226983801517319,0.004900181488203259,-0.00035460992907798694,0.004606224019773064
2015-02-25,-0.025573125520163442,0.03380876914949793,-0.008874206503433069,0.006715506715506692,0.007692307692307665,-0.004724940938238276,0.005742867728788514,0.008598452278589797,-0.010519724483406212,0.0204805041354863,0.01611435997400923,-0.0026011861408802295,-0.003768736616702295,-0.013513513513513375,0.00506454816285995,0.005261427162117638,-0.0018988844054119713,0.03874499894714667,-0.0013599810785241973,-0.00226808800181455,-0.021681749622926016,0.014671976524837538,0.009318578916714948,-0.0004678362573100614,0.004698972099853371,-0.011955297582950775,-0.00040633888663133,-0.0007224128589489176,-0.01182452406290646,0.0020129724893758194
2015-02-26,0.012617439242177175,0.010526315789473717,-0.0083654663093915,-0.027289266221952713,-0.015854374633000656,0.014242115971515812,-0.013998894824092778,-0.009567111868902023,-0.00569548158460953,-0.0007719027402547374,0.0218515338095846,0.0025036511579386023,-0.007995873097756068,-0.00869052879658272,0.015709910087936096,0.00719659797186778,0.009750297265160635,0.008615446989661546,0.004263129847830172,0.0014776085473970912,-0.0028907303912121263,0.0017558355711631002,-0.002019619157530128,-0.0033934004212495816,0.00847705349313066,-0.0034195528277071174,0.0034552845528454945,-0.0032532080245797346,0.0027521837980137853,-0.010602678571428492
2015-02-27,-0.014990606908714343,0.002629449838187803,-0.005799775917748606,-0.014339152119700715,-0.010739856801909253,-0.01337345369441656,-0.0035494115449280494,-0.004590665646518777,-0.0001272912423625483,0.0038624951718808642,0.005971857176062523,-0.012539021852237209,-0.005460218408736339,-0.011887072808320909,-0.00282101167315163,-0.004871711594673589,0.019783325482807257,-0.006130037182192738,-0.005660043629503009,-0.004653274316195666,-0.0001932740626209295,0.001340344365398538,-0.0078057241977450564,-0.00046964893741929803,0.0017391304347826875,-0.0002639450994192938,0.0016204172574438847,-0.006527651858567518,0.0015513126491648599,-0.0012408347433727762
2015-03-02,0.004904250350303618,0.0026225539640911677,0.019555850182300327,0.012650221378874171,0.0012062726176114147,0.023043036258895366,-0.007311586051743535,0.017390468870099873,-0.01896880967536596,0.004617160446325652,0.02202157723548326,0.010537963011749918,0.011938997821350883,0.02436090225563925,0.0069261535459954615,0.007996083550913857,-0.002309468822170757,0.011122345803842304,0.010969463385710032,0.000684150513112991,-0.018557896771699056,0.01678336079077436,0.013111888111888126,0.003289087278280256,0.0023148148148146586,0.006776379477250849,0.00040444893832147777,0.013871144369410393,0.00035744072441312724,-0.005647165123108144
2015-03-03,0.002091564025098913,-0.011267605633802913,0.011508452535760716,0.001873828856964188,-0.001927710843373398,-0.021530308049022895,-0.00698772426817762,0.004344130701671389,0.00583960550220608,-0.009574875526618176,0.006564989043859271,-0.002711298816413743,-0.0004305890458147221,0.0010275983558425406,-0.008525479558225135,0.0032378177108627337,-0.0057870370370370905,-0.0026000000000000467,-0.013079178885630482,-0.013673655423883324,0.00393933425251114,-0.007898734177215205,-0.006039689387402958,-0.002927057721578308,-0.006639722863741482,-0.013461538461538525,0.0016171417020416357,-0.0018001800180017513,-0.007027155788470574,-0.004770558836892369
2015-03-04,-0.006338899196042247,0.002849002849002913,-0.007842128945169335,-0.012468827930174564,-0.013399323998068535,-0.007109004739336511,0.0,-0.0073342736248237506,-0.005547671268223531,-0.007733952049497228,-0.0008033932566796631,-0.008365138286192453,-0.011286292754372207,0.0007332453438919639,-0.006742231776431518,0.0025818944650637388,-0.010477299185098987,0.005113294565871396,-0.006596541272954282,-0.005198706099815209,-0.005395330586619562,-0.004593242829437627,0.0023148148148146586,-0.009511507750117443,-0.011915140947398872,0.008506113769271684,-0.009687184661957504,-0.011361587015329189,-0.009475830634520843,-0.005021684546907101
2015-03-05,-0.016570717286447767,0.006899350649350655,0.0007774538386784435,0.010101010101010166,-0.0026917900403767847,-0.001022843504943638,-0.004089007227082497,-0.005115089514066473,0.006486766995329463,0.00623538581449723,0.005368907025400604,0.0021616491801550453,0.010020913210177618,-0.011430246189917947,0.008558780127889687,-0.0020923869306294085,-0.0023529411764706687,-0.011371571072319231,0.0024527398899258923,0.0012774358378817574,0.007298550152875061,0.009639048400328143,-0.004907621247113192,0.003319502074688785,0.0,0.00852222807942371,-0.0030568575504381634,0.00036483035388545915,0.011988374909178923,-0.0050470291351228935
2015-03-06,0.0015030456451230467,-0.026501410721483265,-0.008739561079821323,0.013749999999999929,-0.017789228315544192,-0.012798634812286713,-0.011267067697889876,-0.011520517947253284,-0.033771590616138214,-0.015491866769945739,-0.014679198878636446,-0.016677188552188582,-0.01259597963937531,-0.016009487103468723,-0.023507608271556735,-0.01790322580645165,-0.02075471698113196,-0.019977802441731418,-0.019156173539416232,-0.01739735560194855,-0.03358464701850572,-0.015742433475523065,-0.014505366985784751,-0.02327779747134584,-0.015294117647058902,-0.016639080059238753,-0.012878168438266613,-0.0045587162654996405,-0.011726696182840612,-0.012796864191837676
2015-03-09,0.004265402843601995,-0.0003105268605734235,0.010645245559038674,-0.0030826140567199456,0.009367974019485414,0.01503889369057898,0.0038628681796233355,0.013870159892121148,-0.0026680896478120664,0.008654602675058909,0.0020946063885496358,0.005457171900914881,0.006989951944080364,-0.01416089183489,0.005493956647687481,0.0100180653637707,-0.003131021194605066,0.005971378564810115,0.012229252859576434,0.011567516525023747,0.00233029381965566,0.00536580332267067,0.0017662643508979947,0.0052020324219697045,-0.0038829151732375777,0.01789510985116949,-0.001242493269828171,0.001465469866275937,0.0035113209831698633,-0.005488730585075263
2015-03-10,-0.020685858109171007,-0.020811762269621115,-0.015056542810985563,-0.023500309214595116,-0.011137235490657149,-0.023841961852861027,-0.010004810004810016,-0.020615618468554087,-0.0008025682182986049,-0.0183307332293291,-0.02482145967601468,-0.02777629968605333,-0.023340563991323227,-0.03117359413202936,-0.011225909000596057,-0.02504065040650405,-0.01691229765643887,-0.014532801146248997,-0.024703973072068397,-0.019136522753792296,-0.009501667845951856,-0.00944267679359545,-0.007346459006758788,-0.018654471055482014,-0.017091454272863627,-0.021235857267189018,-0.014928467758656416,-0.02524236327053231,-0.009773166023166024,-0.010568341944574788
2015-03-11,-0.01823146735201997,0.0006344506714603959,-0.008201023487731218,0.020265991133628924,-0.0026279564510073294,-0.013956734124214831,0.006121854047225872,-0.00194005238141437,-0.005622489959839383,0.0007945967421534306,-0.007430561757613585,0.008045536642767193,0.004530916844349697,0.01987381703470037,-0.012157138551190716,0.004669779853235578,-0.014499877119685367,-0.013812441582718993,-0.0032663626278811586,-0.0011896264572924808,-0.00010205122971718161,-0.012123096052222615,-0.00444049733570151,-0.0018395879323032105,-0.004881025015253337,0.0023119331317802416,0.003578194064407514,0.0076937511728278896,-0.0168149140977214,-0.002848326608117846
2015-03-12,0.018079188481675557,0.017330656240093,0.005755110140901021,-0.0012414649286157653,0.006148055207026326,-0.0007077140835103357,-0.010817075526366682,0.041597822917678995,0.013462574044157183,0.008336641524414379,0.009861613489535292,0.0313280486480616,0.026797559034226648,-0.04732446643983912,0.015358014646053686,0.018758300132801997,0.01172069825436406,0.013584667228306646,0.01694181660792693,-0.022868032396379134,0.025923657889365126,0.017830920914621462,0.01100208147487347,0.008600565179997632,0.01563458001226259,0.019162526614620257,0.022021812080536884,0.03519553072625703,0.01499566241169914,0.002380385622470893
2015-03-13,-0.006910405785455986,-0.021086527474810435,-0.003091291765324855,0.0,-0.011971567527123028,-0.010623229461756312,-0.007810974419058758,-0.006811607726042723,-0.008900106269925656,-0.014173228346456623,-0.0145588680791916,-0.0032113714135297844,-0.01102497846683892,0.004220779220779125,-0.006210557948512552,-0.00602900439954368,-0.016268178456988025,0.0010389610389609505,-0.010518635617437821,0.008776206728425162,0.0008953442101073961,-0.01267518549051938,0.0,-0.0031672554513340057,-0.01116812556595248,0.003220752089136525,0.0022573363431153126,-0.00449721172872819,0.0,-0.00415578247447157
2015-03-16,0.011004126547455195,0.003926146010186704,0.013854984495612621,0.0024860161591049312,0.009339896503849587,0.012884753042233354,0.014859279669356296,0.008737316798196337,0.01474333199303035,0.01637380191693283,0.015623869801084878,0.01352065068131414,0.014631597282703357,-0.0032331070158422293,0.01864731377885298,0.013934426229508245,0.009521423202204948,0.008303061754021845,0.021322354676170496,0.004349927501208217,0.023456912831726573,0.006575514038200447,0.012941176470588234,0.021141390688011796,0.009157509157509347,0.028373101952277713,0.008804258804258724,0.007047343693530772,0.01697191697191691,0.01061166090377963
2015-03-17,0.01672669067627064,-0.005179156537363894,0.005466258866402063,-0.002479851208927464,-0.019007127672877266,-0.005300353356890497,0.0003878599825464235,-0.0038185712955202122,-0.008321225729758241,-0.005500982318271119,-0.0071754148564916465,-0.006930693069307048,-0.007896995708154497,-0.0077846253649043184,-0.011577280823273361,-0.0038803556992724753,0.005460412012906479,-0.010087493566649508,-0.011912640635340921,0.0032483156881617514,0.0030105856074584825,0.0010369141435089269,-0.00783972125435528,-0.008496888463379704,-0.00483968542044777,-0.007762402969962889,-0.006494824436776958,0.0032298582451102398,-0.008044182975147085,-0.008022652194431434
2015-03-18,0.01125629722921917,0.014768380790480151,0.007895929066079832,-0.006836544437538783,0.03671128107074573,0.0,0.03421537268585828,0.009442782348541456,0.017581246670218542,0.01303832477281719,0.015333297465970785,0.009182977383638491,0.004326007959854605,0.00980712651193194,0.015717289017919578,0.002272358383379247,0.002221673660824486,0.008630550067588727,0.013639408147110732,0.01930687132749731,0.0350503485670024,0.010047648643049412,0.006145741878841093,0.01086300543150287,0.02097264437689983,0.02006802721088441,0.012053115423901861,0.004650330888928744,-0.0010893246187364536,0.02366793529971445
2015-03-19,-0.007589320463921467,-0.009632499214741963,-0.010402619919090528,-0.023153942428035146,-0.015246526496987545,0.003907637655417462,-0.01827553889409561,-0.005557099194220538,-0.005104712041884785,-0.012090483619344838,-0.004398050021195421,-0.012219217970049878,-0.007925568573397657,-0.0048559404337974454,0.0022669032130888667,-0.008906882591093068,-0.014285714285714235,-0.01051546391752578,-0.004865741575058591,-0.005058823529411893,-0.013283442469597784,0.008306840324069142,-0.006689936009307895,-0.004417910447761297,-0.011610598392378657,0.006668889629876773,-0.004844570044408636,-0.011750044507744417,-0.01223797407003524,-0.019286627163936254
2015-03-20,-0.01251029452135377,0.03277302040384811,0.0025306599182401968,0.014734144778987934,0.013734548632788002,0.006369426751592355,0.02176610978520288,0.009872403837198451,0.00868306801736618,0.0027635215159889093,0.0022708322245286183,0.01663420540085281,0.020232719694338375,0.01854261548471059,0.0069820041301997815,0.008986928104575131,0.015742128935532174,0.01114815586580531,0.005010261982373532,0.01407118363485882,0.00483503981797484,0.03722538649308382,0.002928257686676483,0.016310865915087458,0.0009036144578311589,-0.013415038092083553,0.005273833671399775,0.00900738605656648,0.021099116781158056,0.0015401018836631586
2015-03-23,0.010405083399523285,-0.0005118231139318308,-0.010938511326860856,-0.007575757575757569,-0.0012316787781745386,-0.0012306610407876173,-0.010370924039988738,-0.001936733376371902,0.0016955784531107465,0.00275590551181093,0.0007434286220018294,-0.00605809558328585,-0.012086134990211939,-0.003513254551261613,0.005664062499999956,-0.009878542510121435,-0.0007380073800737907,0.016177228232869822,-0.002162292029551427,-0.0005830223880598506,-0.0023587130861402184,-0.005099039027260388,0.023357664233576658,0.001416096294547975,0.0015046644598255554,-0.0008393486654355575,0.0016142050040355294,-0.004106409569719638,0.0008409418548775971,0.01052756091790874
2015-03-24,-0.00408772895212639,-0.004916018025399427,-0.007591126235193979,-0.006997455470738045,-0.007522505857688988,-0.014258053159655004,-0.016238670694864066,-0.010256884124930643,-0.009635416666666563,-0.00785237534354144,0.021525726515379207,-0.0035424046676391097,0.0006892392521755664,-0.013141025641025594,-0.009904835890464314,-0.011122015047432154,-0.0036927621861151394,0.007503548975866803,0.0011436826581592285,0.0010500525026251317,-0.008511443162473875,-0.00798344175044341,-0.015121255349500595,-0.011077068112184785,-0.006310096153846145,-0.007728494623655879,-0.004633360193392555,-0.007708856220867699,-0.0031208738446765194,-0.010651995786023716
2015-03-25,-0.02612676612203013,-0.01739398929600655,-0.022551928783382857,-0.012812299807815508,-0.007703777335984152,-0.01928571428571424,0.014107485604606618,-0.019699374474838938,-0.014462266631606768,-0.014246141669964407,-0.01824981819441074,-0.020545796737766686,-0.021265604821351647,-0.029230269568041534,-0.01588858375833646,-0.014058881905392062,-0.0004941932295526863,-0.012278582930756787,-0.021765271765271765,-0.03356643356643352,-0.013544448683708521,-0.016492796820665734,-0.006373117033603881,-0.010843660629170637,-0.013607499244027932,-0.01337622756518797,-0.013762396276057465,-0.014634146341463428,-0.020830824804334735,0.004022716516800751
2015-03-26,0.006970335548711404,-0.0028281135435215266,-0.0004047763610605104,0.0006489292667100077,0.0002504382669672456,-0.013474144209759675,-0.0039746380240370804,0.0022857142857142243,-0.008137673425827052,-0.00441589723002811,-0.005925925925926001,-0.0005871363757672388,-0.011523574947220339,0.00635664101706257,-0.0019932230416583874,-0.0011742996141587136,-0.0024721878862793423,-0.005094762584063606,-0.0006760909649661251,-0.006029908345393187,-0.006768516727905682,0.0034346903727648925,-0.004081632653061273,-0.01036019756655826,0.006131207847946074,-0.0024884159945083306,-0.006361584239688023,-0.0007334066740006806,0.007009345794392718,-0.006363422106999805
2015-03-27,-0.007968448164842212,0.008823529411764675,0.004589323074846607,-0.007133592736705552,-0.002628943415122653,0.0014765596160943861,-0.009216152019002388,0.0022805017103764147,0.008742434431741941,0.0024193548387096975,-0.01080476900149041,0.004379406109805473,0.013259766841683618,0.06382978723404253,0.0019972039145197407,0.0001679543164259112,-0.006691449814126504,-0.006964358869315901,0.005596900178362674,-0.005823829167677763,0.007982866043613868,0.005537098560354448,0.010831381733021228,0.0019476567255021227,-0.0021328458257160454,0.01513978494623669,0.0028913672036348093,-0.006972477064220217,-0.0065942117474662165,-0.008776091081593829
2015-03-30,0.02531440162271803,0.0012494793835899909,0.02586496472959343,0.013716525146962644,0.021338019329735225,0.01916697382970889,0.0251246643651708,0.006067500948047089,0.01200000000000001,0.01045856798069189,0.00642991659940817,0.015739657556099074,0.006762691024064571,-0.016874999999999973,0.012058999402033033,0.023677581863979835,0.01072854291417169,0.009488448844884534,0.015596330275229331,-0.00024408103490358712,0.01158972377824985,0.010112134561473862,0.013611352447147285,0.004981168752277831,0.006717557251908257,0.0253368358613677,0.01153212520593061,0.012010347376201214,0.014505224339274925,0.024527398899258257
2015-03-31,-0.015351744876157314,-0.02090266222961723,-0.017157825802226467,-0.008376288659793785,-0.016467985744131775,-0.004520795660036159,-0.017960710944808223,-0.01159065209197141,0.011594202898550732,-0.01234076433121023,-0.011467828597396257,-0.01596691445921894,-0.008898194190002595,-0.006039415130324244,-0.009354997538158605,-0.00623359580052496,0.0009874105159219937,-0.004495300367797328,-0.006624510689551499,-0.0074462890625,-0.006587741073133424,-0.0055505996629993115,-0.006000000000000005,-0.009429400386847253,-0.009705793145283637,-0.022396694214876,-0.009975570032573211,-0.00675552309658578,-0.003392705682782049,-0.007357234614037034
2015-04-01,-0.001446596479948603,0.024535315985130035,-0.009594882729211274,0.001299545159194171,-0.004873172560289851,-0.009990917347865502,-0.001809868546389759,0.005243588521308018,0.0006512112529304392,0.0012091898428052694,-0.00939246439516861,0.022663190934723687,-0.004224980195405403,-0.014710585225455763,-0.014413518886679855,-0.010399471772862268,0.003205918618989001,-0.011802134646962115,-0.01473173688996654,0.0015988193334153245,0.006823642479577119,-0.007774344662613397,-0.013222190284564506,0.004637539663168155,0.007350689127105792,-0.007101191985797617,0.005963397079991717,-0.008455882352941146,-0.018723404255319265,-0.006352941176470672
2015-04-02,0.008611670020120643,0.003317437279701574,0.0043057050592034685,0.00843608046722899,0.007533902561526862,-0.004403669724770687,0.004676018704074858,0.005311077389984931,0.001822204867890198,0.004025764895330131,-0.01488653114706373,-0.003537429121364899,0.012463537523203394,0.0,0.004942007060010134,0.009507923269391094,0.0,-0.004777235434624605,0.0017228648781688616,-0.01055992141453832,-9.545628102336501e-05,0.0011049723756906271,0.0014564520827267113,0.0013362487852286442,0.00729705077531162,-0.0007662835249042654,0.011242845461978623,0.007971820541342156,0.0002478007681825378,-0.001894387875917558
2015-04-06,0.016198531758697676,0.013019218846869185,0.011053054662379491,-0.0019305019305019266,0.015578265204386765,0.003317360855142004,0.01557750759878429,-0.0034905660377358982,0.016499935039625768,0.009623095429029505,0.00487705750863654,0.002610284521012751,0.0035795355334380385,0.007465108730931425,-0.004817342432757998,-0.0008261731658956162,0.012045231071779794,0.004695815506626344,0.016461916461916415,0.031149168528170845,0.007541766109785186,0.0007023881196066561,0.002908667830133549,0.007400218367099365,0.006036824630244464,0.002897068847989015,0.0032342834040832713,-0.00533382379988967,0.0032206119162638824,0.009845788849347503
2015-04-07,-0.01052218296034546,-0.01193390452876375,0.009209567349102166,-0.003223726627981871,-0.011657872131549785,0.006245407788390889,0.015151515151515138,-0.0018934014957870948,-0.007540899795500877,-0.006354249404289081,0.0016729478812389509,0.0017703722988804405,-0.005654632448890862,0.007087628865979356,0.009479628882614,0.0062841078220605695,-0.0038863249939277145,0.0007270461154964547,0.00441140923374439,-0.00036105427849320026,-0.011843850672730749,-0.0012032487716835405,0.0017401392111369152,-0.00782755298651261,-0.005100510051005203,-0.0029736618521666314,-0.007253677211364051,-0.001109467455621238,-0.006050129645635227,0.007282978973334853
2015-04-08,-0.0032537100230141114,-0.0035098585733457366,0.006827731092437173,0.009702457956015431,-0.0012416190712690733,0.005841548010222741,-0.017320803390455275,0.008821018685383653,-0.004507405022537103,-0.0003996802557952872,0.007304628711962691,0.0008836218098655646,0.01128608923884511,0.0015994881637875213,0.0005994005994005569,0.0032867707477401975,-0.002926115581565414,0.00518941359626357,0.0003609891101619134,-0.0026486876956416383,-0.0023971617604755524,0.012348157815480487,0.0028951939779966462,0.00461221021968683,-0.015379975874547536,0.00715807413719638,-0.0028414856910898845,-0.0003702332469456282,0.0065838509316771265,-0.019708454810495546
2015-04-09,0.007643312101910826,-0.012327773749093551,0.0003912363067291036,0.006406149903907865,0.002983590253605284,0.0027223230490018846,0.0027189199324957336,0.0038548326438510028,-0.003751617076325875,0.02878848460615746,-0.0014940601996940028,0.012100124636476917,-0.008824292758889296,-0.002235707441711976,0.01168130990415328,0.00687960687960687,0.003912937148446982,-0.0030975735673721694,0.0031274433150898506,0.0014485755673585565,-0.00028835063437138153,-0.0011900039666798978,0.011258660508083107,0.0014498006524104046,0.001225114854517484,0.003045942973178839,-0.002442499491146055,0.0035185185185184764,-0.0023448105639886085,0.007018796098025248
2015-04-10,0.004266750948166864,-0.002831969792322364,0.006257332811888894,0.0006365372374284028,0.023797719385225458,0.015022624434389176,-0.0003740065451145469,0.0016858668165216084,0.0107778210621996,0.1080450835600466,0.0009488704791795755,0.003848324695982397,0.005847953216374213,0.02208706786171577,0.007204184348169385,0.0037416625996422592,-0.004141291108404221,0.012946659761781554,0.0016787577192878267,0.005785920925747368,0.008556869531775702,-0.0074463860206512855,0.011704253497002437,0.0055495234648328395,0.002447231569287389,0.003795866722901664,0.0042848398286063905,0.002398966599003627,-0.0023503216229588952,0.010750147666863441
2015-04-13,-0.0019669551534224894,-0.0030503839276322386,-0.007384376214535471,0.0050890585241729624,-0.005569007263922399,-0.002139800285306692,-0.003835001403049265,-0.004114071996259905,-0.007836587872559142,-0.030866362679761616,0.0001823021110585188,-0.00030668574933534476,-0.006942034015966603,-0.006263701847792014,-0.014795218498922291,0.005996758508914013,-0.0044031311154598685,-0.0036809815950920033,-0.007362183515891463,0.0009587727708533222,-0.01096282173498575,-0.007002100630189134,-0.009875846501128493,0.0009598080383925733,0.0033567287152882486,0.0031092436974791138,-0.00365704997968308,0.00497054491899851,-0.004463732176069435,-0.002571294997662399
2015-04-14,-0.004335829720141904,-0.002954209748892156,-0.00019577133907600075,0.0012658227848101333,0.010469929388848387,-0.006075768406004323,0.021971830985915597,0.0014083184677493588,0.004661401009970145,0.0036192544335866828,-0.016149023038786847,0.010941814091420365,-0.0034078993358965803,-0.007563819728963139,-0.0002983590253605728,0.015627517319155793,-0.004668304668304812,0.001436781609195359,0.0009044862518090557,-0.002634099616858232,0.005879518072289258,0.0026191195728821892,-0.0017098888572243398,0.0020376363418432852,-0.005778588807786034,0.004607522828181221,0.0028548123980425277,-0.007327349331379462,-0.0017436791630339732,0.015116006561987305
2015-04-15,0.0038004750593825243,0.007089947089947035,-0.005091051497943977,-0.011378002528445008,0.02602409638554204,0.015821646889608187,0.014424843807423704,0.0030001875117195986,0.005541951282381552,-0.009736747205192908,0.002334284338063597,0.017094881650819405,-0.005260850504164805,0.042553191489361764,0.0007958615200955865,0.018559644670050668,-0.0027153789187854827,-0.011682721869235468,0.002711006687149853,0.014525810324129695,-0.0017247987734763104,0.003014166582939737,0.005138452754781531,-0.0010765550239233423,0.006118078923218251,-0.021681120747164884,0.004270028466856424,0.011441225318324477,-0.005115408608858507,0.01673785062911226
2015-04-16,-0.0048114844612714425,0.01670694546600826,-0.0030177786524963057,0.00959079283887454,-0.009628933771723691,0.012389380530973604,-0.0022642876551036695,0.010469246588147296,-0.009100230710074264,-0.006554989075018169,0.004583764601508333,-0.00442565887618096,-0.0007051564565887514,0.0012183978068838197,-0.00805168986083482,-0.006229559258682293,0.004950495049504955,-0.008399004562422263,-0.0033044941119924065,-0.0022482546444209106,-0.004031483970051819,0.00070119202644503,-0.0005680204487362728,-0.00011974613818710456,-0.004256612952265093,0.036481418342993566,-0.0024296416278598576,0.0,-0.006270378730875326,-0.003973660308810079
2015-04-17,-0.011254656415946807,-0.006821000413394063,-0.015595183259853984,-0.014566181127295685,-0.012568176428740863,-0.023951048951049048,-0.009531590413943358,-0.01304347826086949,0.0,-0.0010997067448680342,-0.019833676773623687,-0.01428500074921335,-0.011202258092970041,-0.012169151201703587,-0.0021044192804891004,-0.01520137909418584,-0.007389162561576512,-0.007842727177663877,-0.025197419977093127,-0.012926944971536902,-0.005878951426368517,-0.013513513513513598,-0.004262574595055413,-0.011616766467065887,-0.00732824427480927,-0.02376644736842104,-0.007509640755023472,-0.01386608283160018,-0.01716304896516907,-0.009118887495725536
2015-04-20,0.022845691382765487,-0.002705515088449406,0.02052139037433154,0.0006426735218509894,0.015850144092218965,0.02024001432921363,0.010814774081202572,0.014340612990908275,0.016815418445220498,-0.008440366972477076,0.022130870593535246,0.003800354699772024,0.006779661016949268,0.008007391438250577,0.00632657160072303,0.006365372374283806,0.008933002481389618,0.013701517706576904,0.017314946509183082,0.03099843806319824,0.013087736306349962,0.01461187214611881,-0.0008561643835617305,0.0041197140433781865,0.009843125192248614,-0.0010951057198214098,0.009815950920245564,0.005735430157261856,0.00333846944016436,0.003566087656735162
2015-04-21,-0.0054075235109717346,-0.008973288814691172,0.004323049715071914,-0.004495825305073864,-0.008037825059101555,0.0073735955056180025,-0.005077522894188058,-0.004989835520236463,-0.006869355043887637,-0.014803849000740166,-0.002947496005729744,-0.00636042402826853,0.0027467659046607196,-0.009165902841429818,0.0008981139606825117,-0.014705882352941124,0.002951303492375823,-0.013620295279684003,-0.003100115494498734,-0.006292972846987599,-0.010526315789473606,0.003000300030003178,-0.003427592116538092,0.0025340895378302974,-0.005178190679256844,0.005903187721369552,-0.004252733900364514,-0.0014716703458425018,-0.0014077297158945346,-0.004126547455295726
2015-04-22,0.013474115514931828,0.00989682038323858,-0.013956825148372931,0.015483870967741842,0.011320305052430868,-0.002439874520738905,-0.0020960539506060805,0.0024145616641901846,0.002946074036121571,0.010894064613072851,0.011520928305014388,0.007518796992481258,-0.0015905275249624706,0.008325624421831712,0.0012961116650049842,0.010110736639383555,0.012996566944580623,0.031305997681037256,0.004085365853658374,0.008209217778820221,-0.0010638297872340718,-0.0013959517399541044,0.0011464603038120469,0.00012036591237363226,0.006123698714023407,-0.01232394366197187,0.008135041692088674,0.0071849668386145815,0.005126233499936017,0.006675874769797474
2015-04-23,0.00816358264655559,0.0012510425354461674,-0.008730736159798913,-0.0031766200762389785,-0.0009426181218333829,0.0019217330538086053,0.0042922374429223975,0.00982027052065959,0.007151979565772626,-0.0022296544035673715,0.015077023926581612,0.00499193223073835,0.008584830515974806,-0.010703363914373099,0.0002987155232498928,-0.0022243406418811507,-0.008714596949891074,-0.008585445625511112,-0.030424485334304974,0.008258694893567675,0.009584664536741228,0.009585621567648417,0.012310334955625502,-0.02575520519918162,0.041692026780279834,0.0038197097020626902,0.009683276175105782,0.003475397841594896,0.009562667346678655,0.0009147038646240002
2015-04-24,0.004704249248091319,-0.007496876301541167,-0.009808500700607237,-0.0031867431485022024,-0.0022408302865905005,0.005056669572798489,-0.0009093389106119565,0.004862385321100948,0.006974384986051296,-0.0018621973929237035,0.029060381013884307,-0.006622848828458094,-0.0022815022815022568,-0.008346213292117599,0.00617161059128013,-0.0031847133757960666,-0.001465201465201571,0.017938144329896932,-0.004196417386947204,0.1045223811721272,0.007383966244725704,-0.0015824349718128738,-0.0025452488687781605,0.0006176652254477055,-0.006427110721589191,0.0036360561474715336,-0.00039960039960029725,-0.002916514764855882,0.008335438241980242,-0.006511309115832864
2015-04-27,0.018191587350322447,-0.0013638271086864329,-0.0040431266846361336,-0.005115089514066473,0.008628841607565052,0.00242886884108251,-0.0015472831528169362,0.005751848808545512,-0.013096587331570264,0.0029850746268655914,-0.013143673953212587,-0.007424617404919398,-0.020316622691292863,0.013092269326683281,-0.0049465769687376815,-0.0041533546325878135,-0.0014673514306676738,-0.023293498075754426,-0.006352600792502772,0.0033423856277419173,-0.011708710138029543,-9.90589400693409e-05,-0.019279841224836947,-0.004938271604938316,0.0023522493384300347,-0.02064200859381582,0.000999400359783964,0.004936014625228413,-0.005886773547094215,0.00045992871104982846
2015-04-28,-0.01575574820957404,0.005988023952095967,-0.0019621109607579346,0.005784061696658016,0.01019571076995196,0.014884042921426088,0.012944393801276322,-0.002178649237472685,0.007655990812810876,0.008928571428571397,-0.003091217409736502,0.004935884388357348,-0.007271747912738991,0.016000000000000014,0.0015907735136209133,0.006737247353224118,-0.0014695077149153857,0.004043965159684859,0.002215470312697976,0.023422860712055016,0.002696975534579149,-0.01069942540122848,-0.0031801098583407184,-0.0022332506203472935,0.022587268993839782,0.011613902271163212,0.009384984025559095,0.008004366017827946,-0.0034017890890766234,0.00907941615906216
2015-04-29,-0.014705882352941346,-0.023496240601503793,-0.009219713917700378,0.021086261980830745,0.015081206496519783,-0.009208731241473367,0.005489560835133078,-0.0010007278020378596,-0.0068380397619348665,-0.0011061946902655162,-0.005280223966546815,0.005417995847891044,-0.01691083378549474,-0.004088431253785774,-0.0034742902521341934,0.013384321223709472,-0.006867794947265193,0.001962201796963825,-0.008589654519042589,-0.001932661987590234,-0.013448607108549337,0.0031043460845183724,-0.00551044083526675,-0.007087789107187326,-0.002868617326448719,-0.03384641551152312,-0.0015825914935706509,0.000902364194188765,-0.015423514538558725,0.0007972665148063829
2015-04-30,-0.02712997512437798,0.010907924286172488,-0.01922682175846735,-0.0031289111389236623,-0.007085714285714362,-0.0075731497418245475,-0.005996598943882603,-0.009926236226208918,-0.010965191890858317,-0.00036913990402365204,-0.022479915922976934,-0.010777598710717262,-0.015913899365283646,-0.010187015356545537,-0.011853770295846222,-0.005345911949685589,0.0017288219313411624,-0.004844361987219159,-0.0036949735618271307,-0.008560945780676787,-0.017234664070107097,-0.01327742837176793,-0.010498687664041939,-0.004257983719473835,-0.0034522439585730202,-0.019452512983011983,-0.0005944125222905328,-0.006491164803461902,0.0021828454031844746,-0.005690224194833227
2015-05-01,0.03036356372353155,-0.011107584893684463,0.009278638202874223,0.011299435028248483,0.005639963167587636,0.010405827263267442,-0.018188366648658305,0.01655629139072845,0.004254221993038598,0.008493353028065087,0.004355194343714119,0.005651155686793752,0.02402318190315933,0.026728110599078425,0.009374999999999911,0.005532722099272913,0.008629191321498864,0.012946659761781554,0.00824860924611559,0.0003083881578946901,0.009412464084018524,0.019627681100768957,0.004420866489831976,0.009810086781536942,-0.006351039260969915,0.016157989228007263,-0.0005947660586835823,0.0016333938294010864,0.007046764894298452,0.01693945290145349
2015-05-04,-0.0019387359441643826,0.012409071459135612,-0.004492984032625769,0.020484171322160183,-0.000801190339933755,0.001373154823206324,-0.006603081438004477,0.0046145494028231315,0.0007702182284978765,-0.0014646649578908821,0.003048116699325254,0.008960664202905866,0.00465540848927426,0.00029922202274090814,0.002197143713172922,0.017450086464392278,0.001222195062332121,-0.017075664621676867,0.008498224251648923,-0.008529441989517994,0.00863761287789555,0.000496130184560295,0.007042253521126751,0.0007472910698715918,0.0031958163858221145,0.012014134275618371,0.002182106724856414,0.009784381228483463,0.007379134860051151,0.002926280247608437
2015-05-05,-0.022533022533022473,-0.017328825021132754,-0.007707262880155663,-0.005474452554744547,-0.0034364261168384758,-0.00959890298251631,-0.002954209748892156,-0.0019814464559128053,-0.02193432529502304,-0.012834616795012743,-0.01771760364662478,-0.01008529854490725,-0.01817190623296383,-0.02363146874065203,-0.008470353761833471,-0.0049443757725585735,-0.005126953125,0.0,-0.006980254056093704,-0.013266998341625258,-0.025398987933047845,-0.004066250123970994,-0.005827505827505908,-0.003484754200373419,-0.023457862728062606,-0.010387569832402188,-0.008511480601741894,-0.00017943656917274176,-0.0132609244758779,-0.005611042531702415
2015-05-06,-0.006279809220985588,-0.0015053763440859846,-0.013085158491358273,-0.003669724770642313,-0.00011494252873567312,0.002769124264451417,-0.0004629629629628873,-0.00983665734139516,0.002098360655737652,-0.004086181277860423,-0.014667292765792705,-0.005271427847331256,0.0023135295206366813,-0.012867647058823595,-0.0033165829145728187,-0.007453416149068359,-0.002208588957055335,0.0027046707583480156,-0.0017098347159775207,-0.027731092436974802,-0.0011982026959561631,-0.0019916351324437143,-0.01934349355216869,0.004121393780442295,-0.010083036773428145,0.001058481079650564,-0.008983829107606311,-0.014357501794687644,-0.006143606809164037,-0.004739871346349234
2015-05-07,0.001999840012798959,0.008292052552229201,0.003190584231423932,-0.0030693677102516803,-0.00643752155420152,-0.005695547117707922,-0.0035201482167671605,-0.004192489974480407,0.005234916895694441,0.008578888474449764,0.01300740076250273,0.005808917197452246,0.015972671036838637,0.0007759155803848117,0.0049410103862055355,0.009073842302878665,0.000983767830792015,0.004046062869592193,0.006153260593758203,0.00907519446845284,0.005698290512845983,0.012272999401317097,0.003586371787208442,-0.0024875621890547706,-0.0002995805871780499,0.011190413252269105,0.0018130539887186714,-0.0020029133284777956,0.004893754024468677,-0.006690100918471553
2015-05-08,0.01884081111288527,0.014098045498237788,0.0280585200367518,0.012931034482758674,0.01018164989008441,0.014754382919631936,0.010039973970437988,0.007779608273842165,0.0039057414399166213,0.01183431952662728,0.012748136668880639,0.01575561071989462,0.022082878953107787,0.01721197084819348,0.018161749949829442,0.015348837209302246,0.006879606879606648,0.014982434387270205,0.01254649769875793,0.0224839400428265,0.006063618290258477,0.009758501724987712,0.013103037522334882,0.009476309226932544,0.009589451603236432,0.008016730568142227,0.008244520410215284,0.022623608830505182,0.00640779187491991,0.015867579908675822
2015-05-11,-0.010186491145588561,-0.013691416535018375,0.0029561391447818774,0.002431610942249085,0.016722024968502947,-0.0006842285323297448,-0.011872986654394957,-0.013713559168104683,-0.007002982751912912,-0.01608187134502914,-0.005774660715912372,0.006134663341645918,-0.0050680181381701495,-0.0033536585365853133,-0.004336257021779866,-0.0006107802717970623,-0.0009760858955587537,-0.007329736333095749,-0.004358655043586457,-0.007958115183246073,-0.011856535915423239,0.0034166341272940937,-0.0017636684303351524,-0.008522727272727293,-0.00593647966755706,-0.007866528354080304,-0.006781013163143279,-0.00963425512934879,-0.005475614414873431,-0.02483425103944259
2015-05-12,-0.003601963267891084,-0.0005339028296851289,-0.003153060525052931,-0.003638568829593569,-0.006871690886560811,0.000684697021567926,0.0018628912071534387,0.005893186003683271,-0.003526185190022124,0.004086181277860312,-0.01291729268203301,-0.005948545085014523,0.005540661304736183,-0.013459773631079752,-0.00554290804711477,-0.0013750954927426173,-0.006106497313141168,0.004512357706901726,0.0010631644777985283,-0.0004222081486171536,-0.0009999000099990552,-0.004086000583714333,-0.005300353356890497,-0.0039865454092437025,0.0050761421319796,-0.001132700182974622,-0.0036144578313253017,-0.0007205908845252518,0.011011523687580071,0.0027656141968195325
2015-05-13,0.001152027966472069,-0.007051282051282026,0.001306470466891252,0.002434570906877598,0.0031760435571688284,0.004105371193978913,0.00130159910747496,-0.00045770779934084516,-0.02437745740498032,0.006659267480577213,0.0014107252241382096,0.004488106517728019,-0.011820120867401362,0.012093023255814073,0.0007962575893301072,0.00244798041615657,0.008847382649299629,-0.006125574272588197,0.007746610857749747,0.0058078141499471325,0.0029026123511159962,-0.0020513822408909643,-0.007400828892835998,-0.0031269543464665928,0.007130124777183555,0.010642009769713967,0.002216848045142994,0.002343609158103499,-0.010131712259371817,-0.005286141116984555
2015-05-14,0.023331481628442008,0.0201205078545299,0.01606922126081578,0.0030358227079538835,0.0033921302578019397,-0.010221465076660996,0.0069637883008355494,0.006777177397197631,0.014105319720580267,0.00735023888276376,0.01799848004596938,0.005907759519436118,0.006745210900260812,0.010110294117646967,0.012729985082048811,0.00808913308913306,0.010962241169305775,0.003697996918335944,0.011406608393776052,0.022992125984252043,0.008782435129740529,0.012529365700861383,0.012227855651655073,0.01091593475533248,0.006784660766961714,0.02304505437597104,0.004826060727930903,0.007913669064748108,0.007164790174002178,0.004736598890942689
2015-05-15,-0.0013958898797982178,0.007383187427486559,-0.007299270072992803,-0.010290556900726333,-0.003493351363533792,0.01721170395869187,-0.003872752420470249,0.003365778222505167,0.00874287985163602,-0.005107624954396206,-0.004934450109249866,0.0017273714342118662,0.01259603358942285,0.0006066120715804146,0.00461553569674944,-0.002573807721423238,0.0004819277108434328,0.003377341111452381,0.0009193993257738953,-0.008723316912972012,0.01048674317372389,0.014887857695282447,0.0014731879787861502,0.005957552438873082,0.005859947260474563,0.006749346157091107,-0.003602161296778039,-0.009279086366880684,0.0066056910569105565,0.004369322754973037
2015-05-18,0.011027413217364224,-0.0032457334310543873,-0.0011574074074073293,0.009785932721712465,-0.0015831731312903052,0.007106598984771617,-0.012774229380727586,0.00027198549410689665,-0.0015758371634931878,0.0014668133480013612,0.0003293747369574884,0.00832635364832246,0.008645787384208292,0.012731130645650124,0.010948191593352918,0.00819672131147553,-0.004816955684007751,-0.00020399836801321403,-0.0026331904470300316,-0.005901232011595425,0.001566477383982745,-0.002190893503524527,-0.00029420417769943086,-0.0038247995064775164,0.015729682493445862,0.00393865750439959,-0.0038160273147217483,0.004142651296829891,0.008581524482584646,-0.005724098454493398
2015-05-19,-0.00092172977955296,0.002626050420168058,0.002317497103128563,0.015748031496062964,-0.011892626571525788,-0.0008400537634409844,-0.015283638068448235,0.002084655125532464,0.0021044324608705534,0.0014646649578908821,0.004774361131944405,0.0036157529561224866,-0.0174057552698329,-0.0077821011673151474,0.005221427190098549,0.008882866606443995,-0.0002420135527588796,0.027137318914507436,0.001534966537729554,-0.008956467402624457,0.002052785923753797,-0.0010501193317422608,0.006768687463213796,0.0011146891255884306,-0.014338973329509619,0.006260434056761355,-0.0010080645161291146,0.011659192825112186,-0.04366866866866859,0.0016119746689695624
2015-05-20,-7.688167909580823e-05,-0.011838658983761241,-0.004284257055423457,-0.0017889087656530744,0.007909215955983706,-0.00386749621657978,0.002190059036374148,-0.0032561505065122898,0.004593778711116991,0.010603290676416854,0.005880425284008117,-0.0015579357351508394,-0.0021363717286808637,0.006636500754147789,-0.003462870334744128,-0.007909267273541243,0.0009682885499879834,-0.005661501787842749,-0.007479156449239799,0.0,9.755145839429602e-05,-0.00028669724770646887,0.0026308097047644807,-0.0043300754670294594,0.007273785277858602,0.0057237660721691785,0.0028254288597375776,-0.005673758865248235,-0.006934449823367772,0.0016093803885504077
2015-05-21,0.010226049515608127,-0.004452926208651231,0.006351591312662164,-0.0005973715651134137,0.015921755942226667,-0.00641458474004053,0.0022802850356293813,0.0017241379310344307,-0.004964724327149339,0.0028943560057885787,0.007782664567157038,-0.000633898966257207,-0.0008028545941123344,0.005394066526820396,-0.01138996138996129,0.0025571600481348877,-0.0029020556227328242,-0.008290880031964876,0.0009882643607164177,-0.0033627574611180266,-0.00351150994927818,-0.0020074562661313022,0.001749271137026387,-0.0008697813121273379,0.01299826689774708,-0.006433520290333283,0.0042262024552224275,-0.0012482168330956167,0.002766798418972316,0.000918168254332663
2015-05-22,0.008752568688636941,0.004792332268370503,-0.017237869019341656,0.001195457262402888,-0.00783611328780931,-0.005776418620455304,-0.0056877429140201885,-0.0011776429024368262,-0.0014443277310923763,-0.0014430014430013571,-0.004112713492932851,0.013905830690412513,0.0013391661458797,-0.0029806259314454353,-0.010447178285491132,-0.0027006751687923547,-0.00048508367693422816,-0.002921031426269205,-0.0066641984450204195,-0.010965837199493955,0.0006851996867658361,0.0002873563218390718,-0.002328288707799664,-0.005720681507275116,-0.010265183917878562,-0.0072223144612318935,-0.005811623246492981,-0.0001785395465094819,-0.0032847194849560113,-0.007911936704506295
2015-05-26,-0.022031084955485003,0.0027556968733439824,-0.013880256888336384,-0.014925373134328401,-0.008913460453570887,-0.010594668489405379,-0.015254075698350578,-0.007436967168510833,-0.0038132807363575605,-0.005780346820809301,-0.013218639544110067,-0.0068334937439846755,-0.010966476462196728,-0.010313901345291643,-0.005229403058707449,-0.011132841883556455,-0.005338510070371227,-0.005354076169310051,-0.008634612995403024,-0.006609808102345349,-0.011738237308030919,-0.009671550320789146,-0.004959159859976747,-0.01013133208255157,-0.0011524056467876465,-0.011288569278367855,-0.0038298730094739053,-0.0060714285714286165,-0.012654890587925016,-0.013522884882108177
2015-05-27,0.018708532633852748,0.0058133389705103955,0.0014005602240896309,0.014545454545454417,0.0009107468123861207,0.012435233160621673,-0.0017426662794075565,0.008497807017543879,0.005939809926082118,0.0,0.012902282570953272,0.012985754433569197,0.0110880735599026,0.018275185017369022,0.003074786748660907,0.011258177392362567,0.003171505245181727,0.002031281738777091,0.0089604611817784,0.021893110109465486,-0.0019796100168266717,-0.005608199574550388,0.005570214013485675,0.0031589588071772035,0.008076146524372607,0.010233423545331632,0.003035208417644597,0.007366151634926377,0.0038718291054737897,-0.002811950790861051
2015-05-28,-0.0020068915899881246,-0.005884825556956685,-0.004685314685314634,-0.00418160095579434,-0.021724294813466716,0.0013647219379051556,0.001260789448162214,0.001449669294192324,-0.003411625770896043,0.003997093023255793,-0.0001262967974741125,-0.002774323160815162,0.00026747503566326714,0.00889943636902979,0.00019776525264525446,-0.004061982849405732,0.0004863813229571967,-0.02209608757348458,-0.0009315612967333298,-0.0033606385213189593,0.014281463850044585,-0.0052508751458577585,0.004081632653061273,-0.0007557626905152492,-0.0042918454935624295,0.0014231896190874949,-0.0006052047609441669,0.0024968789013732895,-0.004654874318393287,0.0
2015-05-29,-0.011382607375929554,-0.019133192389006237,-0.012716925454928751,-0.010197960407918538,-0.008022322985699493,-0.0013628620102215105,-0.0023246803564509477,-0.0014475707952591454,-0.002896642527978943,-0.013029315960912058,-0.01598758526110633,-0.010984267075978438,-0.006863356805419385,0.013231402528668168,-0.009985170538803767,-0.006344410876132911,-0.00437530384054452,-0.0057006633499170345,-0.011126996954062274,-0.012434141201264515,0.000684462696783017,-0.006158357771260947,0.009001161440185923,-0.011849237362914433,-0.007471264367816088,0.004932285570974582,-0.002018570851836876,-0.004447607187333169,-0.007616247995724357,0.0010574550581601283
2015-06-01,0.0019573226895917006,0.015518913676042745,0.005194990037005409,0.003030303030303161,0.0024613220815752346,-0.004435346298191756,-0.0035922330097087896,0.005345655522333903,0.003565297768387543,0.00036670333700050683,0.007133426245140351,0.007856831078131732,0.00224376234069279,-0.016105629715612246,-0.0009986019572597593,0.004560656734569735,-0.000488281250000111,0.0030230376316062735,-0.0006286145335681059,0.007895860008535927,0.011627906976744207,0.0008852168781352532,-0.005467625899280515,0.005868095420334063,-0.005500868558193317,-0.0029115714166874085,-0.004449838187702282,0.0014295925661185205,0.006193617880705604,-0.0008215962441315838
2015-06-02,-0.004404948864289215,-0.0008489865223388904,0.014159292035398341,0.010271903323262777,0.007482754589033025,-0.0034270047978067764,-0.00048718698236382973,-0.0018925739005046793,-0.012500000000000067,0.001832844574779946,0.008630578467252903,-0.006640681391655856,-0.0007163965254768367,-0.0187288010617902,-0.0005997600959616323,-0.0009079903147699575,0.001221299462628389,0.0007274994803576629,0.000629009938357239,-0.006563624814736269,-0.012653337196947723,0.0034394654088050203,-0.0020254629629630205,-0.003931515535827379,0.00029112081513815724,-0.01760387118304685,-0.001625355546525764,0.0024982155603141543,-0.0026763013515321843,0.00011746740279572343
2015-06-03,0.001231148045552466,-0.015613382899628214,0.003909249563699868,0.012559808612440326,0.0006962980155507115,0.0003438789546079679,-0.003996880483524978,0.0037923250564333433,-0.011325782811458907,0.007317965605561749,0.0024189908836536045,0.009010318267693496,0.01406936105385781,-0.016230838593327523,0.0011002200440088927,0.010299909118449024,-0.0029275433032448506,0.002388617717312247,0.006789036962534523,-0.0014919011082693556,-0.01956564273136374,0.003917344040740511,-0.00231951290229071,0.0002546473134708016,0.01949941792782317,0.005095541401273884,-0.0012210012210012167,0.012993948024207835,0.004830269690057731,-0.0022316185106882047
2015-06-04,-0.005840762373193864,0.021471730686232204,-0.018218482720255946,-0.008860011813349056,-0.008813637945030761,-0.016500515641113767,-0.007634334931976183,-0.007825852298281921,0.00013477088948765648,-0.009807482746095109,-0.0064830989212841805,0.002784579192472103,-0.015022976316719672,-0.012832263978001635,-0.00859226695973625,-0.005547226386806714,-0.006850990946904667,-0.0021757148777454827,-0.011301198801198842,-0.010458911419423789,0.0014967072440630336,-0.005462881670081021,-0.0049404242952628685,-0.005218940936863481,0.0068512703397087815,-0.014364174059991464,-0.019967400162999138,-0.013530135301352941,-0.00988115903324871,-0.008593290170688661
2015-06-05,-0.0054885590599876855,-0.02271046794126974,-0.0032580211063106823,0.02443384982121577,0.006786006786006826,-0.0010485844110451614,0.001972581122398731,0.0,-0.018326371109014916,0.001100513573000672,-0.0039152422556146815,0.007564513812419182,-0.009779293019917312,-0.014546580006190135,-0.006449662400483724,0.01643298658224035,-0.01207193890120728,-0.00799501609386355,-0.008020208399115769,-0.004745470232959459,-0.015941018232539683,0.0007846983815595898,-0.0043808411214952825,-0.009213051823416474,-0.0198468953785087,-0.0010287183883411766,-0.018087318087318227,0.008371927324545725,-0.014699932569116725,0.0007124198527665992
2015-06-08,-0.006607073455110801,0.0033506268914829107,-0.0006395224898742002,-0.006399069226294518,0.0011621150493899002,-0.010671798460461845,-0.011516881582832927,-0.009156844968268296,-0.005490734385724005,-0.0018321729571272316,-0.01100940803959738,-0.0031361368496080066,-0.003986590559028724,-0.016959798994974795,-0.006390100415863742,-0.007861168792643203,0.0014962593516207878,-0.0023027004396065642,-0.003119429590017875,-0.008885999133073308,-0.006580945631264434,-0.005782612956973465,-0.0032267527134058893,0.003616169443368067,0.0005785363031531876,0.0032609628421864656,0.004446326487402175,-0.00865571453806746,-0.0061593211059403075,0.0067631703844328594
2015-06-09,-0.0029733959311423197,-0.00818700851017995,-0.0038395904436859807,0.013466042154566704,0.006732443412652334,-0.0012378426171529844,0.0,-0.007045475340836438,-0.004416839199448019,0.0033039647577093323,-0.002428792227864962,-0.0036703370036702543,-0.0036386791594651413,-0.0015974440894569453,0.002552062066149441,0.004335476154881279,0.0009960159362552012,-0.006189676877884853,0.0024905804968387013,-0.0017493986442159715,0.0007134121483896028,-0.0008872239747634847,0.0008828722778104758,0.015313344485909264,-0.002312807169702391,0.0006842870584209404,-0.002107925801011712,0.010334996436208277,-0.0019281090758849206,-0.003182086034177911
2015-06-10,0.011458169832051501,0.006842619745845768,0.010849393290506937,0.016175621028307496,0.020177562550443895,0.01487252124645888,0.014041027683728391,0.01363803907113903,-0.0011091085539997048,0.010976948408342402,0.01925630810092982,0.019663190125346786,0.013238382178398567,0.018240000000000034,0.006822115874147272,0.016076213158678243,0.003233830845771113,0.0060171012350891395,0.013122690788635483,0.021029572836801735,0.009471432936144275,0.01963492846571291,0.008820935019112186,0.008111533586818709,0.006085192697768749,0.013334473031883176,0.0027460920997042226,0.008994708994708889,0.006347454118945883,0.007448569401749872
2015-06-11,-0.0022501551831159983,0.007766990291262044,0.009461940403897806,-0.005685048322910835,-0.003503616636528095,0.006978367062107527,-0.00697240498870666,0.0056363636363636616,0.01124219292158224,-0.004343105320303908,-0.004632645674991109,0.0038004973490357585,0.0027932960893854997,0.0009428032683846954,0.00364077669902918,0.0038089657193083326,-0.005702950657079042,0.0030430220356769677,0.0051559356136823276,-0.0036472859901308663,0.005548829701371938,0.005225469324559695,0.004371903235208308,-0.00163439778727692,0.004608294930875667,0.006495149725854077,0.006109121550452956,0.0008739730816289537,0.00013711778417646592,-0.0014082854125101463
2015-06-12,-0.0110428493662027,-0.0023549561121815055,-0.0011191941801902416,0.0,-0.003629352387433449,-0.011088011088011052,-0.012361550632911444,-0.006056770927499566,-0.004529234147680472,-0.004362050163576936,-0.00467238746272991,-0.004113302795176188,-0.006200017971066729,-0.01664050235478809,-0.008968158000806081,-0.0039404553415061105,-0.003491271820448838,-0.005544513024374975,-0.01138496184161153,-0.010120585701981044,-0.004314236982040809,-0.0009626492106276086,-0.0072547881601857656,-0.006800151114469077,-0.006594036697247785,-0.013995977204156795,-0.010678391959798916,-0.002968913726859812,-0.006992048258842809,-0.01257492067222954
2015-06-15,-0.0019658724541952166,-0.010085836909871193,-0.0035714285714286698,-0.0011435105774728616,-0.008195788275469518,-0.0021023125437981127,-0.005807549814759172,0.00209185993633465,-0.00041362194953808995,-0.006571741511500528,-0.008164830949641155,-0.006101567633530536,-0.00533453887884261,0.002234993614304015,-0.008744280630401668,-0.003809523809523929,-0.00925925925925919,-0.007994950557542624,-0.013730701088331965,-0.010767892103545784,-0.0012091898428052694,-0.004143380227404236,-0.00496930722011113,-0.009509319132750105,-0.006926406926407003,0.01130471738206551,-0.005291005291005346,-0.0019267822736032114,-0.006903216899074915,-0.0035705784337062285
2015-06-16,0.005357705641348742,0.010838933448948707,0.0003513950383020603,0.004579278763594763,-0.006197635716745031,0.008075842696629199,0.007553630778527554,0.007986930477400511,0.0009655172413791657,0.0003675119441381991,0.003443830570902362,0.008500188893086458,0.0019998181983456043,0.007805033450143384,0.008923992204328712,0.005589057214296256,0.012376862844152514,0.0034994697773065297,0.003977673702444395,0.007806487080813662,0.004136400322841016,0.011707789066279783,0.0,0.012544802867383353,0.007555943039814217,0.02160026895276501,0.008936170212765937,0.004212004212004183,0.005839010148755541,0.011466794075489783
2015-06-17,-0.0023510971786833146,0.009221531203088107,0.00765772094983852,-0.01025641025641022,0.007622127266427858,0.00766283524904221,-0.0027988804478208396,0.003871781019268772,0.007027697395618038,0.0018368846436445097,0.0031750692825811555,-0.0029499906349503835,0.0021772657171368337,0.009957325746799306,0.003761691744611717,-0.003364048559309718,0.004740518962075946,0.006234809257106733,0.0029394849511148458,0.0030547676194632167,0.011755249673465196,0.0018171384850802497,-0.001762632197414904,0.012389380530973604,0.0037496394577443137,-0.014890991361579564,-0.00316322226908472,-0.000873820342537579,0.005252246026261398,0.0005904581955598065
2015-06-18,0.004556166535742312,0.021886952826179362,0.01359548211671191,0.0005757052389174788,0.0021776504297994492,0.009678534393363414,0.004911788291900532,0.01551708673423624,0.019978106185002842,0.003667033370003736,0.017526527625320032,0.007842953083172732,0.012492079297546699,0.013458528951486803,0.01650967284513305,0.009392427355444655,0.009436304941643714,0.009976895610166014,0.017011787193373706,0.016314988035675437,0.015491559086395323,0.01193317422434359,0.011477339611536186,0.009240759240759067,0.006321839080460023,0.00960414230833484,0.010577533319229948,0.009270596466678382,0.0034373710985837747,0.008851646406231595
2015-06-19,-0.010009383797309979,-0.0021834061135371785,-0.0017196313110469097,-0.012082853855005626,0.0009149130832570851,-0.006162273194111556,-0.007780548628428918,-0.005299417064122847,-0.01797692514086402,-0.004749725977347574,0.002409291955841608,-0.006570363466915197,0.005185516316495331,-0.009573810994441101,-0.004982064567556788,-0.010177377144518829,-0.006150061500615034,-0.0009358427784132983,-0.004197468988848652,-0.013270547945205435,-0.01271269313514578,0.0050000000000001155,-0.005528076811172511,-0.0034644889878741036,-0.0008566533409480881,-0.004632310364794501,-0.006489428511618267,-0.011265164644714165,-0.0032885722115649774,-0.003158633598502658
2015-06-22,0.0079778830963666,-0.0018755861206626312,0.003927513263970228,0.01747233546884086,0.008569469835466137,-0.003100241129865622,0.00824369156529614,0.008080269934292339,-0.0017759562841531684,0.006607929515418665,0.0038743004735255493,0.015572963084572455,0.005692430845859464,0.005924540068599882,0.00230322451432019,0.012925969447708408,0.001980198019801982,0.008222314737718728,0.004592639194715531,0.002819956616052055,-0.00198098256735324,0.002440627053412303,0.0038033937975425758,-0.0011174571641421327,0.0014289797084880984,-0.0006648383611734809,0.001474926253687281,0.015074496056091125,0.0006873797085511502,-0.0004694284708366414
2015-06-23,-0.004545098346524501,0.004802171416640411,-0.008716540837336861,0.011448196908987018,0.002039197915486568,-0.005355908776779605,-0.001994216771363022,0.007751255174843541,-0.017654304091966555,0.004741064916119475,0.006628787878787845,0.008729388942773975,0.000972848677810223,-0.0054246745195287716,-0.0030972125087421754,0.011455916473317895,-0.0024703557312251156,0.00320016516981525,0.0010020040080160886,-0.006921912178239231,-0.014589122667725274,0.003839310796891038,0.005537744097930508,-0.008203853325046584,0.02482876712328763,0.020706860706860564,0.00504944245739547,-0.00034536349507852115,-0.003022393185877381,-0.0011741223435483006
2015-06-24,0.008501928678265047,-0.012155844155844142,-0.00990099009900991,-0.010186757215619902,-0.0031656302996042607,-0.009553586937641079,-0.0081926266360276,-0.005593916615680428,-0.011841738645862243,-0.010526315789473606,-0.008555352420170692,-0.018177655677655724,-0.007333451139777458,-0.005454262116253772,-0.004509921828021679,-0.010465949820788634,-0.004705299653293804,-0.005556698909240598,-0.014389389389389495,-0.00598998039642773,-0.0076543458555746735,-0.009141791044776193,-0.007826086956521872,-0.0035092116806617613,-0.0036201615148981903,-0.02908587257617723,-0.01004814737282822,-0.00604594921402668,-0.0026181617748380903,-0.0045844598565885075
2015-06-25,-0.0047615330575287995,-0.0035759360538494267,-0.0038461538461539435,-0.006861063464836947,-0.01644550300555747,-0.0038582953349702853,-0.00936838924146255,0.005976971082007676,-0.0035246017200056823,-0.00807043286867215,-0.001109977263368922,-0.007508277759641913,-0.000979083222073851,0.0025070510811657787,-0.002114164904862492,-0.0053607649956533,-0.004229907937297717,-0.008795529801324475,-0.010283102704075175,0.0003286950805303501,-0.005480564295138546,-0.009414422895876462,-0.006134969325153228,-0.0015092441202364526,0.011179429849077716,0.026516740790467397,0.003171917953055603,-0.006430309350017316,-0.007184305056645468,-0.00885687293339632
2015-06-26,-0.00588235294117645,-0.005277601857715863,0.00021060021060015366,0.0023028209556705814,0.0011531365313652842,-0.00422535211267594,0.002643888549928697,0.004718217562254212,0.0045274476513863515,0.0018491124260355818,-0.008764226185142165,0.0016445822761017581,0.0032074126870991204,-0.03032197561738037,0.005246166263115359,0.004369992716678706,-0.0004997501249376368,0.015659254619480034,0.0075038481272449165,-0.008543263964950754,0.0072456373099296645,0.042672495723246495,-0.0029394473838918467,-0.000629802242095967,-0.0016583747927032544,0.007520640889397523,0.003794266441821348,0.004722756690571872,0.003618146395769628,-0.0008340283569642226
2015-06-29,-0.01751479289940827,-0.013794567062818341,-0.026319483436271773,-0.029867892016082642,-0.017507486754204105,-0.026166902404526238,-0.01937119675456389,-0.016871032263675034,-0.0021126760563381364,-0.01661129568106312,-0.021353921816800958,-0.02589482572594637,-0.01829484902309053,-0.02030947775628622,-0.019670814933761438,-0.025380710659898442,-0.015000000000000013,-0.019015315037516745,-0.01998854160035657,-0.01966416261599646,-0.005369807497467072,-0.01859447634673217,-0.009728773584905648,-0.012856062515755107,-0.00968992248061995,-0.016713995943204885,-0.01784964300713976,-0.02402506963788298,-0.009706045479755954,-0.012401621750536718
2015-06-30,0.00718702320725928,0.003765870454056408,-7.208246233680882e-05,0.007696862048549358,-0.005627198124267374,-0.002904865649963617,-0.0022753128555176305,0.00964175143741719,-0.003246294989414089,-0.0026276276276276933,-0.002235565819861507,0.005490007223693638,0.005337434412882036,0.0008226390259953309,-0.0022522522522523403,0.008333333333333304,-0.00431472081218276,-0.0038767812238055255,0.0022734654108478303,-0.004958305161144927,-0.0014260975858205738,0.0032506733537660537,-0.0017862459065198788,-0.0010214504596527396,-0.006989097008666456,0.00668371977885962,-0.003420996365191442,0.003210845522654271,-0.006860823298795782,0.0045882637044194485
2015-07-01,0.009368148295794354,0.007717869010612111,0.014489619377162644,0.011750881316098694,-0.010257014854986868,-0.004005826656955591,-0.003939048408831747,0.008673558787454017,0.006513735485698113,0.0033872788859616865,0.006036589882230992,0.005507926624838344,0.008458562044452389,-0.007726450764425463,0.010363225938846865,0.0045749704840611916,0.006882487891919586,0.007257810034711376,0.008749189889824871,0.0066817667044167806,0.0040803835560543344,0.013053138307720813,0.004771846107962885,0.01891615541922298,0.0014076576576576016,0.011311475409836014,0.008367303153829608,0.011913229018492011,0.013393486536021237,-0.009975961538461475
2015-07-02,-0.0012638230647709081,0.009573449633017761,-0.0036950188303842557,-0.011033681765388992,0.00512209648600348,-0.0007312614259599171,-0.002289520241440357,-0.0013897333449144345,0.02039954980303893,0.004501125281320295,0.0074360390207990346,-0.0035248166142708426,-0.005175336843044498,0.0124254473161034,-0.0003046613181679758,-0.008079917731746655,-0.00025316455696200446,0.004281537176273886,-0.0017346610986187505,-0.0010124873439082416,0.018185512546987637,0.00402083523713781,-0.009498367468091407,0.002634219769192203,0.004498172617374063,-0.012724914897065953,0.004255319148936287,-0.002987172728870058,-0.00027824151363375904,0.009348063615393976
2015-07-06,-0.0034799114204365766,0.0007375408281531382,0.0022109692603951014,-0.005284791544333478,-0.014576913960654081,-0.004024881083058873,-0.011473870866798852,0.006349482473688717,0.004411967461739774,-0.01755041075429431,-0.0031424708590639394,-0.005544933078393877,-0.0015248004305319363,-0.01685485190639835,-0.002438033319788646,-0.002813981042653957,-0.0017726006583945741,-0.005407091608609749,-0.0019307504183291302,-0.00022522522522516741,0.0023947315905008537,-0.0002730499681441456,-0.003596044351213634,0.001501313649443059,-0.0033585222502098278,0.002873327313028362,-0.003389830508474634,-0.005287275290800197,0.009323684942944555,-0.007337021890786666
2015-07-07,-0.002460317460317496,0.006843546009686063,0.018716196982635935,-0.014757969303423879,0.010102224894768419,0.005143277002204183,0.005275931201857098,0.012100259291270454,0.03321894303363071,0.006081337894336736,0.008082548293684155,0.0008171505479717123,0.009701760689903027,-0.0046604527296937315,0.007331975560081361,-0.007871676815684014,0.021055301877219712,0.010768426555149091,0.002256899664689227,-0.0020274836674927244,0.0240891897272546,0.013201019664967228,0.014436090225563802,0.02086196127420359,0.004493119910137677,-0.01195153896529133,0.0044642857142858094,-0.0033664068036852735,0.01737212188060111,0.0041197140433781865
2015-07-08,-0.024822977166043425,-0.01202551500575122,-0.008592385609500597,-0.026363091671659733,-0.02047862840814385,-0.013523391812865548,-0.01794898708932502,-0.016310845431255272,-0.006377042646472542,-0.021911598035511792,-0.015144628474810351,-0.019931799625378277,-0.01245551601423489,-0.013377926421404673,-0.011625556004852489,-0.020508982035927992,-0.009689440993788878,-0.008688456764584185,-0.01749983915589015,-0.0013544018058689877,-0.009039657853810223,-0.01815077724862979,-0.008301215535131745,-0.008932941752325063,-0.027397260273972712,-0.015907207953604008,-0.014179894179894181,-0.01777777777777778,-0.009892939422686098,-0.010860383733558687
2015-07-09,-0.02039650811781024,-0.0009525825571550239,0.006200676437429609,0.014153846153846183,-0.007049957457153311,-0.002964060763245624,0.0023514322359983186,0.0035593367479815896,-0.0096269554753311,0.005021243723445368,0.005445818718847972,0.0036753895912966517,0.0034234234234233885,-0.019322033898305113,0.006443694384780763,0.010392786183707647,0.0015052684395384652,0.006782136894824653,0.006810294021347696,0.006329113924050667,-0.0075527219225109965,0.00155577926237771,0.012257100149476674,-0.00407457710828496,-0.011497556769186512,0.0047145984172420885,-0.006869901245169618,0.004524886877828038,-0.003832466465918394,-0.004513846529218046
2015-07-10,0.0267344049304572,0.010912172899671502,0.0117647058823529,0.013349514563106624,0.005631044191455548,0.013749535488665865,0.006717850287907723,0.00726643598615917,0.004050222762252087,0.009607993850883956,0.021041035527402885,0.011620526341487247,0.015442628838211458,0.008295886622882831,0.011483739837398366,0.014218726365148981,0.01177354709418843,0.01202197118872439,0.007804878048780495,0.0020215633423179558,0.004546353034196482,0.009868421052631637,0.01476668635558176,0.0035953384577238623,0.007560337307356724,0.0235461706049942,0.015996541288370025,0.010450450450450344,0.004671613080516668,0.0075980392156862475
2015-07-13,0.019305645684620343,0.0029343953049674187,0.014811738648948136,0.01916167664670665,0.018137553256238448,0.01869501466275647,0.0020124986759877395,0.013826863620748808,-0.00026892564206015823,0.007613247049866656,0.02808796820772863,0.014141609151020917,0.01591511936339529,0.01919780596503262,0.0074349442379182396,0.01551081282624911,0.0066848229759841615,0.007987711213517601,0.009809616005163058,0.020847343644922578,0.0032467532467532756,0.017100977198696965,0.013387660069848595,0.0118591723285979,0.006637806637806776,0.0024559967253376946,0.004255319148936287,0.011768901569186863,0.010393873085339012,0.0024324981756262964
2015-07-14,-0.0003978990927900883,-0.0022988505747126853,0.0077069976810804075,0.006462984723854204,0.009803921568627416,0.008636200071968414,0.01004228329809731,-0.0016941973739941218,-0.007397444519166019,0.007177937287495384,0.021776013153061546,0.009708737864077666,0.0040034812880764825,-0.002690884628321677,-0.004886805624812918,0.013952122191217553,0.012543039842597192,0.003555826475667878,0.0019812104556784504,0.0017566974088711884,0.0001961361184661392,-0.0006227203985409435,0.0074669730040206606,0.0015871078012454909,0.006880733944953921,0.020824826459779455,0.0044491525423726586,0.008988367994360313,-0.001218191662154755,0.00837175442853666
2015-07-15,0.009632991003900804,0.004922496857980629,-0.005820642978003443,0.0321074138937536,-0.003551977267345463,0.0028540849090259446,-0.01371009942438517,0.0038184132371659185,0.0029810298102981303,0.004126031507877048,-0.0003765962545788648,0.0037707390648566985,0.0019070735090152002,0.0013490725126477088,0.006414111044297455,0.0021726535341830555,-0.0009715812484818453,0.0029358169669972956,-0.00497512437810943,0.003068829460762812,0.007647808608687079,-0.003916681502581398,-0.002850627137970352,0.0013408093612872207,-0.011104783599088841,0.006879999999999997,-0.0016874077198902881,0.009257641921397441,-0.0018972760536658528,-0.004211286247142287
2015-07-16,0.013325973821163739,0.019489317352787916,0.010892504595275465,0.015271493212669629,-0.004752851711026462,0.007470651013874008,0.002546689303905003,0.0065088757396449815,0.01067279113753039,0.010085917071348538,0.03051578875265415,-0.008358377160030073,-0.007354213531752807,0.007073088582014053,0.006871141206930886,0.005347593582887722,0.008509603695599166,-0.012213586353083561,0.00749999999999984,0.019667832167832078,0.016152573708280826,0.00393208221626451,0.0034305317324185847,0.0018259281801582539,0.012381226605240325,-0.00738916256157629,0.010564124234101024,0.00674974039460019,0.0024439918533603056,0.0018124697921699795
2015-07-17,0.008637460119835128,-0.008893886730729772,-0.011111859384470346,0.008356545961002881,-0.007163323782235054,-0.004943502824858781,-0.01407705334462317,-0.0017636684303350414,-0.016575324154524895,0.007396449704141883,0.1625843331450032,0.006061180035988212,-0.0022661901856533273,-0.014381270903010002,-0.010186925131045355,-0.0050316273720529825,-0.00554484088717444,-0.0036787247087676223,-0.0030540179423553804,-0.0008572653236176286,-0.00746911806952022,0.004094712479971507,-0.0008547008547008517,-0.0007290400972054245,-0.004266211604095571,-0.008644841111022261,-0.005017771273259308,-0.003953928141653851,-0.005959637003927876,-0.0036183813773971174
2015-07-20,0.018901404104304742,0.0011346054667353833,-0.0008172160174340082,0.0011049723756906271,-0.01094276094276092,-0.005322924059616652,-0.0022544283413848953,0.006057546693589044,-0.0040777490825064655,-0.0036710719530101965,-0.009690975100768995,-0.0003294737833005046,-0.009260068140124034,-0.012555140821174038,0.002897681854516554,0.0007224389539086662,0.0031515151515151274,-0.00010256410256415105,0.0027442721296828676,0.006435006435006496,-0.004823926676314483,0.002925531914893531,0.004847447961220386,-0.0006079766536964959,-0.003141959440159936,-0.00968914008881705,0.010716537087623434,0.0018985157059026037,-0.003951492028886894,-0.010289311221401753
2015-07-21,-0.009994699780419447,-0.001133319596126059,-0.011723009814612828,-0.002207505518763919,-0.00036474164133737386,-0.006778451658936868,0.010329244673983329,-0.002257902659307587,-0.011600928074245842,-0.010685335298452392,0.0036227700479187774,-0.004190404444653684,0.003967904064897221,-0.013058419243986319,-0.0002988940918601246,-0.0023101357204737827,-0.004591590140164414,-0.0017437685916504853,-0.00865580448065184,0.007672634271099765,-0.009888511875909,-0.0012375143640059871,-0.002837684449489286,-0.0068134809587541145,-0.009455587392550147,-0.014594374235629926,-0.023492723492723577,-0.0017226528854434875,-0.004924760601915157,-0.0012230919765167103
2015-07-22,-0.042294455066921643,-0.004228984012377479,0.010137931034482683,0.020464601769911495,-0.029919727560204223,-0.011135057471264309,-0.0041533546325878135,0.00016763054228485785,-0.0006904170118751107,-0.008193668528864162,-0.0003595311713525673,0.008274231678486954,0.00913402424029508,-0.0040041782729804964,-0.0015945784333266655,0.014182344428364857,-0.007040543821315803,0.002671598849157464,-0.0022470467385721227,-0.03680203045685282,0.006560266327229947,0.00973537481193043,-0.007398975526465512,-0.009800318510351569,-0.00867804454729526,-0.0020685090186993715,-0.011070896316797918,0.009836065573770592,0.005773989551828507,0.001591966691158575
2015-07-23,-0.00047915668423581526,0.01512326496788896,-0.002457841196149335,-0.014634146341463428,-0.03610832497492489,0.017435524881946884,-0.006095604748155403,-0.004441464845386767,-0.011192483073096615,-0.013894104393540996,-0.02930513595166162,-0.010316529894489945,-0.002697998259356016,-0.0003495892326517147,0.00019964064683564153,-0.006278538812785395,-0.0014669926650365817,-0.005021520803443313,-0.03802844089826907,0.012516469038208244,-0.007101167315175183,-0.0007888509071786176,-0.0028669724770642446,-0.0016083137448966722,-0.009921213889699576,-0.010612718680043098,-0.0021528525296017342,-0.005297334244702689,-0.008884636413340474,-0.007947181807066994
2015-07-24,-0.005273250239693161,-0.012346938775510186,-0.01403052494695789,-0.015401540154015514,-0.010145681581685717,0.013923598714744578,-0.02517753389283417,0.0009259259259259967,0.0018166573504749817,-0.019421172886519456,-0.029582203251671046,-0.01753139066571907,-0.008726764988218894,-0.01870956460919737,-0.010479041916167664,-0.010482481332567573,-0.009794319294809117,-0.010196724688433467,-0.0011371237458193129,-0.0036868358273693946,0.002057411580288049,-0.008859649122807012,-0.014951121334100148,-0.00508054522924406,0.010610079575596787,-0.011648370066203007,-0.006688241639697945,-0.007387046899158256,-0.012825817128672035,-0.014789253142716285
2015-07-27,-0.013895582329317313,-0.003202810207666107,-0.02103290295710125,-0.012849162011173032,-0.010249671484888312,-0.006690140845070358,-0.0161147902869756,-0.005550416281221104,0.01827312037941131,0.007766990291262044,0.0053453884570153765,-0.01123703882324567,-0.0045778677700503145,0.010334996436208277,-0.008774583963691462,-0.013060513713539224,0.002472799208704357,-0.0006243496357959399,-0.004151878390142638,-0.012842838484980357,0.011928040672663176,-0.011151429330029106,0.0023350846468186415,-0.003985552372649193,0.0008748906386701893,-0.0005087332541970913,-0.00456125108601213,-0.003288335064035919,-0.0027940765576977,-0.008506379784838591
2015-07-28,0.004968640547365011,0.0020729684908789014,0.0055307381408211675,0.011884550084889423,0.032660647902283735,0.0,0.0365716849899036,0.001775898520084418,0.0017808219178081508,0.005780346820809301,0.0021115955459005686,0.005950638962052501,0.015654019633855265,0.021516754850088082,0.007529507529507429,0.000588148801646593,0.0002466699555994101,0.013431903373594345,0.01613879362517645,-0.00022050716648291946,0.0057004830917875005,0.015573256958739679,0.02941176470588225,0.003251219207202727,0.00029137529137512885,0.030878859857482288,0.0013091861226270929,-0.0032991838860914058,0.010086859064163622,0.040625788544032204
2015-07-29,-0.0031609661209272,-0.0037236243276790315,0.01643043508920372,0.015659955257270708,-0.0057855489843148256,0.006735200283587206,0.009199134199134207,0.011649501941583651,-0.0002734855736359343,0.006130268199233679,0.0026832004365884288,0.002909231962761716,0.013322884012539227,0.0017265193370166187,0.007170268632599619,0.013078618662748065,0.0009864364981506668,0.009041405527586477,0.002250016544239175,0.020952801058667703,0.004803535402055914,0.012778708028553742,0.011598302687411577,0.004861024554406068,0.010486454995630723,0.0,0.014600130747439488,0.009756097560975618,0.0018030513176146012,0.008001939864209495
2015-07-30,-0.005041060248800688,-0.014223421926910174,-0.00783960038851117,-0.0016519823788546661,0.01319022371653955,-0.0035211267605632646,-0.002359249329758728,0.0015854472630172367,0.004650526603747762,-0.005331302361005319,0.00473217120481384,0.0017404757300327756,0.0007733952049495674,-0.0034470872113064877,0.0011029780407099121,0.0014505366985786416,-0.0007390983000739038,0.009774971998778303,0.0007923407065038024,0.012745733419745164,0.0028683430538292143,0.0007831534980855537,-0.000838926174496657,-0.04006450012403873,0.0031709426347650282,-0.007899934167215239,0.002362542955326452,0.003278122843340281,-0.0009691264017722689,-0.0015636276160692075
2015-07-31,-0.008743973196044807,0.0016850974196944701,0.00811132088665123,-0.013789299503585206,0.0035737077217612434,0.004240282685512353,-0.04890895410082763,-0.00024993751562107924,0.010483321987746708,-0.0007656967840734552,-0.01062357048272533,-0.010279922779922734,0.004894384337970292,0.0013836042891732792,0.0037059294871792936,-0.007387022016222544,0.012820512820512775,0.00695774931935067,-0.0015174506828526946,-0.0038395904436859807,0.0029554771665554203,0.0018259281801582539,0.009235936188077387,-0.008915880604729254,-0.0017241379310343197,0.006967485069674817,0.0025712449110777413,-0.004815133276010353,-0.0024944567627493974,-0.04577761715455986
2015-08-03,-0.023577906018136807,0.0026285353800861166,-0.003329402788374791,-0.00615212527964204,-0.017423375302047406,-0.002111189303307559,-0.032549728752260476,0.009333333333333416,0.009970358393963874,-0.008812260536398497,0.010980988593155994,-0.0018530257960696073,-0.0011962744595402919,0.003454231433505983,-0.001896018361440932,0.0,0.011197663096397248,-0.004406168636090557,-0.008061318884630575,0.00235546038543899,0.023859315589353614,-0.0033848290227390665,0.0024958402662229595,-0.003911342894393655,-0.0023028209556708035,-0.004200988467874867,0.0038469758495405237,0.0006912044237084025,0.0027785495971104357,-0.014518368892816436
2015-08-04,-0.03208375548801079,0.007969798657718075,-0.0010439139814879539,0.0016882386043894915,-0.008542583484338784,-0.011636107193229828,-0.0045560747663551115,0.00470607661822986,-0.01387406616862319,0.0011596443757246888,-0.005175111325069315,0.002345009526601105,0.005475233125160406,0.002753872633390664,-0.0021995600879823884,-0.0010214504596528506,0.007462686567164312,-0.00281633474150067,0.0018651745270450437,0.015594958342234566,-0.010862501160523563,0.008186014107811612,-0.0011065006915629283,-0.006413612565445148,-0.002308136180034559,-0.0004135991397137273,-0.006387055567383393,-0.0015541357278534562,0.0009697977279023995,-0.011401486036382247
2015-08-05,0.0066294487090021725,0.00540990428630872,0.009823045840880562,0.00393258426966292,0.0036553524804177062,0.008562254727078056,-0.013848139889684252,-0.09170843947736051,0.0008116883116884299,0.007722007722007929,0.018161746915073884,0.0025832236681775367,0.003998978984089074,-0.00034328870580147,0.007214428857715394,0.003943908851884448,0.006451612903225712,0.006657252370385169,0.004055851063829774,0.0008413967185527671,-0.005443964708090943,0.008465060032823768,-0.008031016338964303,-0.0018442892899486196,-0.00028918449971071514,0.02548824892419721,-0.0006428112277694353,-0.0029401591144933015,0.017439446366782185,0.0
2015-08-06,-0.0023396880415945676,0.01779801324503305,-0.007795791652293826,-0.003357582540570947,0.007544224765868801,-0.002122391227449505,0.013804593597524617,-0.017913688591332688,-0.0018924033522573769,-0.002681992337164707,-0.00466366647358496,-0.0029654837141467327,-0.012203389830508504,-0.003777472527472514,-0.014424990051731035,-0.0069838498472283295,-0.0047483380816712994,-0.0045090180360721765,-0.011588636514138106,-0.020176544766708715,-0.0019818799546997834,-0.013961456102783654,-0.01814628699050802,-0.00039593506664903355,-0.00954584900202482,-0.015171078114912806,-0.0002144082332761199,-0.0020815264527319632,-0.009794585770643405,0.011921731242710898
2015-08-07,0.0033874750282290034,0.013115087433916317,-0.009734390209984789,-0.003368893879842738,-0.0021946811257421706,-0.002126905352711872,-0.01690339241695027,0.007369875633348677,0.017741061755146337,-0.00922013061851712,-0.00859509065134667,-0.008045248427519636,0.0031743308167466733,-0.004481213374698423,-0.0022206520641969707,-0.00293040293040292,-0.003578244274809128,-0.004328132863613443,-0.002478895886372845,0.002574002574002643,0.011820330969267046,-0.005298818624044466,0.0005686664771109573,-0.003432796408766703,-0.0008761682242991453,-0.0018026876433957506,-0.005790263778683302,-0.001042934121328054,-0.021156752301140336,-0.016135228582405015
2015-08-10,0.036357340720221565,0.008429503261414784,0.024153910967561032,0.016338028169013974,0.037132876180618224,0.015630550621669625,0.02555223880597013,0.015089163237311354,-0.00452428476380573,0.017448623497479554,-0.0018814250666024934,0.012436099095556541,0.005729923886085508,0.026315789473684292,0.009509357612544456,0.012343864805290261,-0.002154656451999082,0.004751314193287559,0.015783464302505434,0.012623020967051701,-0.004392523364485923,0.007422932494978607,0.004830917874396157,0.0119236883942766,0.016661794796843044,0.005417829584633216,0.018766177739430567,0.008178179919958284,0.00322807017543858,0.02499023818820767
2015-08-11,-0.05203808887403949,0.0050751318539159485,-0.012409159467983044,-0.013858093126385862,-0.02644710578842302,-0.019937040923399763,-0.0012807078821748252,-0.027027027027026973,0.00641625451142902,-0.020198170731707266,0.040956660735289585,-0.020731174442880085,0.000765306122449072,-0.022604588394062097,-0.007816414470387834,-0.009580490637247752,-0.004798464491362786,-0.0058355971425696485,-0.01824914043903747,-0.01943798859074586,0.0009387027128506809,-0.007801664355062465,-0.006787330316742168,-0.0020947892118354794,-0.0037377803335251203,-0.001796211626387989,0.00783400381113708,-0.012599240593717531,0.00629546726357022,-0.016000000000000014
2015-08-12,0.015419860780685468,-0.010198019801980207,-0.01124609510586605,-0.015177065767284947,0.011276268580215243,-0.004282655246252709,0.011774306365120113,-0.009351851851851944,0.00358613361668203,0.005834305717619559,0.0016949152542373724,-0.0028259791769954523,0.0,0.016914049016223842,-0.003029996970003168,-0.014509746445845018,-0.005303760848601735,-0.005363829571905732,0.0002693965517241992,0.007110536522301425,0.016599456063021822,-0.012231347195526765,0.007118451025057038,0.0022303857255314696,-0.018181818181818077,-0.0086700474398822,0.005252100840336116,-0.008564936199965123,0.009036563325455216,0.01677635823977308
2015-08-13,-0.0007809788267961748,0.0028008402520756093,0.016709962788738375,0.005707762557077611,-0.014698428788646689,0.028673835125448077,-0.010830740868763788,0.004953733993831255,0.00026469031233444795,-0.002706883217324041,-0.0071731239243930656,-0.0019390443991447182,0.011300875180559,-0.020027155465037305,-0.002330057744909242,0.0046103509815587085,-0.0038778477944739764,0.011090761090761125,-0.0075410719095071466,-0.00021394950791620015,0.004797047970479751,0.0047762250132672435,-0.00028272547356511524,-0.007985338395077868,-0.006172839506172867,-0.0056105610561056896,-0.003970741901776487,0.0029971791255289926,-0.006475613116560974,-0.001776875237974318
2015-08-14,0.007034303082935178,0.008279301745635959,0.0019335681237484525,0.004540295119182636,0.0093878600823043,0.01149825783972136,0.001630751310425227,-0.0033482142857143016,0.01045250066155079,0.011244668476153574,0.0041659990386155865,0.006376407293015918,0.006133422954125445,0.005195704883962593,0.003350934199837452,0.005033308660251645,0.0036496350364962904,-0.0010063399416323504,0.005970149253731405,0.005777872886796542,0.0011017260374586169,0.006690140845070358,-0.0011312217194570096,-0.0021113750329901926,0.00709849157054121,0.004148689014271456,-0.003566932438103132,0.007734223940938589,0.00374427957287482,-0.003687221869040136
2015-08-17,0.010348395998620141,0.0036604669568658377,-0.00447997794472399,0.00395480225988698,0.0006370238246911075,-0.007061660351360688,-0.03209675543667856,0.01763717805151166,0.001964122037449112,0.004984662576687171,0.006875843161147088,0.002722502722502629,-0.00041753653444676075,0.002067539627842896,0.010727659143811463,0.002651347768448886,0.00242424242424244,0.014002216178100158,0.0064742379282438645,0.006808510638297793,0.004493763756419522,0.005421476040573747,0.005096262740656776,-0.001190161332980777,0.00528634361233471,0.02313667162452493,0.0006317119393557391,0.0003488574917147602,-0.00649350649350644,0.005232261357835499
2015-08-18,-0.0056333219528849066,-0.009462789551503259,0.0011077263915812985,-0.0045019696117050145,0.0035650623885916666,-0.019947961838681638,0.002523128679562614,-0.01934892251260889,-0.003659174072138005,-0.005341472720335805,-0.007750932849260206,-0.006861825541787936,0.02589807852965742,-0.0058459422283355655,-0.005006508460999259,0.002056706331717395,-0.0012091898428053804,0.0009934432743892163,-0.006231573304744109,-0.0010566356720201897,-0.00018259837487444308,-0.001391546355888118,0.0005633802816902289,-0.005295908910366798,0.0035056967572306696,0.01356808270069454,-0.0012626262626262985,0.0033129904097646268,-0.03379224030037542,-0.011044814015487958
2015-08-19,-0.012789699570815438,-0.0008956115036320433,-0.013001383125864407,-0.013001695873374852,-0.01788886069525497,-0.015929203539822967,-0.030321188878235872,-0.004582008602954879,0.012722980062959133,-0.013041810510164953,0.007709842754054508,-0.0011432547966995221,-0.00032573289902271263,-0.019024558976132866,-0.000603803964979388,-0.00894297023896784,-0.012590799031476863,0.003374354902739185,-0.01645202616141861,-0.01396234398138363,-0.004017897908866863,0.001219299773558724,-0.007038288288288341,-0.013443364834287097,0.00029112081513815724,-0.018167330677290816,-0.0004214075010535723,-0.008342022940563076,-0.013097294185377195,-0.021437740693196372
2015-08-20,-0.02051995478654034,-0.015438247011952289,-0.039938340807174844,-0.04238258877434142,-0.012918227619170608,-0.027338129496402908,-0.02064021752564582,-0.06040394551432604,-0.005698743686051055,-0.020987174504469408,-0.020978617947092326,-0.020900721572530423,-0.01808406647116323,-0.02926657263751753,-0.005236129292115588,-0.02455621301775146,-0.005640019617459635,-0.013254203758654715,-0.017275656406389284,-0.020381892297790194,-0.0075181076372971,-0.02313848295059151,-0.020413949532180453,-0.0028332433890988495,-0.01193247962747368,-0.02783639019639661,-0.011804384485666009,-0.016473887136347787,-0.002041709202274866,-0.02177620359438559
2015-08-21,-0.06116289391921881,-0.021750126454223473,-0.038753466647204804,-0.03708133971291849,-0.018453082057322323,-0.021079881656804744,-0.04391721352852085,-0.011797640471905568,-0.0007815552950372062,-0.023818975784041352,-0.05217224936716314,-0.0457941550190597,-0.03633648581383786,-0.03523428986560129,-0.032695616965279894,-0.03548680618744304,-0.025154130702835897,-0.026363271852445913,-0.008789675619114035,-0.056723609286027044,-0.011916859122401924,-0.04835262689225284,-0.029232995658465932,-0.02800703558381812,-0.01678939617083952,-0.029301277235161627,-0.016638225255972694,-0.03831076265146116,-0.02761946514686542,-0.03272093335121362
2015-08-24,-0.024962178517397904,-0.04922440537745609,-0.034317819451826104,-0.050310559006211286,-0.029066666666666796,-0.04835663014733649,-0.04804646251319955,-0.0352084176446783,-0.05566418980576193,-0.029280195201301318,-0.04024657236464135,-0.04410354745925216,-0.031163911845729975,-0.01167168674698793,-0.028673084972792084,-0.05267295597484278,-0.02909182899064,-0.043858746010501326,-0.02470265324794141,-0.03227304388205243,-0.036649214659685736,-0.02807148872461873,-0.04203935599284425,-0.03758351893095768,-0.03025763930497316,-0.05030959752321973,-0.02950108459869849,-0.050398369464517256,-0.03892395551547945,-0.04727575211423818
2015-08-25,0.006012412723040983,-0.026430280617794177,-0.013365830647063426,-0.0019620667102681066,-0.010436693216149262,-0.022628026994839234,-0.029118136439267972,0.0055578859060403385,-0.030784097183876313,-0.025136154168412306,-0.009124589474365341,-0.006909617742115293,-0.01395059534387777,-0.01447619047619042,-0.022516698987287143,-0.005643153526970979,-0.010161542470036533,-0.017874448153332723,-0.006783085582335313,-0.029030710172744723,-0.024553571428571397,-0.00327332242225864,-0.024587612822907,-0.01041365345675438,-0.017608897126969336,-0.004074979625101949,-0.027715690657130088,-0.02399999999999991,-0.013291634089132143,-0.0001455180442375692
2015-08-26,0.05735492577597845,0.022567310914981542,0.030679735437086686,0.05242463958060273,0.02511795725784083,0.04305442729488207,0.043844615824050415,0.03483157784961932,0.021791767554479424,0.03180060163300391,0.07717929041422433,0.03467624284592086,0.044696764891412055,0.055276381909547645,0.04827510195084317,0.05007511266900355,0.01947881021321396,0.04319701787084762,0.036907875617553154,0.05534964170990864,0.011441647597253857,0.05051675842750902,0.03477983407785579,0.036246711487869065,0.027987421383647737,0.031642116748499705,0.03816091954022971,0.04558176729308272,0.027416798732171177,0.055159365448988584
2015-08-27,0.029446622299206915,0.02556538839724687,0.01956084737900099,0.023661270236612797,0.024231758494652755,0.01908099688473519,0.06225201805992597,0.029628136652222192,0.010872595483691017,0.0416493127863391,0.012459453724194436,0.026084598698481676,0.014922798240317281,0.01538461538461533,0.011670697087582838,0.024956286758861967,0.01394268009295141,0.022911192853389384,0.008267937219730959,0.027862327323811664,0.0059020263623845715,0.03549098933431405,0.025593586185630457,0.008180535966149538,0.02294279596206783,0.037986955755332286,0.022807794508414636,0.03307839388145317,0.01928119697670838,0.032413793103448274
2015-08-28,0.0032766560396741973,-0.004474272930648837,0.010389019488890705,-0.0048661800486619056,0.0038329368226275307,-0.006495987772258349,0.03593508500772802,0.0030341587550162252,-0.0017926089354660668,0.005997600959616101,-0.012380980897059635,-0.007716294064795792,-0.001189869114397446,0.025252525252525304,-0.010912492205362723,-0.005428039702233378,0.004583651642475095,-0.011096270420219878,0.0021542738012509943,0.0006833712984055662,-0.004302757676511004,-0.0010655301012254537,-0.018039687312086605,-0.0037772803581422876,-0.0044856459330142595,-0.004160652118536112,-0.0025979649274734395,-0.00906903572089579,-0.017251815980629526,0.002939211756846971
2015-08-31,-0.004678259334451429,-0.013483146067415741,-0.019213449414590245,-0.0012224938875304847,0.006451612903225712,-0.004615384615384688,0.006962576153176636,-0.005854800936768267,-0.02044481281945021,-0.013513513513513487,-0.01799329988327847,0.004527296937416825,-0.009019741320626329,0.004222378606614896,-0.012503940317326823,-0.0004677997816934232,-0.003295310519645156,-0.012779220779220779,-0.014354066985646119,-0.00933302982016837,-0.03349047338440381,-0.00666666666666671,-0.013472137170851162,-0.007583204606094518,-0.002703514568939469,-0.01347203274215547,-0.0013023659648361274,-0.003922301083302271,-0.003233754234678088,0.0022645530837885897
2015-09-01,-0.04469670095778655,-0.023429873088187447,-0.024793388429752095,-0.046511627906976716,-0.020146520146520075,-0.029366306027820643,-0.03457216940363006,-0.023262661955241404,-0.026230432943167403,-0.037872683319903344,-0.02818684202401922,-0.0343584305408271,-0.029108706852138067,-0.02522775052557813,-0.0201106618429453,-0.041341653666146505,-0.014496439471007094,-0.016312355293622405,-0.02560855494582792,-0.03906250000000011,-0.03109440097551064,-0.027919463087248353,-0.02669149596523901,-0.025045988396773633,-0.026506024096385583,-0.026534140017286156,-0.02412519017604864,-0.04387774235889741,-0.014058396415881358,-0.041998936735778813
2015-09-02,0.04288897140735237,0.012662445851382875,0.025031387319522924,0.01732991014120655,0.016021361815754087,0.02109872611464958,-0.0016626167029031302,0.023917194251833918,0.001593048515568407,0.028894472361809198,0.024382108139017866,0.013123215462332416,0.03015830901211647,0.028037383177570208,0.013682267347160382,0.018226200162733797,0.003870967741935516,0.02749545308655188,0.019783393501805024,0.03682448589191778,-0.003251179863660081,0.01905550952775492,0.019451530612244916,0.013207547169811207,0.015470297029702929,0.014205806623457384,0.010022271714922093,0.01961168856638551,0.00971482293951742,0.015954495005549463
2015-09-03,-0.01753605127292146,-0.0016452780519908838,0.0029855316542908295,0.005678233438485725,-0.021681997371879036,0.00974658869395717,0.002562131693569114,0.0009814505839631504,0.001735106998264957,-0.0024420024420024333,-0.012187747127506143,0.0029808682456236024,0.0010302197802196655,0.016783216783216703,-0.007605784681306793,0.0017580310052740522,0.006683804627249268,-0.00031236984589755323,0.003540073633531593,0.0032287822878229733,0.0013678451178451567,0.0013550135501354532,-0.0025023459493274114,0.001718951439621863,0.006703229737964556,-0.0021010242493215703,0.008158765159867576,0.008463165993460198,0.006517690875232907,0.007647139150621429
2015-09-04,-0.009966476397571866,-0.021973192704900057,-0.009616852388948383,-0.018193224592220725,-0.018132975151108233,-0.014671814671814665,-0.020316892409915743,-0.010000980488283129,-0.014722863741339465,-0.020807833537331732,-0.01269916019150763,-0.025289095428509656,-0.018696397941680876,-0.019257221458046758,-0.014356649395509513,-0.018825781748564085,-0.016343207354443168,-0.012082074783876795,-0.013404825737265424,-0.020459770114942488,-0.005779132079436811,-0.010464591790708133,-0.016306052053935427,-0.016731016731016735,-0.014527845036319542,-0.014299499956136441,-0.019685039370078705,-0.021743276749952356,-0.014955288313290183,-0.018024122509825324
2015-09-08,0.027820993868399535,0.011570433610424535,0.03128853267570908,0.03258785942492004,0.01641586867305067,0.030564263322883978,0.0022172949002217113,0.030107952857284515,0.01611485496630527,0.040000000000000036,0.023721699313151712,0.03049118527552941,0.017566858940744723,0.03436185133239844,0.028802978863213147,0.026991869918699063,0.009865005192107867,0.020347917764891976,0.025672196796338698,0.03003989673785501,0.02610441767068261,0.01878019874190895,0.0369780044628627,0.017742873763816114,0.017813267813267863,0.03319686721253112,0.02365015618027666,0.03197504386820049,0.038973235248082494,0.014352746342809919
2015-09-09,-0.019232481524352196,-0.014991671293725695,-0.008743087729786159,-0.016089108910891103,-0.018034993270524935,-0.013688212927756682,-0.024986985944820406,-0.02019036631093174,-0.016580161476355326,-0.01642628205128205,-0.0007299496800646788,-0.0010759629868731801,-0.02112857510950794,-0.008813559322033981,-0.0183095592931658,-0.015516149461684559,-0.015424164524421635,-0.013949163050216873,-0.017918148225615216,-0.0186830713146503,-0.018436502214440265,-0.016912751677852333,-0.017522287119581925,-0.021434695627322142,-0.010863005431502648,-0.008700146438108458,-0.010680034873583266,-0.013980729265067104,-0.018981620970171642,-0.020408163265306145
2015-09-10,0.02197004085338161,-0.004284103720405996,0.0067847719562759146,0.008805031446540879,-0.0074013157894735615,0.012336160370084892,0.009877202349172443,0.006770680011775054,-0.006890485266090041,0.005295315682281032,0.011920859172223075,0.0012386902197327743,0.004562604194086051,0.0010259917920656392,0.0054218173931901426,0.0077195239626888235,0.003133159268929653,-0.0018861993083936213,-0.0005679397983814338,0.005107963779893199,0.0005246589716683125,0.004733296923356889,0.020650813516895905,-0.00233644859813098,-0.0009151921903599591,0.014685436218282888,0.0015421899096716984,0.007089480743437626,-0.01535626535626533,0.007222222222222241
2015-09-11,0.014568712800923977,0.010643115942029047,0.00838637214526372,0.0,0.0028997514498756427,-0.009139375476009182,0.00171821305841946,0.01832358674463941,0.008857395925597977,0.010940032414910927,0.0064815383670209226,-0.0034425259534182073,0.008297667918595542,0.006832934745473196,0.0022648835202760953,-0.0015959144589848817,-0.007548152004164477,0.02267716535433073,0.0034095752237532917,0.004389004389004247,0.00524383848977461,0.01304584163797795,0.010729613733905685,0.0014637002341921779,-0.0009160305343511865,0.016528217864177464,0.0059392872855257295,0.0011415525114153446,0.008265751715533343,0.002344180915609506
2015-09-14,0.009631380789773214,-0.004817387407573426,-0.0017821341055912487,-0.004987531172069737,0.0019275781357566135,-0.012298232129131503,-0.00026388705634006193,-0.0063169984686065606,-0.0004389815627743321,-0.007214428857715394,-0.004318632687318691,-0.007178712149835453,-0.0061503811503811345,-0.00271462504241593,0.004196707198966809,-0.002877237851662384,-0.0007867820613690624,-0.004516990042090163,-0.0031856151776864516,-0.010119595216191324,0.0029212310902451133,0.0006260060812020019,-0.007885956930542837,-0.0052616194095294055,-0.005195599022004949,-0.0075821398483572056,-0.0017493986442159715,0.002850627137970463,-0.005723124516628042,-0.0027514100976751
2015-09-15,0.008412106495533811,0.008105369807497542,0.013910585434798728,0.021929824561403466,0.024872887178782443,0.010894941634241206,0.018476969776956675,-0.0037565016374493387,0.00409896062069981,0.021396851029471087,0.019311232700354175,0.019082309448733126,0.01263836834306642,0.011568560734943834,0.01157308186883843,0.019236934915036752,0.01049868766404205,0.012581210683716648,0.019813933669483585,0.02184014869888462,0.0010402579839801085,0.017427830905353492,0.014062977682665956,0.020423156038789303,0.00952380952380949,0.018930390492359894,0.015772179627601357,0.01326511275345843,0.000622277535780924,0.005104152296868669
2015-09-16,0.0011179910560714656,0.011725293132328174,0.006603081438004255,0.0012262415695891704,0.014212925717350444,0.0034642032332563577,0.023973046520668673,0.005124238615488608,0.008601837002478518,0.024901185770750844,0.0006766205061119468,0.006348359562549977,0.014116026854880337,0.001345442314160783,0.0022245762711863293,0.008807801195344522,0.016883116883116944,0.005092168245238726,0.00417827298050133,0.007276034561164213,0.013301465239530241,0.015284609978917674,0.00030147723846840613,0.009359251259899004,0.002434570906877598,0.009331000583187476,-0.003881820142333403,0.004675518982607096,0.005752487562189046,0.01976393082624206
2015-09-17,-0.021389914955759814,0.010154525386313562,0.0018221574344023939,-0.028781383955909345,-0.020888418826017996,-0.007288070579209882,0.0049354593773727196,0.002308580223162826,0.010552182711766278,-0.02236791361357493,0.009240894338261807,-0.01160941475826971,0.0007638771006619471,-0.0020154517971111563,0.002431032660395349,-0.023230433426878694,0.005874840357598998,-0.00861282804742114,-0.008668515950069344,-0.0011286681715575453,0.012203876525484603,-0.0026821249351098864,0.009041591320072317,0.0019971469329529423,-0.004857316332726014,0.017416425918283185,-0.02078371941978785,-0.028108711839165967,-0.003400834750347803,0.002153432032301339
2015-09-18,-0.004125702247190999,-0.011254370629370625,-0.00989450709348838,-0.018915510718789386,-0.02970564407237375,-0.013137557959814528,-0.021030096965117817,-0.01305182341650668,-0.006579888427978742,-0.021696252465483234,-0.0160048833504548,-0.0295521587556985,-0.023662115172589204,-0.02322450353416361,-0.015288907633909776,-0.02729449321628097,-0.01015744032503818,-0.008074407195421185,-0.023294858342077562,-0.017401129943502847,-0.014285714285714235,-0.00190856250542204,-0.01881720430107514,-0.004271070615034178,-0.007016473459426575,-0.0064092162907675165,-0.014592084899403002,-0.022409500095767143,-0.017527532185512618,-0.023905452591995502
2015-09-21,0.01551344204495364,-0.001105094485578495,-0.0005143654934234299,0.008997429305912519,0.004174784302811041,0.0,0.004502186776434325,0.005542590431738548,0.008639308855291405,0.011693548387096797,0.009169037099800326,0.013319332375373083,0.012682418346073643,0.004824259131633424,-0.0027840239854374227,0.00836888743025943,0.005387378142637234,0.008758371973209833,0.0030081650193380938,0.01448942042318313,0.007811696988385242,0.013124728378965722,-0.013089802130898054,0.010151558478696199,0.00030721966205859985,0.012002939495386666,0.005160421808391158,0.00999216300940442,0.005999368487527468,0.009768849752338937
2015-09-22,-0.015710441801926822,-0.014824648744330204,-0.014924275841788015,-0.00828025477706995,-0.006651884700665023,-0.01566170712607673,-0.01075681905493664,-0.00889662508461464,-0.012847965738757905,0.0007971303308089706,-0.02066028966385791,-0.019798200163621438,-0.006690684508492084,-0.016803840877914866,0.0011811446365295186,-0.008787632221318287,-0.010206685378923108,-0.007150153217568955,-0.014424450157097812,-0.004760825209703001,-0.010198878123406474,-0.005061770761839446,-0.004935225169648505,-0.006510969568294556,-0.008906633906633932,-0.008149104405357321,-0.008258928571428514,-0.016682832201745823,-0.002040175768989294,-0.008856792478539433
2015-09-23,0.008112874779541368,-0.0038180797304885328,-0.01731472497947628,0.009633911368015502,-0.020647321428571508,0.005568814638027053,-0.014627831715210315,-0.008976485510781562,-0.0008676789587852562,0.0011947431302270495,0.00013778322106539065,-0.00172490540841308,0.0031951640759930733,0.0024415765608649664,-0.0026812526812526327,-0.004432769660154268,-0.0007733952049497894,0.0018518518518517713,-0.002608317635125479,-0.0006833712984054552,-0.0007212776919113262,-0.00465637664913332,0.011159330440173587,0.000997293061689719,-0.002169197396963085,0.002847148783860609,-0.010128291694800895,0.0017754981258630842,0.002044346595376556,-0.006048941435248811
2015-09-24,0.005948215535339418,-0.007665426671175646,-0.014581909318751363,-0.010814249363867656,-0.06267806267806275,0.005142405063291111,0.01011560693641611,-0.009353155459289053,0.017802865827181824,-0.009148766905330175,0.0024797563103675646,-0.013934563290786461,0.0014633726435395733,-0.009046624913013113,-0.005484460694698212,-0.006926121372031635,0.010061919504644079,-0.0009242144177448175,-0.0005811419439196719,0.0009117848187827349,0.005568158383171706,-0.005544485835571322,0.002452483139178563,0.015656134358098317,-0.002795031055900732,-0.01776443867618427,0.002501136880400434,-0.0045293422607326495,0.0017263025737601634,0.005947441217150962
2015-09-25,-0.0025217391304348524,0.009201408610700845,0.009710982658959422,0.021864951768488794,-0.012462006079027255,0.024203069657614984,0.01053452984783454,-0.0031802822500497374,0.005546075085324231,0.0004014452027298887,-0.02253744789360368,0.01650556780283763,0.0034381983840465757,0.0115870786516854,-0.016003460207612452,0.02075722351378273,0.012005108556832678,0.003083564600678379,0.014391626689925774,0.0006832156684126733,0.01117719442165721,0.08894503005488286,-0.02477064220183489,0.018357623318385752,0.006851448146994565,-0.03897927161615322,0.0029485144023586596,0.018397626112759635,-0.0007833307222309127,0.006874742197167549
2015-09-28,-0.01978903321419223,-0.018347591175146394,-0.02198305472864659,-0.026431718061673992,-0.018313327177593153,-0.01402497598463015,-0.02483912483912487,-0.018045862412761737,-0.003676990524678181,-0.024478330658106007,-0.02483792861048184,-0.03786909859311571,-0.022614356690080495,-0.001735508503991623,0.00406593406593414,-0.024239466406377086,-0.002271580010095864,-0.016702530997028453,-0.008455144740613374,-0.014792899408283988,-0.010749416894838326,-0.02288000000000001,-0.03355283788021324,-0.012384752992982029,-0.013300340241262032,-0.03153733780183898,-0.01085481682496603,-0.021561771561771526,-0.0018814675446848783,-0.00860303154444908
2015-09-29,-0.030060476698683725,-0.0022933149868132885,0.004838835557636756,-0.007756948933419605,0.008151747922871877,-0.000779423226812126,0.006334961066385203,0.009442583003350657,0.003974449964513793,0.010695187165775444,-0.0026271525830996456,-0.006704427233845789,-0.010429447852760676,0.016689847009735637,0.01827733391704056,-0.002334111370456693,0.003288641538072179,0.01583993330554412,0.02290793467264063,0.0034650034650034467,-0.007790876473603214,-0.020222695267725577,0.006489292667099189,0.007106033161488057,0.005329153605015735,0.013487133984028343,-0.004801097393690057,0.010323605320627482,0.0018850141376061114,0.005096418732782437
2015-09-30,0.011369888134971529,0.011148143891506646,0.017087378640776585,0.014983713355048778,0.0163271652931114,0.02379095163806544,0.034491803278688504,0.027962180647757018,0.01710730948678063,0.026455026455026287,0.02531279613241022,0.011055510299080584,0.022850057567974424,0.030779753761970063,0.0033319002579534907,0.018883689839572115,0.011598587997982968,0.0107714402954453,0.0015542211232779657,0.01887661141804786,0.007852050831697488,0.027575833542241135,0.012572533849129597,-0.004703929164360909,0.015902712815715647,0.015671511118893422,-0.00045945325063179165,0.009039103949695537,0.016619629978049666,0.018911881595176094
2015-10-01,-0.006527651858567518,0.00454648783814493,-0.00259641084383333,-0.0019255455712451353,-0.014840881272949802,-0.019809523809523832,-0.0068458417849897035,0.004598825831702458,-0.017653600222407473,-0.0011895321173670537,0.005686357441609058,0.013006445672191669,0.013334487834444575,-0.004644990046449915,-0.001928227102303115,0.0073806790224701935,-0.0079760717846461,0.002537298284786438,-0.006842068138534274,0.00790781744238589,-0.01025115325474113,0.006993575668862384,0.013689907672715718,0.00013900472616068527,-0.0015346838551257846,0.0051719679337987046,-0.012640772236267472,0.0017526777020446804,-0.008790869833436243,-0.0039004707464692645
2015-10-02,0.007300602299689762,0.01538809685449194,0.014929944108414306,-0.010932475884244397,0.02034477403323498,0.0011659541391373374,0.04097523615011478,0.0032141813577482026,0.018253855950191022,0.011115522032552505,0.02334890965732095,0.005624360868083045,0.006664957703153007,0.017000000000000126,0.008157132124074318,-0.009931618365353279,0.014824120603015079,0.010224741850577201,0.017045454545454364,0.02151983860121054,0.02061108234075615,0.01114431074860689,0.03894472361809043,0.006532314107018822,0.0033814940055332254,0.019037818368921933,-0.0027932960893853886,-0.003499222395023316,0.011047144857631919,0.02457466918714557
2015-10-05,0.0036238448994383443,0.041453086694896335,0.01101388050694041,0.020156046814044037,0.05296803652968052,0.04231366459627339,0.030410790925812448,0.00825242718446595,0.015564202334630517,0.05300353356890475,0.022359548851580646,0.020846279871193696,0.011798658857482325,0.022943297279580444,0.008836367507718546,0.019898043085018857,0.015350334241148733,0.013829040986070629,0.021787709497206764,0.023260917270133907,0.022122995737771323,-0.0075073875888507224,0.012091898428053138,0.01104667219000266,0.02420343137254899,0.00690061432298239,0.027077497665732864,0.02243464689816621,0.013696522006771294,0.012256193990511477
2015-10-06,0.004784257086116739,-0.0009629788144659424,0.004551559468735977,0.0,0.023706273489447538,0.014152700186219613,0.035225514697131866,-0.0007703418391911132,0.00013683634373307108,0.01752423564504091,-5.955216769881755e-05,-0.002102933038184762,-0.004362416107382527,0.016981736622877275,-0.014140987758547996,0.00048371493066734494,-0.0012192148256522373,0.007215577740437018,-0.0036221979223619583,0.0025734505683037145,-0.00863780778395562,-0.008690754003379708,-0.020609318996415715,0.0024583447145589687,-0.0035895901884533954,-0.030087755954868456,0.0013636363636364557,-0.007250524709024875,-0.002884469409442758,0.01406066918369997
2015-10-07,-0.0047614769562482895,0.009317768019706518,0.01775235831538291,0.003824091778202643,-0.006212934199378628,0.011384502387073114,0.012989998850442719,-0.003661944685361851,-0.00574634012860864,0.01758886038842067,-0.0024417842892024977,0.010592280390417042,0.008173238961914464,0.018115942028985588,0.01669877970456013,0.0012892828364223785,0.013671875,-0.001275760549558469,0.012003566774127172,0.0010695187165774556,0.0008012018027041545,-0.008848120789025082,0.015248551387618159,0.004359673024523003,-0.005703992794956592,0.0032744506678157315,-0.004766227871084938,0.0030751489525273623,0.010353227771010776,0.01681859031968158
2015-10-08,-0.011554432207979803,0.014112903225806495,0.014742373376149365,0.0,0.020744529695936542,0.013435003631082187,0.02031320926009972,0.011799980655769371,0.004541076097426711,0.00936262153402967,-0.004477611940298498,-0.00636558195686765,0.01178437108232333,0.006343803187374375,0.0010528532322593431,0.0,0.01107899807321755,0.011594772526284824,0.013148976548732483,0.013888888888889062,0.009206444511157708,0.02301392301392302,-0.006007810153199067,0.009224091155724423,0.008454106280193274,-0.003006098084686104,0.008665906499429665,0.006706265568116487,0.007836045810729386,0.010479797979797922
2015-10-09,0.02392694063926948,-0.006592026786648497,0.004746835443038,-0.0107936507936508,-0.007516703786191625,0.0,-0.0037815593371148815,0.009081349775356129,-0.010136986301369832,0.0014270424545130833,0.006356821589205364,-0.01038272491301706,0.0022302990252767163,-0.011685116851168575,0.003050063104753864,-0.0032190568163528166,0.0009528346831826351,-0.0018455560951917693,0.0028097404335030163,-0.007165437302423694,0.001983143282102251,0.00024017292450562167,0.00453309156844961,0.0010752688172042113,-0.0077844311377245345,0.02748104755341152,-0.0015826362197604027,-0.007613247049866767,-0.0028409090909090606,-0.009621391978008154
2015-10-12,-0.004637887977167465,-0.0014746155466610622,0.00701503221188271,-0.0038510911424903815,-0.011220196353436185,0.0017914725904693007,-0.009266495478396752,0.007483895414929886,0.007749792416274381,0.0007125044531528513,0.0077319587628865705,0.005803895306657703,0.00469793126184781,0.002177971375233456,0.006500996120373248,-0.0033909252381721933,-0.0004759638267491928,0.004671078240560345,0.001067378252168183,-0.002334960730205893,0.003958436417615063,0.011925724347686906,-0.0006016847172082285,-0.002013963480128944,0.0048280024140010536,0.027165255303093883,0.0031702898550725056,0.0007671653241272391,0.003598740440845738,0.0005046681806710751
2015-10-13,0.0017025089605735566,-0.011603375527426074,-0.0027722490759171103,0.0,-0.004680851063829761,-0.003934191702432033,-0.0040567951318458695,0.0022566995768689146,-0.003982422411425324,-0.007831968672125322,0.009964076105435815,0.004105864728402686,-0.002378999179655561,-0.005277864017385947,-0.00562558599854146,-0.002754374594944986,-0.008333333333333415,0.0013560635412630528,-0.0063308010129280445,-0.002340425531914936,-0.00206998521439139,-0.004903899390967359,-0.007224563515954352,-0.0029597739808959744,-0.002402402402402304,0.012080646477838464,0.0013544018058690988,-0.006132617861249523,-0.0029881966233378243,-0.0017654476670869723
2015-10-14,-0.01413364343859036,-0.006830309498399134,-0.043267517285622614,0.0077319587628865705,0.007695596408721528,-0.001077199281867225,0.01561439239647,-0.008068299089970865,-0.002619605680408088,-0.009687836383207693,-0.0040399900464013205,-0.008067635519699468,-0.011018830688265813,0.023720349563046028,-0.009638554216867434,-0.025345247766043744,0.0007202881152461593,-0.0054169084929387434,-0.005298102072295752,-0.00447856685860526,-0.0030620308178583855,0.00023845481281292713,0.0018192844147968401,0.001349345567399629,0.001505117399157152,-0.015485119767723265,-0.008340847610459834,-0.006941766293868112,-0.10040461561516567,0.012632642748862999
2015-10-15,0.014971418201615183,0.01708575112830446,0.023617940694382167,0.03516624040920724,0.0016970725498515193,0.011861969805895045,0.010695187165775222,0.020429395630379155,0.015758916228918896,0.015579710144927539,0.01853294337237843,0.03036042560303054,0.012804523156231928,-0.0015243902439023849,0.02771606897281287,0.031671945324220685,0.0057581573896352545,0.00816961680606898,0.00586569579288021,0.007069408740359773,0.02249083523233919,0.02344246662428473,0.03147699757869238,0.0008085163724564914,0.006612563871355448,-0.015564839845989886,0.015458058649693074,0.02310679611650479,-0.011660836248542417,0.01646706586826352
2015-10-16,-0.007330591811192555,0.015636555731642687,0.0015284955236918307,-0.004323656578134716,-0.016236058167443,0.00355239786856143,0.006283068783068835,0.0032440448605060013,0.0014970059880239361,0.03389225829468434,0.0033188075380221616,0.0011894463667820876,0.007634841146046956,0.008854961832061026,0.011219763252701798,0.008725157537566641,0.0023854961832061594,0.01119043025274924,-0.003284402439841849,0.010636034886194468,0.004457364341085235,0.01304449103191252,0.009683098591549255,0.008482563619227168,0.0101522842639592,-0.0015810934509444818,0.000671591672263272,0.0036059973429494185,-0.007416146974549065,0.01227295041728027
2015-10-19,0.006213976945244948,0.0068657026942682275,0.005959302325581284,0.001240694789081953,-0.0058840413318026474,0.0,-0.013802168912257717,0.011363636363636465,-0.00013588802826480784,0.0003450655624568366,0.006658804579186661,0.003024084674370986,0.0029330291673455022,0.016646489104116258,-0.003053745928338736,-0.0033637674195098333,-0.0007139457401237337,-0.00314825414997133,-0.004707464694014729,0.0023153020416755155,0.0010611614894848742,0.021000996397639415,0.0026155187445511263,0.0034712950600799264,-0.005911912503694827,0.006251041840306781,0.0,-0.00605143721633894,-0.000679232467311941,-0.018064985451018534
2015-10-20,0.01825830126197081,0.0012397974997415684,0.003323219187978621,0.0037174721189590088,0.014436263894904044,0.008849557522123908,-0.00044429634566267584,0.0033799214396639243,0.0016308779559663922,-0.007243877199034077,-0.028502035859704344,-0.0012382900829116528,-0.002030869212022779,-0.004465614766299697,-0.003573616499897847,0.004821600771456103,0.007144558228149522,-0.006220690975212828,0.007500000000000062,0.0031499370012599837,0.0016382384118724946,-0.006305832895428298,-0.01449275362318836,-0.009712613092070166,0.003568242640499486,-0.0025677130787707947,0.012080536912751683,0.009893455098934467,-0.001699235344095218,-0.001975552537350267
2015-10-21,-8.789663355890376e-05,-0.00877102466205748,0.016633064516129004,-0.01851851851851849,-0.00853849437882448,-0.007719298245614015,-0.007334148238693161,0.0022760378732702424,0.002170963364993117,0.0024322446143154597,-0.012058823529411788,-0.03131906635760873,0.00366300366300365,-0.002093301435406758,0.0004098780612766806,-0.007357645553422887,-0.0023646252069047247,-0.01251926040061635,0.004761585406746649,-0.01193217500523347,0.0025014431402732296,0.0007554581853894682,-0.01588235294117646,-0.01128577186618307,-0.004444444444444362,-0.019182859990034884,-0.00839964633068091,0.0007535795026374359,-0.0018723404255318599,-0.0076704193987381375
2015-10-22,0.015295358649789037,0.03549864667915892,0.03626319144415335,0.01635220125786163,0.017367590067460803,0.0258132956152759,0.02563528489869027,0.028703787809973624,0.01624695369618201,0.025303292894280682,0.013902947305745705,0.02148024485253197,0.008596918085969296,0.030866047347917425,0.019461231178941052,0.01820818562681259,0.024887414079165726,0.08123659059879063,0.04124949939927913,0.01758474576271185,0.014491362763915383,-0.0004529327394882099,-0.0038852361028094418,0.017121891561353353,0.010714285714285676,-0.03640673948014561,0.02296032099866263,0.017695783132530174,0.004433833560709477,0.03341229273157964
2015-10-23,0.03099567099567091,-0.003015984719010767,0.002665573098216134,0.022277227722772297,0.012274266365688513,0.011720096518441858,-0.0041475660336172115,-0.0014128035320087884,-0.01758593125499608,-0.0023664638269099703,0.05606776874064079,0.010568751361952566,0.0020102926986169667,0.014534883720930258,0.007836833115643538,0.010761196391834149,-0.01040703052728964,0.015513664652295533,-0.0013461538461538858,0.10077035186341865,-0.01087881941159774,-0.014198323389472023,0.02160216021602146,0.029124916499666087,-0.0064782096584216076,0.018539671382128198,0.005883634778818925,0.012763596004439437,-0.01018675721561968,0.0010857763300760048
2015-10-26,-0.03191132012092712,0.0036301300796612868,0.0,-0.000605326876513157,-0.003205574912892084,-0.013628620102214772,-0.027071459886014893,0.0038022813688212143,-0.02020612964469748,0.0013554727211113615,0.016390252040092923,0.008140161725067374,0.003210015247572473,-0.008882521489971262,-0.003688565447114045,0.00046970408642565964,-0.0046739892498246505,-0.003641531219468863,0.004814172925091453,0.02610175903158707,-0.0067903596021423596,0.006511912970198486,0.0032305433186490262,0.005971699337920189,-0.0023710729104922112,0.005262249827467258,0.004332755632582286,-0.008401826484018327,-0.004802744425385863,-0.021209930103639474
2015-10-27,-0.006332408049965377,-0.0026122777052145496,0.011997273346966653,-0.0066626287098729975,-0.01579977628635343,0.003454231433505983,-0.012053621719049112,0.0022022551092317766,0.0022145328719722635,-0.003045685279187804,0.002325199693620883,-0.0037431153414255736,-0.004319654427645814,-0.00346921075455342,0.0025015009005402433,-0.0040688575899843205,0.0004695938013616896,-0.004813692280263959,0.0012137472850388686,-0.010322580645161339,0.002407318247472423,-0.004262444816562683,0.024297423887587932,-0.0025809781907341067,-0.013368983957219083,0.02437140650476266,-0.004098360655737654,-0.0031313317369681126,-0.009307135470527528,-0.0016005909874414748
2015-10-28,0.0412047140986469,0.016117658910043353,-0.003906776236023202,0.05365853658536612,0.022446370223043077,0.010671256454388933,0.02383124287343219,0.005010108112859291,-0.01187681259494544,-0.002376103190767198,0.005594825468737019,0.026890666094144144,-0.005222141881577991,0.006962576153176636,0.002894500449146742,0.02922690131992467,0.002816240319173824,0.011644571838050899,0.008613539207554588,0.005401378282734237,-0.011047070124879821,0.003592722825256134,0.01314661331809086,-0.010091861819122805,0.006323396567299078,0.0034346988355533625,0.006714316655836994,0.024575018477457578,0.0027835768963118124,0.01467505241090139
2015-10-29,0.0105642659512033,0.010805987905224468,-0.004733567757641222,-0.01099537037037046,0.0,-0.007493188010899154,0.001113709767234683,0.006122092006296986,0.0002795248078266699,-0.0017012589316094395,0.010761005265157664,-0.007474388459126069,-0.0015344855435308613,-0.019590895995390323,0.008857484076433053,-0.004427480916030624,0.001404165691551551,-0.0028333628475295525,-0.002973178137651855,-0.011485735457576807,-0.011364740165128673,-0.0012948434762738437,-0.019181946403384997,0.006665795320872858,0.0038898862956311397,-0.0005844047420271448,-0.0017211703958691649,-0.006492335437330965,0.005551700208188848,-0.0006076810889644735
2015-10-30,-0.008545590309466555,0.002648097293056262,0.006047017257779563,-0.018139262726740712,0.014172571904960352,-0.009951956074124912,0.01101346089665145,-0.011300417246175365,-0.0013972334777140327,-0.014314928425357865,-0.010015439350204769,-0.012586234135552044,8.088651621784848e-05,-0.004995592124595993,-0.003354049521554714,-0.014721668455758175,-0.010282776349614386,-0.0032853844787782416,-0.0025379100310893854,-0.013493253373313308,0.008646099430143384,-0.0006863941427700526,-0.02732240437158473,-0.008309529992209796,-0.0011922503725781963,-0.016122295547573273,0.010344827586207028,-0.017244508985296836,-0.012422360248447228,0.006202116016052361
2015-11-02,0.014058577405857697,0.017900811894747015,0.002228675626392951,0.016686531585220266,0.018495684340320784,-0.002772963604852796,0.04489436619718301,0.011429576226481553,0.009934238141877882,0.016597510373443924,0.014035991808947879,0.011626666666666674,0.006227758007117501,0.007383343177790991,0.011283777095912217,0.020077821011673214,-0.0025974025974025983,-0.0012472160356347128,0.01723808918007741,0.011398176291793405,-0.0041885836742644456,0.0012210944058612672,0.03666469544648132,0.0028803351662738397,0.0029841838257236297,0.007726269315673218,-0.002133105802047841,0.01311414850387882,0.0064640111809921574,0.030698573845782118
2015-11-03,0.011470539693018589,-0.007495675571785543,-0.002088948787062006,0.00703399765533419,0.005515200430454614,-0.005561348627042051,0.03348778433024435,0.004346314325452072,0.0008312551953448821,0.006462585034013646,0.0014443523149758608,0.005324757486292686,0.010047423840527259,0.005863383172090453,-0.0020553978663013783,0.0036618858712236246,-0.0018939393939395588,-0.00026759432700029784,-0.007316158079039403,0.017092411720510903,0.0007825491538686613,0.0016007317630917228,-0.0025670279520821904,0.005874673629242766,0.0005950609937519502,-0.008678068919032778,-0.007054296707994845,0.0014585232452142272,0.008679048776254028,0.01840994371482174
2015-11-04,-0.004650403850860685,-0.010166537567776857,0.0006752650415287054,-0.009895227008148932,-0.0026755852842810235,-0.00489339391821042,-0.013959649480334235,-0.0198199757659685,-0.0042912513842744415,-0.0016897600540723978,0.008666969365134447,0.005034348943311118,-0.0022282349196244278,-0.004663363450889024,-0.0001961553550411388,0.00106415323806619,-0.004506641366223807,0.002855103497501954,0.0010078740157479782,0.004616805170821747,0.008894536213468918,-0.007914764079147596,-0.023734629682584996,0.00012978585334200154,-0.004460303300624635,-0.02566717661057283,-0.0066738428417654205,-0.0063717458583651965,0.004474272930648837,-0.01001727115716744
2015-11-05,-0.008852459016393421,-0.013303335615768352,-0.0014845806059787803,0.017636684303350858,-0.004426559356136783,-0.0014049877063575522,-0.022940994109744706,-0.002207505518763808,-0.00667315445572092,0.003385240352065111,0.0070964239848538835,0.0019306026611010108,0.002711756260966647,-0.004392386530014614,0.003825779870512136,0.008959757023538462,0.008577555396712011,0.0040035587188611554,0.0005034296142472083,-0.0003676470588234171,-0.010850610346832101,0.011506597115679584,0.00029291154071464653,-0.008694523747729055,-0.00418160095579434,0.013869504535938715,0.0013003901170351995,0.005130084279955982,0.004111701216378272,-0.013607815771109588
2015-11-06,0.001157790274561643,-0.028155051055814395,-0.00020274379941875864,0.03697284806470247,-0.005119913769873308,0.000703482237073505,-0.005499735589635124,0.023628318584070884,-0.05164450664800557,0.009446693657219951,0.0012226063864750891,0.03723570461410253,0.0020680878141903225,-0.004705882352941115,-0.004006645167594969,0.030403371462974116,-0.008740845735884628,0.004076207354895889,0.0016982200138371262,0.009930121368149969,-0.03192948090107728,-0.0006067040800850076,-0.006442166910688107,-0.010734389317973658,-0.005398920215957004,-0.012217155639679955,-0.00909090909090915,0.018045935107546596,0.002900528919979495,-0.004008961207404793
2015-11-09,-0.004047579712539329,-0.009384882178924858,-0.013248614303095874,-0.015041782729804942,-0.026408450704225372,-0.009490333919156435,-0.018185685419547015,0.006483962998184545,0.0030991735537189147,-0.005681818181818232,-0.008967962184874056,-0.012100215895968214,-0.011747896491506649,-0.014479905437352336,-0.010596546310831956,-0.0156295647093192,-0.010009532888465289,-0.0033536316300414315,-0.011239482607057538,-0.013838310269483012,0.0007082152974504652,-0.009864926392472384,-0.008252284114353081,-0.0022495699351592346,-0.009650180940892428,-0.0047905234735650115,-0.010484927916120657,-0.006803939122649982,-0.004933650901667197,-0.029833076832011307
2015-11-10,-0.03151696110143487,0.00020595201318096557,-0.0056857103712836254,0.009615384615384803,0.007511475865906281,-0.00709723207948898,0.00985701906412495,0.008589589417625776,-0.00882742386346913,0.012436974789916011,0.004623925169256804,0.0053364504980688565,0.006104417670682816,-0.004197901049475261,0.0060491868306227214,0.0043033090963051635,0.005536831969186418,0.002567962454617767,0.0007620499142693138,-0.012001477104874425,0.0009099181073703999,-0.0036787247087675112,0.004160475482912318,0.004907161803713311,-0.001522533495737055,0.01426570978470143,-0.004415011037527505,0.007932215612042492,0.0032484185330825532,0.004881025015253115
2015-11-11,-0.005652136678941488,0.005044785339236135,-0.0011023079572854977,-0.0056022408963586345,-0.007179345575038076,-0.005718370264474637,-0.011155207551217461,-0.007664793050587648,0.01276532581267631,0.01826029216467462,0.00921847387439656,-0.0021232495829331954,-0.004390866996647036,-0.01053899427883176,0.004041399704287851,-0.004875886524822848,0.0064639693559971345,0.00556438791732905,0.009264547242845422,0.0026163333956270574,0.0072727272727273196,-0.019846153846153847,-0.0014797277300975242,0.00250758875544399,0.00396462336078085,-0.011648977478643463,0.004878048780487809,-0.0019674476837774346,-0.018745739604635325,-0.008864602307225189
2015-11-12,-0.0033588838170700575,-0.0027658266748618043,-0.016897717083936947,-0.021408450704225257,-0.04519538311778615,0.00035945363048162093,-0.02527389087753551,-0.0026604874699622805,-0.013776930968782075,-0.016628627323117096,-0.01139496896439074,-0.023405441005116656,-0.007216742843396573,-0.013998782714546576,-0.01560966031808364,-0.020044543429843964,-0.010941960038059029,-0.01528326745718045,-0.017290160326941195,-0.0061509785647716475,0.010128359406337717,-0.011301208601475432,-0.010373443983402564,-0.017114270668773024,-0.006986634264884661,-0.01501658809149653,-0.010812003530450198,-0.011290322580645107,-0.010941299062174337,-0.027076696888017726
2015-11-13,-0.029208434151399842,-0.009964047252182806,0.00035077872877797844,-0.009786989061600582,0.014127585202446724,-0.05821056413941783,-0.013131537947918881,-0.011789002667584425,-0.005944419676029211,0.003978779840848823,-0.021757233685379185,-0.012346319448046983,-0.030772958565543962,-0.008950617283950635,-0.003889498354442966,-0.006666666666666599,-0.004810004810004709,-0.019088395326019136,-0.004158669225847733,-0.00900225056264059,-0.002978258711406667,-0.03270360374662651,-0.003593890386343168,-0.009375837128315023,-0.011624349954114321,-0.012497784080836682,-0.013383894713361655,-0.010875475802066381,-0.009306409130816484,-0.016496662888804914
2015-11-16,0.01633434217553842,0.01732724631666316,0.012833999579213051,0.013372093023255927,0.010914835559385327,0.022128958412819477,0.031235904375281898,0.00940438871473348,0.012557930931379913,0.0026420079260236484,0.013985163565608527,0.00929670675980887,0.007000000000000117,-0.00031142946122697523,0.013416099319182972,0.014490543014032964,0.014016433059448996,0.009911794125670559,0.016447157083199437,0.01750567751703258,0.01682764114308477,0.013129821106187434,-0.003306281935677946,0.018117901568415418,0.022593624264933387,0.021631810429943332,0.018313361971512565,0.012827560930914528,0.025700106345267537,0.035851472471190915
2015-11-17,-0.004247865119334393,0.003059663437021909,0.011494252873563315,-0.0005737234652896106,-0.014206563432305752,0.000746547219111493,-0.004592673592126895,0.0018115942028984477,-0.028052561641813134,-0.0013175230566534468,-0.005916686655472847,-0.008274354704412956,0.044190665342601854,0.016822429906542036,0.0027662517289073207,-0.00571342655239826,-0.006911344137273567,-0.0010804970286332205,-0.007458441312180097,-0.014786571189435493,-0.013415589502546066,-0.007127814676818334,-0.008745476477683978,-0.003054448871182003,0.006658595641646503,0.005007907221929342,0.000888099467140302,-0.005608829383028757,0.03542422671505108,-0.011619283065513075
2015-11-18,0.031665054094467404,0.013319776309100195,0.015060240963855387,0.02411021814006875,0.013402507565931643,0.01156284968295429,0.012962759529825174,0.01730818909842413,0.02081118031292739,0.006596306068601621,0.018807474731225904,0.016214514351681864,0.0028530670470756636,0.01593137254901955,0.01152709359605919,0.019960683502192822,0.014638828893688505,0.014332071389940637,0.0022925555626311933,0.01661317727015299,-0.01042183622828785,0.026105400554739866,0.013386066321874113,0.01105634740908501,0.008418520745640423,0.025002185505726082,0.006654835847382579,0.012918486171761279,0.016855807743658247,0.009754877438719278
2015-11-19,0.01270355529030609,-0.0003010234798314082,0.0064742379282438645,-0.00840807174887881,-0.004266211604095571,0.009218289085545672,-0.014965838846112134,0.004824784154393136,0.01919642857142856,-0.008191349934469239,-9.210405126236498e-05,-0.00325312403180833,0.00252884463410763,0.03437876960192998,-0.0017531898314990801,0.0031134173461822012,0.01963103122043508,0.006842619745845546,0.006290107376580423,0.0016713091922004875,0.012938816449348023,0.0,-0.030621435004503206,0.004216073781291074,0.0023852116875371365,-0.05646055437100217,0.00837373292199195,0.005388898868331271,-0.003774823568028829,-0.00544959128065392
2015-11-20,0.004377841387438908,0.008631938171233644,0.0010720986330741145,-0.002261164499717472,0.015995429877178058,0.007307270734380644,-0.020037432566332614,0.011456490607362424,0.008906409694845907,0.012884043607532147,0.02244914072163584,-0.008081645340102583,0.026407062903988754,0.010495626822157433,-9.75704946822864e-05,-0.001773573751108315,-0.015773602412433307,0.0053839364518977195,0.0035989392600075387,0.0046347793845014085,0.00029705911476374247,0.05461917633964064,-0.0034066274388355744,-0.005247966413015059,0.0011897679952408424,0.021151586368977737,-0.008085664335664267,-0.0026800071466857034,-0.010378912685337749,-0.006351183063511678
2015-11-23,-0.012992455993294239,-0.005473181411085659,-0.00709504685408302,-0.010198300283286055,-0.0016868147315154403,-0.005077983315197709,0.01123469273115374,-0.005413508786541121,-0.015774240231548275,-0.0022831050228310223,-0.0003861003861003187,-0.01190787068470256,0.01758697488672145,-0.005193306405077869,0.002829820452771248,-0.009771986970684154,0.012491161913740223,0.004916161882187797,-0.0018873859704308105,0.0,-0.00524648584438725,-0.0014323407463249227,-0.02641392169049106,0.001978369823265602,-0.005941770647652889,-0.007170045144728743,-0.008812513769552721,-0.003941239699032595,0.00316297652738462,0.006141120441157888
2015-11-24,0.00959660297239906,-0.006804082449469617,0.0020897937171362457,0.0,0.005350605463249947,-0.005833029529711986,0.014887234751694178,-0.012309495896834721,0.0010292604028818708,0.0022883295194509046,-0.009102613621733036,-0.002748559649030091,0.008301886792452695,-0.0034802784222737193,-0.007103240245207698,-0.0014952153110047162,0.009310986964618184,-0.0016598235345505197,-0.0056728647967223544,0.001107215353386204,-0.010747338043586407,0.00037747244451136197,0.020427705075007907,0.00631828353297359,-0.0020920502092049986,0.009183309557774688,0.004445432318292752,-0.0057553956834532904,-0.005642217059409149,0.019930244145490716
2015-11-25,-0.007150067294750984,-0.001712673786016583,-0.00820719811638071,-0.0017172295363478973,0.0012605042016804457,-0.0011001100110011874,-0.00525451559934309,0.006104281475201256,-0.005287896592244379,-0.009784735812133127,-0.0004807504904954518,0.0025441246621085156,0.007859281437125887,0.0026193247962749133,-0.0007840062720503305,0.0011979634621144264,0.0,0.0010500525026251317,-0.0007606973058637001,-0.010322580645161339,-0.005331455587968992,0.012225492415666839,0.028151391929934322,-0.007194244604316502,0.0017969451931716396,0.010778337308949615,-0.0059747731799070225,-0.0010853835021708003,0.005340453938584844,-0.007694186614557785
2015-11-27,-0.0018639328984156878,0.005954183065899787,-0.0032557824052094064,0.002293577981651307,-0.003776751993285754,0.002936857562408246,-0.005502366017387517,-0.029830622735316448,-0.0031010041346720696,0.0,0.003522866131087099,0.006978588421887366,0.0006683995544003452,0.0002902757619738239,0.004021184778344455,0.0046365539934192235,-0.004843173431734349,-0.001486013986014001,0.0022838292203262167,0.004470106165021415,0.0049555016181230815,0.0014910907328711254,-0.0024338302403407175,-0.0026350461133070047,0.0035874439461882623,-0.0006118346298399358,0.006901157613535158,0.003078594712060845,-0.005810092961487379,-0.0002461538461537849
2015-11-30,0.004159239453357166,-0.003009630818619713,-0.010207553589656304,-0.0028604118993135197,0.020078629598427433,-0.0025622254758418395,0.010512338165320267,-0.014418483453487285,0.003703155088135013,-0.01383399209486158,-0.011813930593157718,-0.002362576783745407,-0.006382662906338266,0.008995937318630354,-0.011038390153365385,-0.007294923328866942,-0.012282734646581694,-0.0006127987393854673,-0.008924615481992526,0.00778787316892271,0.00493106571399804,-0.015260924588699543,-0.0006099420555045754,-0.011360634081902243,0.0029788501638368103,-0.014255728528948852,0.004864028299801149,-0.005235602094240788,-0.017532142260811456,0.0052936107349501604
2015-12-01,-0.008114961961115719,0.018011672368685838,0.01574424200756286,0.021801491681009644,-0.015003441156228536,0.011743119266055091,0.012702584318878829,0.016920772010222906,0.004427390791027053,0.007682030728122902,0.027449695221865245,0.016050942006104574,0.0041081565581118085,0.009203336209375967,0.011062821019359959,0.01394721055788839,0.006335053965274673,0.0025402943237562425,0.0020436837399411267,0.016007359705611623,0.007109953935509727,0.007786513456304878,0.02593835825450097,0.014698022447888759,0.0029700029700030495,0.03149676160056791,0.0028602860286026655,0.011070780399274005,0.0025492861998639427,0.002816556453588026
2015-12-02,-0.009033577637634238,-0.01690224374814675,-0.005279545146879672,-0.010668163952835319,-0.0074063722750139505,-0.004715270221254952,-0.02411332179930803,-0.012046104515122669,-0.02835733176608879,-0.0066291017567120525,-0.007578560583829774,-0.01455430672812974,-0.004612065759131201,-0.0074095183813053245,-0.0030285267682689243,-0.014051175861559018,-0.0027978549778502337,-0.0063783311489733485,-0.007648183556405508,-0.0001810938065918144,-0.025653773491100762,-0.004950866401620235,-0.021415823914336718,-0.001975243613378863,-0.006218537163162563,0.011869946671253961,-0.014480035103115352,-0.011308562197092087,-0.010849296490930693,-0.028574917572353198
2015-12-03,-0.009287925696594423,-0.015785240297606973,-0.009526401741970614,-0.018161180476730987,-0.019569196114317955,-0.017857142857142905,-0.015512465373961337,-0.018508771929824586,0.0015121729925904326,0.002002002002002179,-0.012405990872276118,-0.026595185535582933,-0.02152305507809582,-0.022681596325007103,-0.012346888780009668,-0.012901290129012866,-0.007248071077858409,-0.0029018642279282636,-0.008477842003853486,-0.018293787357362756,-0.01602204306561883,-0.026611383339615546,-0.015501519756838888,-0.0006597176408498218,-0.013706793802145456,-0.022441346480788882,-0.00801424755120217,-0.015976761074800172,0.011825192802056517,-0.014330609679446882
2015-12-04,0.03324652777777781,-0.0034732863418123205,0.020197856553998417,0.028901734104046284,0.004882251579552133,0.019666048237476863,0.009679234665165959,0.02100277057824651,0.012230107202174212,0.015318015318015243,0.014332205154907518,0.025863930885529296,0.027495608340334377,0.02629259694477093,0.021430697489830397,0.031762917933130685,0.019547809703249985,0.02478172678366697,0.024873688301593422,0.03154981549815483,0.01783862269238745,0.024860594795539148,0.012658227848101111,0.027594401901241072,0.030513595166163032,0.023826086956521664,0.025807899461400385,0.027121771217712087,0.010501355013549984,0.0057390638949113
2015-12-07,-0.006300932538015669,0.0014351614556638026,-0.0003367003367004129,-0.014606741573033766,-0.023149471277507883,0.00036390101892269655,-0.02708728123954962,-0.003588935574229679,0.021778042959427202,-0.003935716628402641,-0.007982443757138635,-0.023685457129322574,-0.004459971753512204,0.0014312294260769853,0.0035939776590576678,-0.01310944174399764,-0.0020790020790020236,0.0018932874354560258,-0.002970547339148033,-0.0017885888034340214,0.004381495822294523,-0.005516511750925823,-0.004268292682926833,0.006938198638057447,0.004690706537672451,-0.015542721250212277,0.007656967840734996,-0.004490749056942689,0.014079785450888505,-0.026122241947755587
2015-12-08,-0.000422725735542806,-0.008291534445695636,-0.023307510946446452,-0.019954389965792352,-0.02662375658279681,-0.012368133866860642,-0.009624197983501448,-0.011859790916278645,-0.0008759124087591719,-0.005926901547579799,0.0027814072627070363,-0.013855194350099853,-0.0006719928320765289,-0.0067171644990710044,-0.008710801393728151,-0.01552238805970163,-0.0043981481481482065,0.0009448548359387576,-0.006085578446909712,-0.0003583587170759017,0.007811707416049529,0.0007598784194529085,-0.003980404164114937,-0.007911190506571408,-0.012255617157864052,-0.0002588214994392324,-0.007815892314372519,-0.018404907975460127,-0.014710743801652937,-0.028255208333333393
2015-12-09,-0.022075615326059395,-0.013831544178364852,-0.005172770535899041,-0.005235602094240788,-0.009467989179441028,-0.015469613259668447,0.013419713095788932,-0.008979374110953064,0.002483927527761498,0.00927459423650201,-0.01624222721056845,-0.012081784386617,-0.014494919306634824,0.0017266187050359871,-0.002636203866432263,-0.007580351728320167,-0.008137642408742152,0.0004290740581824881,-0.004719688755660312,-0.014518730955368375,-0.005838534326555234,-0.021716021260440255,-0.007377805102981916,-0.0006430868167202064,-0.008271787296898148,-0.0071625819813599945,-0.007439824945295492,-0.0051470588235293935,-0.00805234021137391,0.013399437223636568
2015-12-10,0.004756962463241532,-0.004919405484613892,0.015044370493621617,0.005847953216374213,0.007130936125018916,0.0014964459408903785,0.019406392694063967,-0.006369426751592355,-0.017198659087596435,0.005907449950771193,-0.0032915874368893983,0.00774721930164346,0.0048521607278240175,-0.0011490950876185124,0.004796867351933409,0.0022914757103575933,0.002344116268166996,0.005318236404185939,0.00942005767382259,0.00527464532557298,-0.011745646010530741,-0.001552312946290102,0.002167853824713628,0.0011583011583011782,0.0029788501638368103,0.010082572794437139,-0.0008818342151675207,0.004065040650406582,0.007272112294943289,0.0007933359777865245
2015-12-11,-0.02573814237755012,-0.01462080572209934,-0.012225940851034678,-0.027325581395348797,-0.014311539620367464,-0.022786701531565146,-0.03202687569988805,-0.024557602022390768,0.006080379652973367,-0.012724306688417508,-0.012657228566917533,-0.03047608588215922,-0.015844273426889988,-0.014380212827149852,-0.009353078721745844,-0.023472031702484464,-0.011459307764265514,-0.009556313993174137,-0.01707719654647022,-0.02189252759182203,-0.0019467213114754411,-0.01826803482587047,-0.009270704573547506,-0.0001285512276643086,-0.014850014850014803,-0.001979175630324348,-0.01103265666372466,-0.018954729481045263,-0.00335795836131636,-0.017835909631391145
2015-12-14,-0.006184838310655638,0.0038428693424423788,-0.011201770156271662,0.004184100418409997,0.010545621274644645,0.01261467889908241,0.03343359555761216,0.012125138837467464,0.008991745283018826,0.0,0.01615095546493972,-0.000906207521522373,0.012036185219257867,0.005836008170411411,0.0046223446105428945,0.0031215857655688684,0.004258339247693366,0.0015506547208821164,0.018084350578053243,0.019977802441731418,0.005851555281798593,0.012431704806397992,0.0037429819089207506,0.006556955515556684,0.012963521254145238,-0.0011208829108467766,0.014056224899598346,-0.0020634027386982057,0.01735175202156336,0.022733387140166705
2015-12-15,-0.01769203413940268,0.01669502339430018,0.024685314685314763,0.036904761904761996,0.009528130671506263,0.013590033975084959,0.03839695511026542,0.025697302240512032,0.005697589481373333,0.00198281559814939,-0.0032129462061005754,0.03180272108843529,-0.005454132262707412,0.020597621119814447,0.019383259911894157,0.02847362688657218,0.01460541813898697,0.005762945123000129,-0.06026771553638266,0.0010881392818280489,0.00755256174729535,0.005865790708587726,0.0024860161591049312,0.01775450249073951,0.006250000000000089,0.015192058696590571,0.002200220022002153,0.03214285714285703,-0.012419274714356665,0.044719189793502645
2015-12-16,0.00769300389175509,0.019767806714778846,0.010782774858390853,0.01894374282433975,0.014531835205992438,0.01433891992551195,0.007330746011211753,0.014532810271041363,0.0172864613596746,0.02176781002638517,0.021707955636832477,0.023075655183781185,0.012262929392947042,0.0034110289937463456,0.010755786036684922,0.02163388804841171,0.017877873229626307,0.007782433934832689,0.012286505096874345,0.016847826086956452,0.04993922204213952,0.01803903273462404,0.009919404835709855,0.016440763052208762,0.017450458444247197,0.01037326757928736,0.02107574094401765,0.01711892187215458,0.01106639839034207,-0.0035251164547400737
2015-12-17,-0.02119633554876954,-0.014461538461538415,-0.01721693336034036,-0.025352112676056304,-0.041642055522740584,-0.018909491463190764,-0.031035958904109484,-0.015642850865629665,0.006711409395973034,-0.013879922530664945,-0.00870472192534022,-0.019333011116481336,-0.01166290443942819,-0.01104815864022668,-0.015296912114014294,-0.018510291722197536,-0.007983576642335843,-0.0028852681602172803,-0.007335778592864273,-0.007660787457687501,-0.0023154848046310628,-0.005422744978232696,-0.007673419275629256,-0.008643042350907404,-0.010755813953488347,0.003281999495077015,-0.008815308535798705,-0.006803939122649982,-0.02189054726368156,-0.015034744156664726
2015-12-18,-0.027069187006790285,-0.015506296180664014,-0.04108271503160199,-0.03121387283236987,0.0032357473035438122,-0.016841317365269393,-0.008062734702893759,-0.03830015177216328,-0.01276595744680864,-0.008837970540098161,-0.0168608653858644,-0.0389901976890642,-0.008070041872858758,-0.029934116299054514,-0.016306445387881063,-0.02836451418225705,-0.022763853759484975,-0.0071489361702128384,-0.012966073228081965,-0.02818671454219035,-0.012571318054346747,-0.01305483028720622,-0.010516548097742051,-0.026902478515381856,-0.012635909491625075,-0.028518704915282744,-0.011713665943600904,-0.0302866414277988,-0.0022041369955916323,-0.008722421754745913
2015-12-21,0.012260680939356838,0.010147991543340451,0.009456942255337442,0.012529832935560759,0.0019966211027491187,0.013894175866006941,-0.006346731989756216,-0.010490159673226862,0.0030172413793103647,0.003963011889035473,0.005218999801809954,0.012878226679582827,0.007828689845728931,0.011073379595452515,-0.0036292300147131584,0.01770186335403734,0.0065882352941177835,0.008829075947196952,0.0038115981486523953,0.01293183077775728,0.0018607384193516374,0.009959539371304116,0.014692091278524666,0.010495328298989026,0.014583333333333393,0.013728198929373159,0.00746268656716409,0.004275887711470583,0.011894647408666081,-0.00025879917184257195
2015-12-22,-0.0009317059536010364,0.008999581414817825,0.010503903477643739,0.006482027106658794,0.04858982219497254,0.009573868969401156,0.01154190945764233,0.0014072614691809093,0.016330038676407366,0.002960526315789469,0.008320189274447998,0.012939521800281462,0.004340872743888502,0.014310747663551338,0.011124237054538355,0.0021361000915471884,0.01192145862552585,0.00025490695895991067,0.010103064822348795,0.009483859201167233,0.00596285434995103,0.01579352850539273,0.001848428835489857,0.008233058898036605,0.009386916984452709,0.0002555148624479031,0.009586056644880214,0.005923731951129163,0.016624685138538986,0.0050478902407455895
2015-12-23,0.012869532780005466,0.021572287907073218,0.01179941002949847,0.015222482435597318,0.02163426399649171,0.01896615842320548,0.03921568627450989,-0.01105489975641738,0.014799154334038,0.015086913742210495,0.001798912830941246,0.01610663704526516,0.009326660600545988,0.007774258566081382,0.007594197254405577,0.01598660170523747,0.008778008778008939,0.00917431192660545,0.014700946499295098,0.008491418247515758,0.010397434651637338,-0.023814941221084518,0.0012300123001229846,0.004020100502512669,0.010752688172043223,0.010643732970027298,0.013163573586534305,0.012881854987118135,0.0090849025437727,0.03271088216355422
2015-12-24,-0.005340208083970177,-0.003654822335025343,-0.0036790226294599604,-0.0040369088811995635,-0.007297181284876331,-0.0007299270072992359,-0.018761326084639207,0.0028419856006063338,0.0005555555555556424,-0.0038772213247173504,-0.0034742553772885154,-0.0026236676687618754,-0.0015776425512734615,-0.0005714285714286671,0.0022224369504300068,-0.0019481492582048565,-0.0029768719945042488,-0.0019360269360270133,0.00019846520243449461,-0.002687208885704062,-0.00048086170417382945,-0.018258099603760458,0.001842751842751733,-0.0016266266266266038,-0.0034502587694078546,-0.0029488583705450377,-0.0051118210862620694,-0.003997093023255793,-0.004256015714519612,-0.010724529243047787
2015-12-28,-0.011200592428029288,0.002343590788669303,0.00703685640632612,-0.00810654313839032,-0.01153070049005478,-0.0025566106647187947,-0.018359587180879933,0.01313054978273187,-0.0016657412548585215,0.0022705157314304447,0.021414394651624313,-0.00465829999451961,-0.001655379984951133,-0.0014293882218410214,-0.004820671037408353,-0.0033033033033033066,-0.0011483693155718289,0.0015180905794045518,0.00019842582181373025,0.005029638943775838,0.000577311652073309,0.009971509971510084,-0.006131207847945963,0.0016292768517356393,0.002885170225043421,-8.450228156164918e-05,0.0008563476771568101,-0.002553812477198103,-0.0013151405556468543,-0.007437287280978255
2015-12-29,0.017974162141920935,0.010572328962081823,0.019440985194409954,0.008756567425569406,0.00889472149314674,0.016843647015745145,0.009849490925188054,-0.001585081585081638,0.006256952169076735,0.012297734627831902,0.014982614031499253,0.010516462944609506,0.007687669580946466,0.014600629831090783,0.007847316411548233,0.010394697197951164,0.00505863416877439,0.01111578947368419,0.011043512762861862,0.01072386058981234,0.006346764111933911,0.007052186177715081,0.01264651449722387,0.005505505505505548,0.004890678941311899,0.012591903997295706,0.009839572192513302,0.01115581565471846,0.014156378600822972,0.005334010668021305
2015-12-30,-0.013058672061798782,-0.013177748717432824,-0.006379368849677602,-0.01331018518518523,-0.007226477814713084,-0.008642419877565644,-0.012712328767123249,-0.006910720956294303,-0.002487218460688223,-0.007352941176470562,-0.004609804020353825,-0.008282024737100269,-0.002617801047120394,-0.012697516930022412,-0.0024031529366529414,-0.0071567019531830756,-0.003202928391672355,-0.005330224035978937,-0.006409837137811403,-0.0042440318302385815,0.002484472049689268,-0.01571739807033934,-0.0024367956137678615,-0.0036087605774017817,-0.005439450329229878,-0.007511266900350422,-0.009320059309468331,-0.007234581298607323,0.0011361791916897346,-0.013264274886306215
2015-12-31,-0.01919493104733494,-0.011722731906218087,-0.012430844887644232,-0.012903225806451757,-0.010627456689474513,-0.013621503814021052,-0.0014430014430015792,-0.011848786909911646,-0.011081867294639114,0.0032206119162641045,-0.015551056560799692,-0.009779682435031023,-0.00824896887889015,-0.015432980851671885,-0.010213914048949668,-0.008409671121790141,-0.014000459031443646,-0.010801306204471284,-0.008360213284181461,-0.014739833066950925,-0.00972261938804686,-0.011857707509881465,-0.014351145038167923,-0.008242787560884146,-0.009499136442141731,-0.010763538513286264,-0.01175967500534536,-0.009655674986336349,-0.006160830090791269,-0.002048393291511963
2016-01-04,0.0008550256507693366,-0.002578648788035043,-0.028286880143855053,-0.023767082590611888,0.00044143613890534894,-0.02743509482599893,-0.012338817252112055,-0.019984773505900222,-0.0028015128169212034,-0.01412520064205447,-0.02386858780735457,-0.01714475947400551,-0.00892249527410216,-0.01335268505079823,-0.02180685358255452,-0.03649856126003337,-0.013035381750465591,-0.004740138818351114,-0.025358470525756682,-0.012256669069935056,-0.003080180960631562,-0.015679999999999916,-0.010223048327137607,-0.013096587331570264,-0.0017436791630338622,-0.010030601836110264,-0.007572479446127267,-0.026674025018395886,0.002610114192495905,-0.006286080821039208
2016-01-05,-0.025059326056003806,0.01975180972078583,0.004056939501779322,0.0,-0.010442712163553414,-0.004543733434305253,0.008553742262239705,-0.020198096717809255,0.0071639275179098405,0.0009768804949528143,0.0027520278099650852,-0.01721801964547809,-0.004882887006942727,-0.004707266843189228,0.004179936305732435,0.0017290160326941528,0.003537735849056478,0.013777853376424565,0.004359079144530709,0.0045620437956204185,0.009751858646326106,0.013979193758127506,0.0071987480438184814,0.00318999617200455,0.006986899563318882,0.0018890606216728223,0.01373446697187708,-0.0003780003780002872,0.023755287992190066,0.008520526723470256
2016-01-06,-0.019569662155583645,-0.0035493357671635417,-0.01587864180903087,-0.02130249543517959,-0.015755053507728878,-0.010650437428679993,-0.03950451958486778,-0.005351833498513425,0.0022315202231519837,-0.015940143135979135,-0.002888920988010857,-0.024412660118329654,-0.010350379513915486,-0.02216967188885599,-0.005054509415262642,-0.014435901459281308,-0.00540540540540535,-0.006711409395973145,-0.020141055201410518,-0.01816530426884655,-0.00325109963664183,-0.014267393395319017,-0.017712865133623357,-0.009666751462732215,-0.0153223474992773,-0.010198834418923663,-0.02107526881720423,-0.019096237474002575,0.01001271455816899,-0.008320532514080936
2016-01-07,-0.04220456802383321,-0.024933848972114814,-0.041921774832529124,-0.036069651741293396,-0.034430685593476285,-0.023068050749711744,-0.03543627280120831,-0.00856915105619771,-0.009184525466184201,-0.04231404958677687,-0.02413970210580385,-0.030734809232218496,-0.028509451502943928,-0.037484885126964906,-0.01165454726566395,-0.04043942047444671,-0.016540642722117305,-0.023141891891891975,-0.02436154751193864,-0.034782608695652084,0.004412893323100686,-0.026671003415189465,-0.006643467257197111,-0.008733624454148381,-0.01614797416324143,-0.029439778335786593,-0.005492091388400677,-0.028527370855821244,0.02328874901652256,-0.01600619594681807
2016-01-08,0.005287713841368502,-0.016490971714852254,-0.02270505976994197,-0.01935483870967747,-0.010165780419142956,-0.024793388429751984,-0.010720308359431496,-0.002512562814070307,-0.0022471910112359383,-0.01794960303762516,-0.01361673414304998,-0.004130725306767169,-0.011961722488038284,-0.010364321608040128,-0.010683329973795619,-0.022399203583872596,-0.0026429601153291626,-0.001556285664879753,-0.0034049797829324158,0.003066896683917797,0.004489016236867149,-0.01637426900584804,-0.01273885350318471,-0.01567763669344402,0.0008952551477170445,-0.0172183067178161,-0.00971946101170762,-0.016666666666666607,-0.022912501922189743,-0.020202020202020332
2016-01-11,0.016192244224422447,0.0026530828823092545,0.0016924378798368611,0.007236842105263319,-0.028756517617317123,0.0197740112994349,-0.01655911360038964,0.0067506297229218415,0.01112049549549532,0.004569420035149374,0.002955220204950093,0.010918628766621863,0.015173527037933843,0.017454776261504268,-0.006010594947025272,-0.0015274949083503575,0.001686340640809414,0.010478004849324485,-0.00021353833013026957,-0.000573284922606554,0.003898450128363651,0.011550874808901046,0.002258064516128977,0.009214163485586457,0.012224209898628713,-0.005265068990559119,0.0057996877091235355,0.010694108151735326,0.010701920050361968,-0.013388673182487598
2016-01-12,0.014513346188977927,0.0,0.013132631902311509,0.0,0.002114852773710707,0.003165809259992214,0.01708555156617564,0.015412329863891072,-0.007796185437839331,0.0020993701889433503,0.016737828583900605,-0.00012067821154881919,0.013595166163141936,0.01933873986275736,0.006866864815004536,0.0022097569267380823,0.01298701298701288,0.006427285971377206,0.002847785846504358,0.009177820267686432,-0.0018942981625308386,0.006549118387909392,-0.0022529771483746908,-0.00208686578844397,-0.0014727540500737435,0.024457017703960693,-0.0035484586382791283,0.025354362148133358,-0.009342883836811033,0.020491247116298128
2016-01-13,-0.0257102841136454,-0.02466130397967825,-0.028805336567616635,-0.026779882429784463,-0.011525974025973995,-0.029585798816568087,-0.009981740718198462,-0.029371180760890847,0.006033394134979719,-0.013966480446927498,-0.034574824912120605,-0.04055277291654091,-0.04776845242764127,-0.023561811505507957,-0.012418566775244333,-0.02747625508819529,-0.0064102564102562765,-0.01975476839237056,-0.015192389606701773,-0.021599090564607848,-0.007211994685898615,-0.019352686019352583,-0.020322580645161237,-0.008626323356424104,-0.004719764011799299,-0.0269909139497595,-0.0173603383040285,-0.031736760124610686,-0.02672115686890908,0.005984042553191626
2016-01-14,0.02187082862716916,0.0006511123168744248,0.008429597252575638,0.006040268456375841,0.022663820003284707,0.0024390243902439046,0.050903725562523094,0.00639723801787162,0.009344490934449112,0.02903682719546752,0.016426476923718347,0.015095289011887392,-0.014662273476112042,0.026010654967095093,0.01927437641723362,0.014998256016742317,0.0007168458781361409,0.013029881862404391,0.017733564013840963,0.02846630518977533,0.01022748996367806,-0.004593399115345398,0.024366150806717002,0.0039551746868822235,0.016597510373443924,0.014007140895358372,0.01630804077010195,0.01829881359340435,0.018410852713178327,0.045869134170522186
2016-01-15,-0.024015273311897123,-0.041427177095759604,-0.02763157894736834,-0.03535690460306862,-0.03854183394893218,-0.04217356042173559,-0.021060021060021028,-0.052567853899707306,-0.00400718529777544,-0.01961459050240877,-0.02857572567303346,-0.035813867030175195,-0.0032603243604748533,-0.09102015882712278,-0.019112144807361675,-0.01993127147766327,-0.009073543457497668,-0.012347796261361621,-0.017637059073523198,-0.03991715307851629,-0.00406850222348365,-0.016236540762262774,-0.009643201542912316,-0.015364412344057832,-0.009037900874635407,-0.01345250993138325,-0.009806106529975489,-0.03593996840442337,-0.01791944180145899,-0.019464105156724032
2016-01-19,-0.004838875733552905,0.028510012444846744,0.0034227493433098832,-0.015214384508990375,-0.014030399198262877,0.009737510584250764,-0.02581570455360338,0.0007454739084131745,0.014983351831298508,0.0,0.01209024757561683,0.007775849881112906,0.004445189968967478,0.0013440860215052641,0.005154639175257714,-0.0005259467040673593,0.010120481927710978,0.020142385830873355,-0.0021630975556998777,-0.008433026083545792,0.024225726771803124,0.013203613620569765,-0.003894839337877265,0.02333955721525749,0.015298617240364631,0.030291937402763924,0.009903218546027492,-0.012494879147890159,0.010172775714516469,-0.0152101056973446
2016-01-20,0.001344920339333866,-0.021009789902100895,-0.031096303347612264,-0.038623595505618,-0.0037269185160088147,-0.03983228511530412,-0.031039136302294157,-0.015217622645525064,-0.023783488244942474,-0.017199017199017175,-0.00072314624242098,-0.019576584619308668,-0.027555110220440993,-0.007046979865771852,-0.017948717948717996,-0.026311173478337113,-0.01288167938931295,-0.014638297872340389,-0.010333116554664179,0.004549050632911333,-0.023188943511733617,0.012345679012345734,-0.0009775171065493637,-0.011729440896650623,-0.017676035931614043,0.019630484988452768,-0.010028972587474816,-0.0070524787388509536,-0.027493606138107363,-0.04214659685863875
2016-01-21,-0.0050625064572787926,0.011460674157303341,0.010316030784345953,-0.024105186267348477,0.01496344159156604,0.0,0.026209166877690482,0.015993084071752595,-0.0046205544665359755,0.02107142857142863,0.011286461812513915,-0.013658536585365866,0.032285763352223995,0.002365664075701268,0.0019843342036554024,-0.004683840749414525,0.00024166263895586404,0.017792364829849694,0.005841121495326895,-0.006103563693640512,-0.0025638590827081753,0.0257452574525745,-0.002609262883235597,0.011736779638665373,0.01887905604719764,-0.011237912710166498,0.03264295362449343,0.002924587424274039,0.017094017094017033,0.01257174091281743
2016-01-22,0.05316718587746627,0.035880915352143994,0.009805510534846018,0.014970059880239583,0.021611660244597042,0.020524017467248967,0.03072177668106124,0.030631780472240022,0.015332676888451413,-0.012242042672263032,0.025857679551928747,0.034355423672931096,0.021127932124438642,0.008934592043155831,0.00844277673545979,0.030769230769230882,0.016187484899734317,0.004752206381534396,0.012775842044134844,0.03585578446909676,0.014851485148514643,0.005284015852047519,0.004251144538914398,0.008342022940563076,0.01737116386797921,0.007312775330396537,0.02550686723348594,0.021037283899187686,0.013089851325145396,0.033333333333333215
2016-01-25,-0.0195227765726681,-0.022841823056300226,-0.0048150228713585985,-0.04424778761061943,-0.05034437520498525,-0.00855798031664523,-0.03172133109887487,-0.016615067079463364,-0.005264616237184994,-0.007082152974504208,-0.015882810613580878,-0.03659314037995676,-0.008553274682307044,-0.010860484544695015,-0.0036175710594315014,-0.022651448639157246,0.002377555872562942,0.006756756756756799,-0.013976490825688193,-0.009562057754828879,-0.0016885553470918913,-0.002956636005256197,-0.006838163464669478,-0.006592554291623642,-0.003984063745019917,-0.00830928015394039,-0.0002125850340135571,-0.02774377804977568,0.0121231456372628,-0.03382525793391655
2016-01-26,0.005530973451327359,0.014815627743634652,0.03225546326909101,0.027006172839506126,0.02158521844241057,0.02373759171342238,0.039930770181728414,0.010284395004722224,0.005849582172702039,0.00962910128388006,0.00023172759739376048,0.022035468501852673,0.0040259633555173036,0.011486486486486536,0.049585062240663946,0.025512037369744833,-0.001897533206831059,0.010318791946308803,0.05240968234353427,0.007337323807685037,0.0013155421913173537,0.006754530477759424,0.005573770491803298,0.025504229017566882,0.011428571428571344,0.0051155406597283015,0.025940888794386607,0.012589173310952662,0.008668242710795804,0.036766693701000275
2016-01-27,-0.06570657065706564,0.000432572726289715,-0.08928989922662289,0.0037565740045077956,-0.014198782961460377,-0.012225969645868418,-0.00986685687113642,-0.020255531318167708,0.0026308501800054174,-0.010950194277640324,-0.022090788917810134,-0.0047264486888960455,-0.0051554828150573995,-0.004342017368069606,0.009685708638070611,-0.0007007708479327412,0.00023764258555147855,0.003653574690691608,0.005318414145600192,-0.018209699060762974,0.0015953453453454447,-0.025036818851251863,-0.004890772742093374,-0.00012688745083122566,0.002259887005649608,-0.01430326430326423,0.01616580310880833,0.006423539162867753,-0.0007812499999999556,-0.018383311603650587
2016-01-28,0.0071719117961892564,0.0,0.012266254932235432,0.01272455089820368,0.0473251028806585,-0.013871105420401153,0.03157641973826375,-0.008375742154367982,0.014638862035630362,0.007500000000000062,0.04281055770785125,0.021727816809784084,0.00584025664226373,0.0053673264005367205,0.0010767423649178376,0.004207573632538653,0.011404133998574428,0.012492760817407023,0.012160769495018764,0.0163022256930887,0.014710015928042663,0.027190332326284095,-0.010484927916120546,0.012944162436548279,0.0014092446448705775,-0.008457224249977746,-0.00040791352233338074,0.007206094296891008,0.004222048475371221,0.022579359808739374
2016-01-29,0.03454139653523214,0.019781645227543,0.017964579272942816,0.04508499630450857,0.018991486574983618,0.02964726249729499,0.006401303538174918,0.024484122741366354,0.024908125765618516,0.03154909606522516,0.017439529600427717,0.0286514707754999,0.028459273797841078,0.03503503503503502,0.021218343600273748,0.038756983240223475,0.008221752407798988,0.011439777741460988,0.02497963616616894,0.05830371722216898,0.031486611265004516,0.013235294117647012,0.009602649006622554,0.02342771235279395,0.014916971573318394,0.03393787035374385,0.019587839216486547,0.02677841373671286,0.033322952351292345,0.011170281854786301
2016-02-01,-0.00934867474830492,-0.013143947424210434,0.011903770914842404,-0.012729844413012725,0.0073907455012853784,-0.0130306851618327,-0.013646351335723339,-0.0069922771863910604,0.02257636122177953,-0.0158075601374571,0.012372758915085047,-0.01182223322604603,0.0059637404580152875,-0.006447453255963853,-0.0006702412868632157,-0.010756302521008454,0.0018639328984155767,0.006705445144611355,-0.015033112582781505,-0.006897803594118734,0.011368722585265445,0.018545395903886375,-0.010495244342407228,-0.006977598237238203,0.0033277870216306127,0.006339006599513697,0.015809485691414826,-0.005773442166036258,0.017179023508137492,-0.020038535645471867
2016-02-02,-0.02022192263818312,-0.018796992481203034,-0.03323461665021399,-0.05229226361031525,-0.03237639553429028,-0.027683134582623614,-0.047485051002462364,-0.02133473462953228,-0.0032467532467532756,-0.013966480446927498,0.013155675493337737,-0.04979642968994691,-0.009801596711722427,-0.0330953926022064,-0.009198045415349299,-0.031090723751274196,-0.013023255813953583,-0.005296525158494436,-0.005782290055805772,-0.03125571193566079,0.008231545406266472,-0.00965801139961997,-0.0009943652635068245,-0.011094674556213047,-0.0033167495854061757,-0.01734403313486932,-0.016745468873128444,-0.02222667200640771,-0.009481481481481535,-0.022283392318783624
2016-02-03,0.019792548687552758,-0.009414340448823166,0.03701497617426819,-0.01511715797430091,0.04285478819845068,0.01182654402102501,0.041605120630231474,0.021692439862542878,0.023583061889250745,0.015226628895184335,-0.040375971622850226,0.006460118655240654,-0.011814480721641152,-0.01543624161073831,0.007059278599748531,0.006663159740487368,0.006597549481621057,-0.020008067769261784,0.03144654088050314,-0.01584905660377367,0.007374242823281474,-0.0009592326139088447,-0.015593895155938897,0.010969832959361714,0.01830282861896837,-0.009922725676150268,0.014225606090963794,-0.025189432725783223,-0.008824409213281537,0.05215176297090762
2016-02-04,0.002594706798131785,0.006630566913471192,0.01427750882087464,0.016884113584036964,0.04251620041093718,0.01904761904761898,0.002008981328291304,0.00304813958377137,0.0002545824847250966,0.01778862922915936,-0.025821345645733795,0.024954152475766378,-0.021649567816463433,0.014655760054532951,-0.0023045899750335774,0.01724438251175764,-0.00444756554307113,-0.006668313163744166,0.006031995803828849,-0.0030674846625766694,-0.010718954248365997,-0.03712594015042403,-0.022581732389619247,-0.004932182490752002,-0.005174291938997766,0.012860310421286103,-0.003753457131568494,0.013655462184873901,0.002263467632412919,0.017201834862385246
2016-02-05,-0.026708074534161463,-0.024700845317817577,-0.008494458377153902,-0.02264150943396237,0.0024257125530626755,-0.027612574341546292,-0.022526241302040506,-0.016032694121345448,0.00585390684652598,-0.02193283070596297,-0.03598482254153934,-0.00012780369352682897,-0.03864255635372793,-0.024521330198186142,-0.03233878729547646,-0.011130136986301387,-0.0021161533035505276,-0.04359356870545328,0.00019551616266944016,-0.03538461538461546,0.0007928118393234485,-0.04985873358816684,0.001034482758620836,0.006195786864931829,0.009581166164796207,-0.021716287215411634,0.010707911957168248,-0.008082901554404165,0.008732309545317563,0.0031316547663784444
2016-02-08,0.010529674537332667,-0.0386087348041424,-0.025212140992167176,-0.05250965250965245,-0.02329098608590452,0.00174748798601998,0.037524131274131234,-0.018956336528221485,0.00164473684210531,-0.01296426068675538,0.0005683755825849346,-0.04614303061289704,-0.0393369406510351,-0.007575757575757569,0.014521583449373265,-0.020952380952380945,0.004948162111215959,0.0056325823223568605,0.002801850524532634,-0.014952153110047828,0.004929143561306137,-0.037257302781179,-0.016190148122631864,0.017487684729064146,0.00623644251626887,-0.015216612960973874,-0.004512458308809086,-0.028416213957375702,-0.0014925373134327957,0.013486513486513418
2016-02-09,-0.0002105041574572697,0.0018733169418101436,-0.004938478279065905,-0.005704971475142595,-0.010065035614741369,-0.012211077191452313,-0.03570182579369685,0.002171081198436786,-0.0030314513073133043,0.003904863329783348,-0.004459213815041996,-0.00670016750418756,0.01797049620026825,-0.000346981263011803,-0.0002941176470588891,-0.006013441811107079,0.015240328253223856,0.008272296423955217,0.005458089668616051,-0.002631046346893262,0.010335464657966087,0.011627906976744207,0.01890756302521024,0.00024207213749694034,-0.012395580706009213,0.010361752408653002,-0.011627906976744207,-0.0010752688172042113,-0.016292974588938747,-0.013307047806801364
2016-02-10,-0.00757974523634064,0.0031553114409257343,-0.021197846567967638,-0.01803278688524579,-0.027999374315657688,-0.006181015452538463,0.0014471780028944004,-0.03758665511265169,-0.010262257696693311,0.0007072135785006761,0.0083164531682407,-0.006880269814502626,0.004127876339364178,-0.02013189864630327,-0.0023536334215945587,-0.012099644128113818,-0.01732101616628179,0.004529527390821242,-0.014799017707121775,0.008725649350649345,-0.013957520589510164,0.031070402298850608,0.013402061855670055,-0.012342691190706634,-0.006002728512960354,0.014213745951781265,-0.003389830508474634,-0.006027987082884878,-0.00030390518158329716,-0.009115884115884154
2016-02-11,-0.006046462289169385,-0.025396085740913454,-0.06806462701959437,-0.06844741235392326,-0.011747666559382086,0.09640159928920466,-0.0006021194605011493,0.016432189082723703,-0.016897081413210557,-0.03003533568904604,-0.0006932163825422721,-0.0444202947768797,-0.009271407329659809,-0.0003542330853701925,-0.00029489826010031805,-0.04412824207492805,-0.003290246768507643,-0.006891271056661541,-0.011675959330928132,-0.0004023335345001433,-0.016177246351327446,-0.024560181153109206,-0.012207527975584886,-0.02107326635628526,-0.006038978863573963,-0.018804328543551407,-0.011804721888755476,-0.02187567684643721,-0.00714394284845743,0.003150598613736566
2016-02-12,0.003094983991462019,0.024025818790341935,0.0017521209885651423,0.07078853046594968,0.02833414753297503,0.017423014586709806,0.029401132666586394,0.009301295537592846,-0.007291666666666696,0.029508196721311553,0.0007503256130019231,0.03866657189565714,0.026926812042023407,0.014883061658398367,0.0011799410029498247,0.08328622573958921,0.01650554114595626,0.010280133641737299,0.02183580009291841,0.01630106661300057,-0.0020554066130473725,0.007500000000000062,0.007895640233436252,0.013642052565707052,0.007180336923501729,0.010847947929849777,0.014577849767159368,0.047608503100088795,0.013165952235150158,0.017964824120603184
2016-02-16,0.02819448877540176,0.009104704097116834,0.03654607382859254,0.025104602510460206,0.032620744259699075,0.02907208283552376,-0.007257403722345845,0.019308831596269727,0.0006558237145857237,0.02123142250530785,0.015207458020342735,0.01977691096968459,0.02673658872077045,0.004888268156424624,0.004910626595953538,0.014959123325795742,0.005799118533982739,0.010599508182820294,0.010197453884125629,0.011683168316831694,0.006089370466553223,0.024282169443459622,0.015326975476839255,0.005926657612050912,0.004935563476830218,0.029780003577177805,0.002594292556375999,0.019657577679137672,-0.004230885463886391,0.0023448105639887196
2016-02-17,0.01531456953642385,-0.00300751879699257,0.03321492007104809,0.025306122448979673,0.03143689618156742,0.02399380804953566,0.0412687183115199,0.02787643956517072,-0.010355223489317167,0.016632016632016633,0.019968229195697074,0.012884176620587828,0.014904127941053336,0.02397498262682407,0.0017591868647381936,0.007197943444730015,0.002998154981549872,-0.004530961570733405,0.007008294219764677,0.02603249168134658,-0.008188696039163168,0.006575532098979098,-0.006038242200603783,0.01202896771817863,-0.0002728512960435969,0.027355623100303816,0.0015923566878981443,-0.002280265339966836,0.003186646433990692,0.00960354592464907
2016-02-18,-0.018956379942926982,0.015198978999884094,0.010572460030943587,-0.02547770700636942,-0.016949152542372836,-0.0011337868480726376,-0.017891518514324467,-0.0034554973821989687,0.009403973509933605,-0.008861622358554921,-0.019754907988032366,-0.02126672850139133,-0.010230179028132946,-0.001696640651509873,0.016975609756097576,-0.016334864726901488,0.0027592550011497075,-0.012390424814565093,0.0010215808964371131,-0.004387638305990205,0.026025307367854245,0.0073921265257004265,-0.0026999662504217925,-0.005700424499696766,0.009552401746725003,-0.007185122569737912,0.012321144674085849,-0.008310824849366405,-0.03010134624111327,0.005487804878048896
2016-02-19,-0.002285476833575717,-0.0020571428571429795,-0.020498426469337416,-0.008986928104575131,-0.010586811857229317,0.004540295119182858,-0.0026519082209155442,-0.0016812020594725308,-0.021781918383414256,-0.0020632737276478075,0.0064110604730247545,-0.005550666756921396,0.014336917562723928,-0.02413324269204631,-0.0007674597083653367,0.00017298045320868205,0.00366888328365067,-0.005462149014252793,-0.0021048603138156263,-0.007089480743437404,0.003673576489110486,0.012116040955631346,-0.0020304568527919065,-0.0023176384484020485,-0.011354420113544261,0.00195828011919974,-0.0015704750687082214,0.007542426147077341,0.008421709295071578,0.0006064281382656134
2016-02-22,0.008746355685131046,0.021988089784700016,0.0193643626259119,0.03380049464138479,0.028890247630694033,0.003013182674199477,0.0268208092485549,0.014314282707083459,0.003890006706908089,0.013439007580978712,0.00961072412790287,0.012796950513920047,0.009532418440299173,0.022291884360849945,0.005664362519201216,0.012971290210999742,0.0038839387708475837,0.009782888526559619,0.00798977309044413,0.01601698186028555,0.008278867102396559,0.014500084302815797,0.018989487962021157,0.004156987406773283,0.00792999726551824,0.030506458191706276,0.004128981517892205,0.022873778332293426,0.015001546551190792,-0.0013333333333332975
2016-02-23,-0.02260528488852187,-0.013670999551770535,-0.004174120453190211,-0.030303030303030276,-0.022730649234883438,-0.019151333082988997,-0.04402161675298355,-0.010272906506174184,-0.0004008551576697439,-0.006460387623257402,-0.016130580892942836,-0.02607702130519518,0.013675213675213627,-0.01873935264054516,-0.006396181384248245,-0.04183028854362303,-0.005689576695493859,-0.006543723973825077,-0.009701965757767939,-0.027920227920227858,0.003630077787381225,0.0006647831145087935,-0.002995008319467529,-0.0038962620236210332,-0.0032555615843732344,-0.0009895275006184256,-0.008615625611905209,-0.022158975401504244,0.012951394179491205,-0.01407937856535979
2016-02-24,0.014890695955222188,0.011474664848898142,-0.011206159110350722,-0.002467105263157854,0.0015202189115230968,0.007656967840734996,0.004239783299964772,0.0005242189138185971,0.0018714075658334828,-0.00889801505817922,0.005032831908990731,0.004485542750672922,0.008672609009877208,0.013541666666666785,0.008455034588777721,0.0003563791874554578,0.005035477225909801,0.001368691189050475,0.006723442402510216,0.003516998827667095,-0.0010334137099552443,0.0031556219897026505,0.0020026702269693164,-0.003055861141669669,0.009798584648883946,-0.007841518778373913,0.003752715781157434,-0.010187110187110271,0.00962695547533099,0.0035701095654314674
2016-02-25,0.006867845993756561,0.004380545883410081,0.010641058915130897,0.015663643858202736,0.008955676988464,0.010638297872340496,0.0003518236190922508,0.0023053547102587224,0.019879919946631075,0.00932320441988943,0.011402413649604703,0.01848035174498497,0.009951436987500895,0.014731072285029123,0.013528963414634054,0.015496971856074016,0.0056934639034389445,0.011190842303092419,0.011258109655260196,0.014408099688473452,-0.0013793103448275223,0.03278145695364243,0.018987341772152,0.009563511525257473,0.007277628032344996,0.008319467554076532,0.005706414797323811,0.0029405587061541727,0.013706793802145345,0.006010794896957883
2016-02-26,0.0015502273666803124,0.006598076492954741,0.011470638589282656,0.030844155844155674,0.0060177523694899815,-0.0071428571428572285,-0.011137162954279023,-0.0035546262415054874,-0.03152799581371002,0.005815942524803219,-0.005842659644502923,0.013490725126475533,-0.0047296232066844635,0.006076975016880537,-0.005640157924421851,0.009296614629012545,-0.02309782608695643,-0.011066993326011687,-0.004528586703566262,-0.015355086372360938,-0.028660220994475183,0.003526771401090034,-0.011768551814318351,-0.015059509351469602,-0.00642226384800626,0.0010726072607261106,-0.0017609078458226124,0.006701570680628377,-0.022486772486772555,-0.003170345079868353
2016-02-29,-0.002270147559591318,0.024330629930007674,0.00016926201760325554,-0.014173228346456623,0.012412142963959871,-0.00870882241575166,-0.010788381742738551,0.00220333648095683,0.003377009320545632,-0.008843537414965907,-0.010539966338327433,-0.004792013311148091,-0.016949152542372836,-0.007046979865771852,-0.005388542257515616,-0.02155022592978806,-0.00023180343069073572,0.0011105416025969372,-0.00884564352056616,-0.008187134502923854,0.002666192676857415,-0.016134185303514292,-0.018524644392987066,-0.009987669543772948,-0.004847831941826031,-0.018379625813896072,-0.005684045472363897,-0.02392344497607657,-0.0025560066155465577,-0.01957186544342504
2016-03-01,0.0397145516599442,0.027114967462039008,0.01506177018107957,0.05351437699680517,0.02053175775480054,0.024828113063407153,0.032238734419942405,0.02229899497487442,-0.012520193861066287,0.02539464653397383,0.03478709461532015,0.03424062061124866,0.012729616500161134,0.026360256843528163,0.019104647847162815,0.051509769094138624,0.012984001854857263,0.014165031146002205,0.01733919806208961,0.033411949685534514,-0.0019500088636766888,0.021594414677707396,0.012470508931580637,0.011707560094656788,0.011907983761840324,0.021578505457598762,0.014389907352651443,0.038363171355498604,0.0018088634308108809,0.014098565190268086
2016-03-02,0.0021884014721973433,-0.0008447729672650395,-0.0025841947315771163,0.01667930250189542,0.004197423650311061,0.002609019754006736,0.011726460002322137,-0.0066564260112648155,0.003817314246762127,0.010040160642570406,-0.003624506514679826,-0.0029097963142581396,-0.0008750994431184766,0.005597629239380897,-0.0016787912702853625,0.009459459459459474,0.0018310826276037862,-0.0031131678586452383,-0.0011278902186854234,0.007036896158235217,-0.002131438721136747,-0.011125238397965753,-0.001997336884154377,0.016250153884032947,0.008023535704733797,-0.0032875811621599915,0.012825495530509157,0.017446633825944247,-0.0037616611495636665,0.017470472440944906
2016-03-03,0.007444168734491274,0.007186641302050267,-0.00033430839949855073,0.006711409395973034,0.03415970020178727,-0.0011152416356876582,0.004475556575625372,0.018762886597938122,0.00950699443161751,0.001325381047051044,-0.010669659760913053,0.0073281452658886526,0.009634525041802622,0.0013097576948264411,-0.003643497757847558,0.0033467202141901353,0.004340872743888502,-0.015108035111411233,-0.00018819396524683007,-0.011331444759206777,-0.0065859736561053595,-0.012054001928640257,-0.0030020013342227925,0.003513022410660316,0.0079596710002654,0.004535334377834488,-0.004412893323100464,0.004034698406294224,-0.001057242108442713,-0.0036275695284159193
2016-03-04,0.014876847290640427,0.006715634837355822,0.012206337262770539,0.002962962962962834,0.015191637630662003,-0.002605135839225947,0.004569861761681837,-0.003440599069014283,0.01130095519978469,0.00794176042356054,-0.0018726335789172044,0.009721238653189967,-0.009779179810725513,0.0016350555918902554,-0.0014064697609001975,0.0015010006671114517,0.003412192902638722,0.004199160167966509,0.004329275944284117,-0.006112702960840544,0.023920444364809113,-0.00341630063445586,-0.006022080963532961,0.007846450989859921,-0.0015793629902606243,-0.00016417665407975068,-0.0015417228753131784,0.006831424552943499,0.009676443906864174,-0.0013349514563106846
2016-03-07,-0.011066886710028201,-0.003543881592662168,0.015115222598496736,-0.0007385524372229835,0.026496430532674253,0.012686567164179152,0.03116115091550098,0.009240454914703378,0.014367433816682151,-0.005581089954038165,-0.023855824272137283,-0.009500127518490276,0.004858235106721898,0.010120796604636162,0.0022535211267604716,-0.0018318068276436117,-0.002267059623668133,-0.0002560163850486852,0.00312363341038302,-0.01921968095329618,0.0013999475019685903,-0.03281096963761021,0.0026926960619320095,-0.004671218109953301,0.005272871078302321,-0.0003284072249588599,0.007720517274657279,-0.0007982438635002476,0.01662174303683739,0.026370154332239437
2016-03-08,-0.008245803475017244,-0.010460251046025104,-0.004475183075671407,-0.0347376201034737,-0.040658017921626266,-0.003316138540899072,-0.021285982133009917,-0.015796357782473125,0.013377049180327782,-0.0075932651039947174,0.0010241301907969458,-0.024139040875442497,0.0043591979075849885,-0.012281835811247643,-0.004871650740116085,-0.019352686019352583,0.007043853669620681,0.010840802390098103,-0.0023042909634427566,0.012149715853419396,0.008737439930100566,0.00945147679324898,-0.014434373950990231,-0.00048134777376640514,-0.0010490427484919351,-0.0008212877792379558,0.004788354721317667,-0.020371479928100733,0.002209456473707627,-0.021667061330807424
2016-03-09,0.0008908245075720522,0.0,0.004168369431957641,0.006125574272588086,0.0019517635577861459,0.020702402957486044,0.04597701149425282,-0.0016356573297893195,0.00310599197618755,-0.0003326679973385538,0.016649615292980036,-0.011147757255936641,-0.00544507575757569,0.009980366492146509,0.005836942195443395,0.005784280367471917,0.011055956678700296,0.010302313798344898,-0.0006866416978775769,0.02303969022265262,0.0070160242529233585,-0.024745025915398844,0.012942779291553075,-0.001203948952564482,-0.002887897085849467,-0.004602991944764101,-0.002287457110179081,-0.0053007135575942055,-0.007495590828924259,-0.0027834926782038805
2016-03-10,0.0004944620253164445,0.0011627906976743319,0.0006511476477291112,0.009893455098934467,-0.007096145818839661,-0.008330315103223462,0.012066365007541435,-0.006348556215441281,-0.0032253902722229055,-0.003660565723793696,0.009318867950538268,0.0074044426655994755,-0.0011108466238197723,0.012473675684432362,0.002807937102208946,-0.008626522327469521,0.009372907833072874,0.0028418589100636105,-0.0012492972702855543,-0.014950794852384708,-0.004902804059865873,0.009429110234870697,-0.00504371217215871,-0.008196721311475308,0.00868878357030023,0.008175061932287342,-0.0003821169277800074,-0.0057388809182209455,-0.0017769880053309928,-0.002669902912621369
2016-03-11,0.010773944845309913,0.03959455178967364,0.013746543029119929,0.03918613413715133,0.020179372197309364,0.01753104455807164,0.006812859271875693,0.00927452596867262,0.006471654154801998,0.013360053440213626,0.01734569840337641,0.019335187392398367,0.020414647708316913,0.016320000000000112,0.005320141870449824,0.012455212421088602,-0.0006632765863363588,0.013085514252375363,0.012446056663956595,0.019596541786743638,0.0011236926268476388,0.020380434782608647,0.030753632984116264,-0.006441419543023796,0.0013051422605063756,0.02465394381194197,0.004013761467889898,0.0321583178726037,-0.003560302625723155,0.00012168410805535324
2016-03-14,0.002542538627029023,-0.004062563477554293,0.013720613014523098,-0.01087744742567065,-0.0009615384615383471,-0.005743000717875146,-0.0033833791499259247,0.008882989585460521,-0.0005144032921811093,-0.0023071852340145194,0.0072093116919731415,-0.0029232168377288925,0.0029581192589132055,-0.010390428211586977,-0.0004642094513044315,-0.003707448601280805,0.0019911504424778848,0.011106540518305286,-0.0004324190758586699,0.0018843037497644488,0.0001726817475393716,0.012150466045273145,-0.013114754098360604,-0.007094801223241576,-0.0010427528675703845,0.0009592326139089558,0.00019036740909950112,-0.003794687437587374,0.002828643739764658,0.002676724662367569
2016-03-15,0.020093640265314017,0.0035692433204159713,0.00015830299192653996,-0.00513196480938416,-0.003987350474357276,-0.0014440433212996595,0.00010608953957125244,-0.005768646898087315,0.004246011322696752,0.00033036009250086984,0.00043985924504164053,-0.009512020327057225,0.006752561316361483,0.006999681832643878,0.0009288500835966662,0.0013531799729364913,-0.0011039964672112657,0.004312449145646768,0.0037080526543475933,0.00789919127327443,-0.002071823204420009,0.009702351586909908,-0.018604651162790753,0.0017247751632376573,0.0052192066805847315,-0.002954799552787102,0.0024743052912068464,0.00200481154771448,0.010837292161520296,0.004975124378109319
2016-03-16,0.013291260279212125,0.01422619652474344,0.009575815131370735,-0.01915991156963892,0.026228602981778204,0.00795372378886472,0.01198684629256408,0.0020358306188925646,0.011531069827034113,-0.003632760898282683,0.009046458025234072,-0.009800697230809785,0.005705034307300849,0.0012638230647710191,-0.003247958426132236,-0.004729729729729737,-0.0041998231653405105,0.0007291582273352137,0.0029554830367588547,0.014181750326553333,0.01314878892733562,0.007491856677524389,-0.016926201760325,0.0003689583077113312,0.0064901349948078835,0.00040048057669217485,0.010252515663565553,-0.00880352140856333,-0.0014686444411808885,0.0006037189084764361
2016-03-17,-0.0016042276115881826,0.019436930167317845,0.02453554911029232,0.0067618332081142984,0.02098466505246166,0.011119081779053186,0.01561844863731654,0.011783827712312123,0.013172894236858745,0.02618495193901227,0.0014788211682688068,0.015743324033479444,0.0032962821004216547,0.009151151782896827,-0.006237780467368004,-0.0028852681602172803,0.015982241953385268,-0.0029145077720207357,0.005279636564552881,0.00570377184912596,0.010331284153005438,0.02133850630455858,0.010330578512396826,0.0173346447012539,0.009027598658756686,-0.0029623698959168054,0.007893253147904566,0.0038352846184901423,-0.007942344462420814,0.014842524435863202
2016-03-18,0.0011342155009452792,-0.012186732186732163,0.02494261667941866,0.029104477611940238,-0.0056653491436100545,0.004966300106420629,0.008256786046031639,-0.004016064257028051,-0.004000500062507739,-0.0012919896640826156,-0.004047568821854308,0.03067163691060104,0.0035910757946209237,0.021888680425265816,0.007120104927862192,0.0294468085106383,-0.0037142232903648598,0.00746995777849957,0.009648854961832098,-0.02140504939626775,0.0014366601876110163,-0.0030072807850585193,0.003749147920927065,0.004833836858006091,-0.014314928425357754,0.01758612382558411,-0.007272049226179411,0.016287954956766493,-0.007412898443291294,0.0011890606420927874
2016-03-21,-9.44108761329332e-05,-0.0016913739926375237,0.014183338309943228,0.0036258158085569203,0.005565125215317268,-0.004941757853865081,-0.012795577848295658,-0.0074596774193549376,-0.0018827664114472453,0.005498059508408648,0.008935544935862572,-0.00831218274111678,-0.0025885039969547607,-0.0104039167686657,-0.0020465116279069218,-0.0003306878306877925,0.0015350877192983337,-0.0021760154738877935,-0.002963769430835317,0.006917180781454535,-0.007848101265822804,0.027464676932846377,0.021052631578947434,0.002044497895369757,0.009336099585062207,0.00015782828282828731,0.0037565740045077956,0.0025722200237436876,0.01523525018670635,-0.0068883610451305755
2016-03-22,0.007648003021433425,-0.004086107235399594,-0.005446783453555204,-0.005780346820809301,-0.004480168665173312,0.0031926214969848488,-0.009746992948983846,-0.008937639650619444,-0.008048289738430636,-0.0009649404953361307,-0.002768447570064003,-0.013372576620385157,-0.0032058621479275073,-0.0006184291898578831,0.0009321401938851004,-0.0036387694343367194,-0.0037223560324064486,8.076892011943393e-05,0.0004246542101431494,0.003898997400668458,-0.0045079527090242655,0.0027812113720644405,0.010309278350515427,-0.00696111377820452,-0.007451181911613536,0.0100994161275052,-0.004303892215568816,-0.005920663114268865,-0.0014712373105780774,0.005979430758191739
2016-03-23,-0.005528485757121504,-0.003502451716201449,-0.01672587329780928,-0.01017441860465118,-0.024751819986763568,-0.01591230551626599,-0.020000000000000018,-0.007686001229760153,0.01179006085192702,0.0003219575016097931,-0.003276100256562109,-0.0007782101167314037,-0.0028332950455625117,-0.00990099009900991,0.010430247718383301,-0.004980079681275007,-0.0008791208791208982,0.002988208690033911,-0.0038809047359165127,-0.0018494544109487476,0.005553656869446311,-0.03790446841294315,-0.006254114549045342,0.0009668842156151936,-0.002329795495728759,0.013825964693016557,-0.005638037962789055,-0.012110383164582128,-0.006040960660085637,-0.004398478364241565
2016-03-24,-0.0043343069820031,0.007732476400883703,-0.005569772693060471,0.004405286343612369,0.02185124864277954,0.004671218109953301,0.013462976813761962,0.004027677372715033,-0.0007517854905401133,0.001287415513356871,-0.0035904746818732347,-0.007009345794392607,0.0018430348640763317,-0.003750000000000031,-0.0017511520737326647,-0.00767434100767439,0.0026396832380113366,-0.00724696030276184,0.0011566323735314743,0.004446914952751513,0.006712549919279498,-0.012652146060217806,-0.0036435905929116386,0.0008452064718666996,0.008822003113648336,-0.009245704599737947,0.012285012285012442,-0.01728295819935688,0.008004743551734528,0.002746268656716566
2016-03-28,-0.004542443456042489,-0.001096163428002006,-0.006282167726309518,-0.004385964912280715,0.00039845929074222575,-0.0021459227467811592,-0.001792303637321968,0.008948775972022371,-0.0033855799373040396,0.012214721954355579,-0.002066663133909241,0.005490196078431486,0.004752414533190308,0.0006273525721456341,-0.0007386206259809569,-0.0013449899125755893,0.004826678367705117,-0.0009733149484955073,0.011066520734525076,-0.012359343294595093,-0.007596218771100616,-0.005028386050283773,-0.009973404255319007,-0.0032573289902280145,0.004886831275720205,0.002566295979469446,-0.0029873039581778116,-0.004089979550102152,0.0017647058823531125,0.00285782329125972
2016-03-29,0.023671451658902942,0.016759776536312998,-0.0031228577957194137,-0.014684287812041119,0.009160913436006446,0.007168458781362075,0.006759611322348924,0.0007136303394841281,0.012078510317060864,-0.00031756113051750745,0.01674012319456253,0.007735309412376434,0.010604211168751876,0.01504702194357388,0.008408019957497848,-0.0062289562289561395,0.014847161572052459,0.006495088089632173,-0.011366369978349833,0.02185282032125513,0.012161932301411937,0.0024453863710465207,0.00906648757555395,0.002178649237472685,0.009726132582544178,0.007058641017685607,0.01217228464419473,-0.013347022587269164,-0.001321197886083425,0.0036808359059605777
2016-03-30,0.017459138187221335,0.003826530612244916,-0.017573349633251745,0.0044709388971684305,0.006578081831337901,0.012811387900355742,-0.0007343684431387887,0.007640586797065918,-0.0011188463451019537,0.011118170266835925,0.003198892791393071,0.009482035735018934,0.0071714350418961015,0.010191476219888695,-0.0014660069635330508,0.011519566322208963,0.002151462994836484,0.015003629910462113,0.014356104385911728,0.006214585998903344,-0.004285354171918332,0.008944543828264706,0.000665557404326167,-0.0014492753623187582,-0.0020278833967047882,-0.0011553570053146611,-0.00018501387604064057,0.01248699271592102,0.011318535940026297,-0.00011830119484212975
2016-03-31,-0.005202628696604705,0.0005864529371517602,-0.012754705241872832,0.0029673590504450953,0.0003921056071101159,0.00035137034434296055,0.0015748031496063408,0.004044080477201506,0.004107031736154454,-0.0012566760917372966,-0.007080198870291876,0.0030670926517570862,7.495128166712384e-05,-0.011005808621216695,-0.0071572765645072645,-0.008206330597889888,-0.004079003864319364,-0.001192084558531259,-0.0007196401799101082,0.003269754768392419,-0.0013502109704640608,-0.00918762088974856,-0.01429996674426337,-0.004475084663764006,-0.005080010160020243,-0.0060148056755089385,0.0007401924500369805,-0.005960945529290829,-0.004505813953488369,-0.011003312825366707
2016-04-01,0.009175153683824266,0.02080687701475048,0.0001575547502756791,0.002958579881656931,0.0032662660047033665,0.007727432384966759,-0.011949685534591192,-0.0024166750578995533,0.005577590480912109,0.00440390059767215,0.008874033294009598,0.018091476621225677,0.010642284343850505,0.0030911901081915882,0.009149722735674715,0.011144883485309176,0.009484802759215372,0.010661998726925415,0.0054011882614175555,0.006156074597139405,0.0031265844177792435,0.0019521717911177294,0.013495276653171295,0.014822014336046685,-0.0030635690579525754,0.007913110938712054,-0.0012943786982249073,0.0018610421836229296,0.008322382829610175,-0.007536786696973441
2016-04-04,0.010273661241931187,0.00191387559808609,-0.0048834278512916995,-0.0036873156342183133,-0.01393410600338596,-0.01917044266294876,-0.008805431784426054,-0.0039366104774400945,-0.0004930358683593594,-0.02192295646727216,-0.005911624462431875,-0.01282693029658355,0.0,-0.013867488443759735,-0.005495008700430404,-0.011356045424181671,0.0012812299807816174,0.004330026767438211,-0.006745060586163643,-0.002519344970307702,8.423890152475799e-05,-0.026302971261568553,0.022636484687083902,-0.0038309589369089903,0.00793854033290664,-0.0033097290640392574,0.007591186817256235,0.0010319917440659854,0.0005792064871126268,0.0024108003857281624
2016-04-05,-0.011789056875449955,-0.006685768863419317,0.005461453221465851,-0.023686158401184376,-0.006339144215530945,-0.019900497512437942,-0.008134432195226471,-0.017024726388325973,-0.01467505241090139,-0.008005123278898463,-0.008560748640736082,-0.015338784306268671,-0.002002224694104382,-0.0031250000000000444,0.003315222396168993,-0.01418918918918921,-0.007677543186180413,-0.0014893783804970084,-0.003545673076923106,-0.01569547176619157,-0.01996293800539084,-0.005002501250625291,0.02083333333333326,-0.000600889316187958,-0.004065040650406471,-0.018920379952119926,-0.006063947078280063,-0.020412371134020613,-0.006657018813313931,-0.011423761423761447
2016-04-06,0.010472634550587223,0.016346153846153788,0.00708494056522091,0.006065200909780133,-0.00026581605528963603,0.015228426395939243,0.023416423869645042,0.004948453608247361,-0.006758448060075195,-0.002582311168495832,0.01252356407450872,-0.0010299324106854968,0.006390251151731308,0.005642633228840177,0.0043139054612206795,0.0077107607950650525,0.003868471953578423,0.0010990736379337118,0.006030999336590126,0.01026392961876832,0.003094112591319309,0.010725657784481424,0.05006377551020402,0.007816257816257943,-0.014285714285714346,0.0077928211586901774,-0.010537992235163607,0.01199747421595454,0.005827505827505908,0.013380367351903732
2016-04-07,-0.021809661139149172,-0.006527909176915814,-0.0072696005628077875,-0.03165033911077619,-0.013959053443233116,-0.014285714285714235,-0.000527203711514046,-0.013541239228559765,-0.0008820564516127671,-0.008737864077669855,-0.010350619084198098,-0.030800953669695263,-0.011591848789131665,-0.016521197007481225,-0.001370864558581708,-0.025335827240265285,-0.0074930421751231435,0.004861982434127832,0.0020981955518253326,-0.011973875181422344,-0.004455487961614213,-0.00016580998176096706,-0.005162465836623165,-0.006801097721035765,-0.0012939958592131928,-0.009060376474263832,-0.02840059790732441,-0.02391846921797003,-0.011877172653534274,-0.011283159284599664
2016-04-08,0.001105583195135429,0.00666603180649461,0.006929133858267766,0.0023346303501945442,0.0024268572199002136,0.003260869565217428,0.016246439497837217,0.002703826955074984,0.006053726825576922,0.005223636957231381,-0.0008551281376624198,-0.0008643042350907626,-0.001867483379397905,0.0025356576862123337,-0.001555779262377599,0.007327285415212881,0.011000862812769574,-0.0014047135945060019,-0.0031706149796602023,-0.0007344840249724482,0.005336087442981308,-0.014593698175787706,-0.007936507936507908,-0.00048053820278703974,-0.0023322104172066593,-0.009379679987388645,0.003461538461538405,0.002983166418069505,-0.0023453532688361145,0.01019788758042961
2016-04-11,0.00331308669243513,0.0028379528899822315,0.0002345949327493546,0.006987577639751441,0.003765971755211872,-0.002527988443481455,-0.011315270424582247,-0.0015556938394524211,-0.004136893569010924,-0.0025982461838258697,-0.0025412458688296446,0.01277615118445552,-0.004565184852567072,0.0012646221941194913,-0.0011915673693858597,0.007966747488742598,-0.00917431192660545,-0.003125976867771163,-0.00024005281161854075,-0.002021315692759984,-0.0049653283109322155,-0.02524402558061256,-0.01876923076923076,-0.005649038461538414,-0.0028571428571428914,0.005171865054105496,-0.010923725565350706,-0.0008497981729339577,-0.00969732588892147,0.0013219564956135077
2016-04-12,0.013025133003118805,0.0015092915762664472,0.012196075365491277,0.02313030069390898,0.019697172718745826,0.0007241129616220032,0.02383452330953384,0.011218448114677537,0.00981873111782483,0.003256268316509159,0.008950022441059247,0.013863337713534873,0.010299977445304975,0.005999368487527468,0.00578140772689717,0.01855670103092777,0.004521963824289488,0.00039197240514265985,0.00864397622906532,0.006260357208617062,0.007054977200378509,0.010877071823204298,0.002195045468798895,0.001208751359845106,0.007293566032821053,0.0037204147866698456,0.006587870567719589,0.015734637465447676,0.020771513353115667,0.01236197791646676
2016-04-13,0.014487504527345152,0.0005651313930488122,0.012898741021085902,0.03918613413715133,0.039816031537450725,0.02134587554269185,0.000922982258229732,0.021879815100154243,-0.007354774370481265,0.005517689061993014,0.009930395645802781,0.03590175620504166,-0.004018455127251075,0.00847457627118664,0.0024635036496352125,0.04234143049932526,-0.01307609860664527,-0.005642191050858059,0.003332738201511587,0.012808783165599413,-0.004869713797522324,0.017591801878736213,0.01814768460575711,-0.0044669805625981995,-0.010861132660977546,0.007570977917981114,-0.012704523580365779,0.026376386853673717,0.005087209302325757,0.005690574985180774
2016-04-14,0.000535523027490159,-0.009695942765697074,-0.0022113771541862892,0.025380710659898664,-0.0010109945659041442,0.000708466170740385,0.0038934426229508823,-0.008544431041415446,-0.0022604546025366545,0.0012911555842478606,0.004508297599461031,0.006631216765717873,0.003959952181709525,-0.010270774976657404,-0.0002730499681441456,0.012947078815342294,-0.00456125108601213,0.0048861218378122295,-0.002550566463016879,0.00018066847335140857,-0.002833104395604358,-0.0015105740181268201,0.0033804548248310695,-0.005457191365510372,0.004444444444444473,0.0017219787100812844,0.001364788457788979,-0.004894962267999237,-0.005061460592914124,0.007072969468348456
2016-04-15,-0.020071364852810025,0.005513307984790883,0.002139854795567553,-0.00990099009900991,0.0015180265654648473,-0.012389380530973493,-0.007654623392529092,-0.0004055561188278656,0.006922592825676421,0.00032237266279833143,0.0059453952204697735,-0.014853023429246104,0.004762967924387684,-0.010691823899371067,0.003095411507647583,-0.011503435053523026,0.005891337551821918,0.0021174809818838014,0.0036869647954329565,0.005238439306358256,0.011020232458028412,0.00016809547823171123,-0.004594180704440953,0.0035361541275453767,0.001561686621551095,-0.00507891858102838,-0.00019470404984422984,-0.011067841770854625,0.0037790697674420226,-0.005384525342385649
2016-04-18,-0.02157487482931264,-0.0022688598979012653,0.00640585678334471,0.012142857142857233,0.0010104837691045088,0.01039426523297493,0.015118790496760237,0.029313317780707893,0.0050000000000001155,0.0009668063164678387,0.009846153846153838,0.0031541761291951076,0.013258277164654553,0.006039415130324244,0.006807043020511827,0.006465168902537677,0.0026030368763556577,0.008373767412740651,0.004562151913733992,0.014555256064689992,0.0028953419058161955,0.0011764705882353343,0.0033846153846153193,0.006439854191980565,0.004417879417879522,0.003769732191942321,0.007400194741966848,0.012227979274611389,0.01158412974225298,0.009532776273978971
2016-04-19,-0.005303312244138492,-0.0003790032215273964,0.005380010608471597,0.019760056457304165,0.014384858044164117,0.004966300106420629,0.01823708206686936,0.011430823807646817,-0.007587064676616961,0.0028976175144881378,-0.014510968921389367,0.022827317318576235,-0.009941520467836362,-0.0015797788309636074,0.015775714414495656,0.016862052352657697,0.008221549112938265,7.760962359348866e-05,0.0005897965202004141,-0.0012398157987956182,0.002802071834932418,-0.0001678697330871337,0.0085863232137382,0.005432814197754432,0.006985769728331315,0.0210468664423753,0.006765899864682012,0.02129402129402136,-0.0012882908674491933,0.0050128235019817335
2016-04-20,0.002057805630904408,-0.0064454976303318645,-0.015902924329213253,0.03321799307958484,-0.007961189202637109,0.0038828097423226904,0.011840796019900512,0.006137957911145797,-0.019927309186614894,0.0,-0.0017133655394525604,0.0266215800799261,-0.0018458357944477477,0.012658227848101111,0.007987220447284171,0.014529374605180001,-0.047854077253218996,-0.0024057116250194577,-0.004185086943707672,-0.01418691257315119,-0.021930567315833982,0.001007387508394908,0.010337488598358036,-0.02077329490874169,-0.005138746145940454,0.026283524904214595,-0.006336405529953848,0.011427425821972648,-0.008026372366346624,0.006843753624869553
2016-04-21,-0.010827966022589397,-0.02146536920435027,0.0013019836103240756,-0.002009377093101117,-0.013667711598746135,-0.007032348804500765,-0.0028518045038842255,-0.0034860075530163126,-0.02378516624040916,-0.005457463884430136,0.006555515408042112,-0.0099413103365672,-0.004364228123381886,-0.0009375000000000355,-8.804366966019828e-05,-0.00996264009962633,-0.016001803020058603,-0.021470245040840163,-0.0016573931573339307,0.0034178809138334376,-0.022508873690589626,0.00771553170077155,0.0003009328919651999,-0.009196811771919111,-0.022210743801652888,-0.007242589412379541,-0.03323671497584535,-0.007928642220019988,-0.010692096517844196,-0.0001152073732717529
2016-04-22,-0.002736623572709207,0.01579409183971925,0.0023711182499617234,0.014093959731543482,-0.0043224002034071285,-0.0031869688385268713,0.006015779092702234,0.008356816635895381,0.008776526067592272,-0.007101355713363455,-0.05414102564102563,0.008649891120251718,0.007875185735512602,-0.010322177040975822,-0.0022012855507616003,0.005817610062893053,0.020155748969308274,-0.002305429684394622,0.0,-0.0717102904266762,0.013550615534496435,-0.010818908122503301,0.0009025270758122872,0.0018564356435644136,0.005546751188589605,0.008799638989169578,0.010393763741754825,0.01138861138861147,0.00365123411713153,0.008526327917962817
2016-04-25,-0.005677517032551149,-9.59785008157743e-05,-0.0022892025944296623,-0.00992720052945062,-0.019535240040857826,0.002841918294849144,-0.004901480247034629,0.0077093572323407855,-0.0032463316452409074,-0.002600780234070288,0.006018135733358632,-0.009955022488755572,-7.371369600461808e-05,-0.007901390644753481,0.001676667843275803,-0.005783961231827339,0.003816793893129722,0.015617529880477932,-0.0016601446697498412,0.006373117033603659,0.0002621461027612071,-0.003701834090526601,-0.0018034265103697988,0.005682520074119735,0.003677436301549708,-0.0026094087825243584,0.004154302670623222,-0.002173054128802865,0.010913853317811473,-0.0022849308808409186
2016-04-26,-0.006947087933003471,0.005663275100787013,0.019043977055449357,0.008689839572192382,0.011199374918609228,0.007793127878143791,0.00768397202246085,0.003060151094960384,0.0024752475247524774,0.007170795306388422,-0.022688996375688886,0.004542976558240985,-0.0022852930335421906,0.0003185727938832539,-0.005285877896220703,0.005188679245283101,-0.004025944978751972,0.001961399654793583,-0.01306568476066039,-0.012857417002494764,0.00917270900672662,0.005573382874514365,-0.004817825956037414,-0.022847316054538713,-0.0031405391258831905,0.003438481088354095,-0.0063041765169424835,0.008117204513957699,-0.0024470994673960744,0.0034352456200617
2016-04-27,-0.06257786296118828,-0.0026725207597594336,0.028820174121885422,-0.004638833664678654,0.013264649066323297,0.006678383128295273,0.015250757649819091,0.003718180951473027,0.014424951267056452,0.000970873786407811,-0.005390352509753615,0.0065123010130245795,0.003029407418353669,0.011146496815286566,-0.001239925604463732,0.002815579540121904,0.0033685156074556577,0.004619841829144322,0.009507762666987496,-0.009720062208398161,0.01185941828254844,-0.004534766543500046,-0.0015128593040846239,0.00427404148334376,0.016539774218955028,-0.010727056019070313,0.02478191911181593,0.00019638648860964558,0.0017316017316018062,0.00947164213169005
2016-04-28,-0.030566346350439533,-0.003445305770887197,-0.01663262328567261,-0.015312916111850927,-0.011820030503304602,-0.023743016759776525,-0.013962445835339343,-0.01187310030395139,0.003586984370996582,-0.0009699321047527132,-0.02273168297618733,-0.015756050802779753,-0.02224677716390433,-0.020157480314960674,-0.0025716059235612043,-0.007955077211043493,-0.0011190689346463056,-0.0029618082618863006,-0.004530281354315657,-0.020416175893207655,-0.003593121738386551,-0.012316517631179469,-0.0027272727272728003,-0.0016272374514957333,-0.0020661157024792765,-0.005496987951807419,-0.0129618881795317,-0.010210092283526429,-0.0073465859982714266,-0.004860954103549586
2016-04-29,-0.011494252873563204,0.007202535292422985,0.0,-0.015551048005408963,-0.00038585209003216825,-0.016809728183118877,-0.0021484374999999334,-0.007401711044890846,0.005616543272912944,-0.004854368932038833,0.003999659603438177,-0.0010956235924278745,0.008739546447675606,-0.026679524268723775,-0.0035561877667141806,-0.0062893081761006275,0.0038090970199415874,-0.011178861788617933,0.002275449101796445,-0.0006012024048096531,0.009530351163389739,0.006832934745473196,-0.006077180188392428,0.004513540621865486,0.004658385093167627,-0.002952979480578377,-0.0015680125441004389,-0.008530053560801387,-0.029603831084022536,0.004203112575258405
2016-05-02,-0.0010667804565819283,0.0060068649885585135,-0.00586053412462928,0.014423076923076872,0.0015440041173444552,-0.004365223717715416,0.011058915639068356,0.010652721286073863,0.0020309723280020897,0.004552845528455363,0.00922472735491886,0.012613490951191242,0.016132646202106304,0.01089828269484805,0.005977872947894314,0.009335443037974622,0.004017857142857073,0.013518855245473915,0.005735452264308716,0.014838580308802918,0.004082326926348134,0.011028164234815119,0.002751452155304035,0.01060908637044422,0.007212776919113928,0.0031895504252732465,0.007459756576364329,0.012204881952781355,0.010767160161507361,0.00825791855203617
2016-05-03,0.016445963263562735,-0.012794995735001535,-0.011342437131557248,-0.02775897088693302,-0.0190133607399795,-0.018633540372670843,-0.019262414093505043,-0.0055576849367573455,-0.001266784899923934,-0.008416963418582113,-0.00835654596100266,-0.018293416776988924,-0.01109886071297328,-0.008167265599477336,-0.0005321507760532862,-0.019282019125254735,-0.003112494441974034,0.0015600624024962872,-0.0021979327551384653,-0.01639992096423626,0.0030492969676436665,-0.0011746937405604507,0.027439024390244038,0.0016055329134245788,-0.004859335038363333,0.002725208175624605,-0.01247077162899457,-0.011464716347104331,-0.00872910193815657,-0.011443958263210985
2016-05-04,-0.010401344820340497,0.012960829493087633,-0.012076383123254764,-0.016016713091921875,-0.027763226820324838,-0.015636634400595595,-0.0072048953809711325,-0.0010599344767777685,0.01496702181633669,-0.018282729350310167,0.004135847778216961,-0.018818192963099167,0.004608294930875667,-0.01679841897233192,-0.004170733871683319,-0.015824808184143224,0.003122212310436856,0.00724299065420575,-0.004822289694588311,0.0018079550020086987,0.008782300287113687,-0.006888440860215117,-0.008902077151335397,0.006165228113440113,-0.0007710100231301809,-0.0032462630227994005,0.0031570639305447123,-0.02139572085582886,0.0028358208955223674,-0.0019294064237884712
2016-05-05,-0.010085996390274965,0.007582219694815651,0.009091603636641743,-0.005661712668082131,-0.01953124999999989,-0.008698940998487115,0.008251317228352706,0.012153950033761074,0.001999500124968856,-0.005986032590621915,0.004695165666249723,-0.003373524083213564,-0.003625332938739345,0.0016750418760467234,0.005881304580288793,-0.005359753126522593,0.0017785682525568447,-0.00038660790226563435,0.003649198372816631,0.0014036494886704443,-0.005106311736145952,-0.015564202334630406,0.005089820359281516,-0.003676470588235281,-0.0036008230452675427,0.002120730137090021,0.0,0.000408663669799747,0.00029766334275938,0.0011371389583807456
2016-05-06,-0.005577005577005578,0.0024456777349259884,0.008933979406420267,0.004270462633451766,0.007830745981590725,0.01220908050362457,0.00433839479392617,0.005813399409129838,-0.009977550511349631,0.0076948812311810055,0.01464929831679962,-0.004262521155895538,0.007648325536496525,0.00468227424749168,-0.0012402551381998084,0.005878510777269641,0.005770084332001657,0.010055693069306981,0.006675806163199516,0.009010812975570826,-0.0030290281867900726,0.004124420003437157,0.00029788501638372544,0.010209102091020883,0.006453278265358797,-0.002040662081475353,0.0055074744295828815,0.001225490196078427,0.01547388781431347,0.005338482507950992
2016-05-09,0.0007549611734254391,0.000750680304025586,-0.008704787633198263,-0.00850460666194186,-0.035169029443838595,-0.0007538635506972868,-0.01482426860396624,-0.001895016107636982,0.008566389518770645,-0.008300132802124827,0.00544692352243592,-0.008435631098520635,0.003979366249079019,-0.007989347536617841,0.008692566968245607,-0.006331168831168799,-0.001765225066195919,0.0019145351508653707,-0.0021907750606902088,-0.006350466362373464,0.003375812304835968,0.004963203833647123,0.007147111375819026,-0.0001217581882380081,-0.0033341882533983735,0.0047712814298697115,-0.0007824726134585402,-0.002855977152182776,0.01025641025641022,0.0006778895040107091
2016-05-10,0.006789524733268548,0.004969526488513898,0.019909159727479198,0.022158684774839177,0.024441932749364348,0.01961523953225197,0.009167912306925707,0.011961268274159886,0.0,0.020421827920990898,0.014057849766159647,0.024823820709796163,0.009321785085143697,0.011409395973154268,0.008353851565247927,0.013559875837281465,0.011273209549071517,0.005885500267522659,0.01032518395442672,0.01897343718793687,0.00597190680460935,0.008174386920980936,-0.0002956830277941469,0.004383828543594648,0.011580030880082415,0.006783749152031504,0.009005481597494036,0.010638297872340274,-0.002175489485134241,0.01614542170035005
2016-05-11,-0.00974095482766002,-0.013528643403620144,-0.012840495806427543,-0.006993006993007089,-0.001103296097090034,-0.01220865704772478,-0.0012836970474967568,-0.04043151969981229,0.005370971771171629,-0.0045931758530184386,-0.011942438259082033,-0.01239003840911912,-0.023343756817685857,-0.002654280026542888,-0.0026162030173541018,-0.003707285622179146,-0.006338797814207653,-0.018693009118541104,-0.002877951368495113,0.0005880047040374148,0.0007525083612041072,-0.03699324324324327,-0.01922508133688272,-0.004000969932104748,-0.0033070465530400384,-0.021561727932918995,-0.0075669383003492685,-0.006477732793522262,-0.03473837209302322,-0.013222222222222246
2016-05-12,-0.023456923575829625,0.007850184432043772,0.010676691729323284,-0.00422535211267594,-0.01007869667264949,-0.0011235955056179137,0.009689539252521362,-0.005670153485189289,0.007330103118399878,-0.008239947264337522,-0.003394702621312584,-0.008468197214903994,-0.0008190618019360274,-0.009980039920159611,-0.0012240972282940854,-0.0006471444750040245,0.008139023317201843,0.0075886634660060626,0.002238322436237228,0.009010773751224388,0.012198178628122669,0.017189966672513712,0.000904704463208672,0.0031649421789408105,0.009443593670239947,-0.0072691101078887765,0.006256109481916017,0.0024449877750611915,0.006625508206595354,0.009683594189843436
2016-05-13,0.0019924728802300784,-0.00807057057057059,-0.017110549025442512,-0.018387553041018356,-0.022733612273361348,-0.005249343832021025,-0.013513513513513598,-0.0116999311768754,-0.003823384311790856,-0.014955134596211339,-0.004450121554246178,-0.01727082937938884,-0.00789924733586711,0.005040322580645018,-0.005865359362689282,-0.00922778047595918,-0.010473488981016743,-0.00991392560713178,-0.010755215985894906,-0.008347893612890678,-0.0032191498142798425,-0.011726159682703963,0.0,-0.014318650649193021,-0.010113780025284402,-0.005703715122552855,-0.010297260540120479,-0.019512195121951237,-0.02857142857142847,-0.0112635218021635
2016-05-16,0.03711886875828552,0.007379375591296089,0.015289131092945718,0.0036023054755043304,0.00899100899100902,0.016584998115340976,0.015485407980941002,-0.001591723040190951,0.0028475919276960138,0.010796221322537214,0.00754659713312078,0.0002574996781252725,0.01660031548110874,0.016048144433299827,0.00774920746741814,0.007516339869281019,0.005953693495038603,0.006287355429635655,0.00730750950570358,0.014682850430696837,0.005962239152037085,-0.002966323503751589,0.005724615848147208,0.004924289055767472,0.003320561941251743,0.012713178294573524,0.005692972124067497,0.0006218905472636926,0.01663073606405918,0.01026392961876832
2016-05-17,-0.004154239454622899,-0.010518407212622094,-0.01177873863128065,0.005743000717875146,0.004950495049504955,-0.011865035224323361,-0.015151515151515138,-0.004184934236747706,-0.018395061728395,-0.008344459279038707,-0.013843625907161261,-0.004698159351267828,-0.024678587261711238,-0.013491280026324493,-0.00533030408947921,0.0,-0.01907058307759746,-0.015041653810552225,-0.01020347979946934,-0.025467875747636537,-0.013994073098452464,-0.0007000350017500878,-0.010485320551228305,-0.01237290211931874,-0.004327902240325865,-0.008266993263931322,-0.0064415381612336065,-0.01346592086181908,-0.013935171160254445,-0.0004465780953443188
2016-05-18,0.011445074339501593,-0.007687927107061565,-0.011843693421846657,0.04853675945753033,-0.0064743138634763,0.00262664165103188,-0.006848635235731981,-0.00940564338603156,-0.03697648094579309,-0.0033658700774150674,0.0022077507324453904,0.034206272227610635,-0.001742424242424212,0.00033355570380244615,-0.002108407274005075,0.03859876743431734,-0.0060335195530727415,-0.01159057091393223,-0.005958765343820782,0.005939417937042224,-0.014693604942394467,-0.017162872154115605,0.004238570996064173,-0.009550979905730728,-0.016875479417028827,0.0073325100339609595,-0.010019646365422408,0.021629567408651962,-0.02995391705069117,-0.0020104992739864436
2016-05-19,-0.0038071065989847552,-0.007460545193687218,-0.022215436292846724,-0.010891763104152519,-0.01643292251027051,0.03181137724550909,-0.002098740755546724,-0.0059595959595959425,0.0052239780592922,-0.008443093549476477,-0.008963950234143425,-0.03276228585719654,-0.00030355923199532064,-0.01200400133377788,-0.006426622061801224,-0.010149906308557277,-0.003597122302158251,-0.007289438237857437,-0.010250569476081828,-0.009643770911238025,0.0033045246568377262,0.016393442622950838,0.006331022007838527,0.004257983719474057,-0.0002600780234071065,-0.003907746532832657,-0.015082357610637032,-0.00554984583761553,0.09580364212193193,0.008505875769446058
2016-05-20,0.010828025477706893,0.00231280716970228,-0.005387257963772707,-0.0006882312456985007,0.006337318162177752,0.014508523757707614,-0.0006009013520279494,0.013921349456356147,0.0003897622450306226,0.006811989100817373,0.008947169758566353,-0.0012281835811247532,0.0009109542245502311,0.01754978062774204,-0.0019493177387913674,0.0018930430667296605,-0.008348375451263434,-0.021789448479527573,-0.0006056568348374869,0.0059618441971383,0.007769614052867135,-0.009817671809256745,0.010784901138406244,-0.0021199650829281103,0.00026014568158183593,0.007230769230769152,0.0006044731009469118,0.007647788342290074,0.009537572254335158,-0.00410609255354577
2016-05-23,0.012707414408737794,0.0014421690222092831,0.001491482847947312,-0.003443526170798794,0.007585515958208111,-0.0010725777618876275,-0.004108628119050106,-0.006013229104028794,-0.01103896103896096,-0.0023680649526387487,-0.006179767496639954,0.006083748624684526,-0.0032612817595752963,0.002653399668325118,-0.0042613636363636465,-0.000787277594079594,0.0004550625711035039,0.0020398172323758956,0.0066662626507485445,-0.011655472145396972,-0.011229363948713655,-0.008675637393767643,-0.0020746887966804906,0.0022494376405899352,-0.0033810143042913854,-0.003971284557812815,-0.010471204188481575,-0.0010256410256409554,-0.005153163469796773,-0.0015600624024960652
2016-05-24,0.015244218604168802,0.010944700460829404,-0.0006270575325285632,0.014512785072563927,0.009801136363636331,0.018969219756621136,0.008150533306500396,0.0033272837265576616,0.011030860144451538,0.012207527975585108,0.022000697107005918,0.013766484400128842,0.01476183229341066,0.027456169368177186,0.004725392296718978,0.017018594390167063,0.009097111667045743,0.009282631707515643,0.015170670037926604,0.031181291225264918,0.016103059581320522,0.010716199321307407,0.01277101277101278,0.009600997506234332,0.0046972860125260585,0.0166385523692687,0.008954008954008996,0.010266940451745477,0.010647482014388476,0.0007812500000001776
2016-05-25,0.01756894790602659,0.00826210826210838,0.010666666666666824,0.016348773841961872,0.02081868054578684,0.015806111696522684,0.015770036929833253,0.0035172344487990337,-0.000519547993245828,0.008040201005025116,0.006916497278419698,0.023224823910146464,-0.0011997600479906056,0.01062459755312295,0.005856775224065913,0.015184381778741596,0.00022537750732487538,-0.005566760790641334,0.008064994366364209,0.010273308780771373,-0.006505963800150116,-0.010602579961123904,0.007331378299120228,0.006298629121897159,0.0031168831168830735,0.0062598989365711954,0.005445744251714402,0.026422764227642226,0.003416856492027387,0.006579681052748976
2016-05-26,0.007930134511142217,-0.008194405199208887,0.0034921620363184136,-0.014745308310991967,-0.006752101419319256,-0.0006915629322269412,-0.002653041171268522,-0.0005007009813738916,0.013125406107862059,-0.0023263542705217466,-0.0015851510635416233,-0.008806201550387471,0.006381381381381557,0.003185727938833871,-0.003970004411115946,-0.007478632478632452,0.006985128436232335,0.004299853967223655,-0.00635331490087665,-0.004412893323100464,0.00596087650071353,-0.0026790498303268517,0.002328966521106146,-0.0031909671084929814,0.00569653029518391,-0.003297856393344345,0.006218655967903608,0.000990099009900991,0.005249716231555013,-0.005096388211832559
2016-05-27,-0.0005975500448163196,0.007217473884140624,-0.0006960018560049352,0.01224489795918382,-0.0016648168701443034,0.0006920415224913601,0.005123152709359591,0.004809137360985982,0.00025654181631629136,0.0033311125916055673,0.014478987149390221,-0.0018769943064507189,-0.0007459903021261871,0.0025404890441409478,0.0014171833480955964,0.006151007227433558,0.0020138733497427896,-0.004362226351078524,-0.00011840625185011167,0.00828676045480825,0.00016691704223004145,0.00626790830945545,0.005227998838222447,0.0025855700566363993,0.0038619979402676474,0.007670326364866975,0.009170653907496051,0.005934718100890191,-0.0014114326040930436,0.002338530066815281
2016-05-31,-0.004882909815645209,-0.0026400150858004734,-0.023757932208636423,-0.005376344086021501,0.007643135075041885,0.004495159059474396,-0.00999803960007839,-0.01066905972679233,0.0032059502436521115,0.0036520584329349237,0.0016720171214552604,-0.0003134206732277045,-0.01366181410974232,0.0006335128286347746,-0.0032725986202016832,-0.0024453614549901914,-0.004019651630192023,-0.0096551724137931,-0.0033749777961986638,0.012996941896024516,0.002336448598130758,-0.017262858159814876,0.0026004045073679816,-0.004789389659830556,0.004103616311874836,-0.0024626865671643072,0.005531410509679979,-0.0025565388397247313,0.0004240282685512575,-0.010998777913565294
2016-06-01,-0.014019627478469965,-0.002930610701455838,0.0020610384462940168,0.004054054054053902,-0.0033098882912703242,-0.005163511187607606,0.0012871287128712883,-0.007055029227978293,0.010098427713153502,-0.003969566655640078,-0.0005207985577886376,0.003072485578129003,-0.0021949742658189386,0.0022158911047800434,0.0007986511669180185,0.006434809253868634,0.0022421524663678305,-0.0006554153694904308,0.0021981939163497888,-0.002830188679245227,0.00024975024975026905,-0.005070626584570803,0.0014409221902016434,0.009254689042448083,-0.01072796934865905,0.006433754769207933,-0.009233791748526454,0.005520504731861164,-0.003955919751342241,0.002471354751741206
2016-06-02,-0.007515742433475525,0.010334692329572404,0.0034807372834426697,0.0053835800807537915,0.018679950186799577,0.006228373702422241,-0.005932957579353304,0.002030044660982666,-0.001012401923563666,-0.0019926934573231136,-0.005598161558399983,-0.00431330874538971,0.0043996055526054345,0.0031585596967782514,0.015162262812555394,0.0018267620642411497,0.0004474272930647949,-0.006640432857845546,-0.0038532218863003287,-0.007000946073793868,-0.002829796088223091,-0.00746268656716409,0.0034532374100719743,0.001956229367893414,0.0028401755744902335,0.01122426224633899,0.006742018639698699,0.002156862745098076,0.006382978723404209,-0.007956073509636896
2016-06-03,0.002046663937781412,0.003847597597597563,0.004178163184864081,-0.03480589022757696,0.01928823689214898,0.0017193947730398396,0.0012931463244802988,0.000303889789303069,0.014441347859133424,-0.003660565723793696,-0.01129966275679517,-0.022664490205926757,-0.005060040782418174,-0.004408060453400475,0.0023582845663376872,-0.017778453122625715,0.007155635062611854,0.0014855162168851965,0.0020233277791001925,-0.013147865853658458,0.016609631917202217,-0.019805611589950423,-0.005162030398623396,0.00634533251982905,0.009526261585993678,0.005880623346074865,0.0029545006893834103,-0.01800039131285469,-0.0011275546159267291,-0.0018072969614819634
2016-06-06,0.007250816993463971,0.002150135552023924,0.03548437745328936,0.006934812760055475,0.018390191897654562,-0.001029866117404632,0.005066560699384048,0.00030379746835440535,-0.0029970029970028955,0.006012024048096087,-0.00788193406354476,0.008929144986188797,-0.019356307879155987,0.00189753320683117,0.00880097594980822,0.00990099009900991,0.007326820603907658,0.0053564070869387415,0.010096210951419549,0.006564973933191887,-0.0004105090311986581,0.015902712815715425,0.00691842029403289,0.0036376864314295876,0.0033154807447079992,0.009573224203449193,-0.004124116260801225,0.00597728631201444,0.0025398617186396244,0.010976575761004748
2016-06-07,0.004055561188279544,0.006250000000000089,0.00022744503411686878,-0.011707988980716233,0.00510337607956024,-0.0010309278350515427,0.021251359098546807,-0.004353107916582388,0.0018787575150298608,0.0006640106241699861,0.0014108429444157355,-0.012033617725709989,0.005650592151095202,0.0063131313131312705,-0.0003455126544008591,-0.003370098039215619,-0.0011020498126514955,-0.0008196721311475308,0.004880056444026337,-0.0005754843660080722,-0.0052566735112936636,-0.013812154696132617,-0.0025765817348982756,-0.0054367524465386285,0.011438739196746095,-0.008758595729279839,0.02050877538946949,-0.004357298474945481,-0.0002814919071075783,0.015334676516677748
2016-06-08,-0.0009088155104514106,-0.0028738296097153837,0.00811036155537015,0.0055749128919859725,0.016924879572972173,0.002407980736154114,-0.002226093689508213,-0.003152008134214457,0.006500812601575312,0.0056403450564033175,0.016194996512057136,-0.003415608687246219,-0.002540024630541704,0.0003136762860729281,0.0006048561306488676,0.0029203811865969875,0.005075022065313295,0.0017227235438883604,0.002984026680709073,-0.001151631477927073,0.014945091239369157,0.010644257703081195,0.01176808266360485,0.0040087463556852665,0.0017592359889420095,0.025266540090550738,-0.004444444444444362,-0.005370996618261459,0.0035196395889061094,0.0008819314298313952
2016-06-09,0.007176066302809758,0.014038676087764879,0.0007518796992480592,-0.016632016632016633,-0.012162335168352412,0.0,-0.0027160733339800514,-0.002039983680130586,0.009315612967333298,-0.002309468822170868,-0.000551868951314316,-0.009505949301603756,-0.0022378269928234884,0.0015678896205706394,0.010362694300518172,-0.007662835249042099,0.0046103183315038265,0.005568749488166436,-0.007525376268813444,-0.008070714834742532,0.008623494956069067,0.015151515151515138,0.0017021276595745594,0.006291591046581946,0.005770195684897228,0.0019943019943020612,0.008346273291925499,-0.017199999999999993,-0.0026655443322110006,-0.0013217314682234527
2016-06-10,-0.008228800802809855,-0.0025671587054184597,-0.014725770097670954,-0.025369978858350906,-0.014644893727319808,-0.003774879890185323,-0.00807314463573583,-0.005110384300899384,-0.0002461235540242024,-0.006613756613756627,-0.012565318105909551,-0.021414115035581438,-0.0036349574632636994,0.003130870381966133,8.547008547021839e-05,-0.014054054054054022,0.005244755244755206,-0.003501913836631676,-0.009228237230353264,-0.0027121270825262167,-0.0012098725600904192,0.003094284674190151,-0.0005664117813651837,0.0003607069856919054,0.005986530306809623,-0.010235996588001117,0.013859480269489799,-0.016280016280016185,0.0007033338022224278,-0.0076100143377081375
2016-06-13,-0.015076393807548216,0.0012868829855685604,-0.009303034924508125,-0.016630513376717282,-0.010522162304353544,-0.006544953496383066,0.001176701313982953,0.002362851859461612,0.004554406696208879,-0.006990679094540653,-0.0017867128575131952,-0.008406164520648463,-0.00776216719708156,0.004057428214731651,-0.0018801811810956748,-0.008928571428571397,-0.019130434782608785,0.005148741418764313,-0.008483626008543022,-0.026029526029525907,-0.0019381409997576426,-0.0036291054255126465,-0.01558515160102003,-0.007572115384615552,-0.0034713612695264073,-0.008259120942258003,-0.0018986140117713823,-0.007654116673562306,-0.0085746415518696,0.006779284285396647
2016-06-14,0.0012327922745016817,-0.012026071789222437,0.0044642857142858094,-0.025000000000000022,-0.004918250697860005,0.004160887656033285,-0.008031341821743365,0.008506713129035726,0.009802720254870723,0.02044921220248086,0.001871891566923578,-0.016416604992262607,-0.020261284518501177,-0.000932545850170996,0.0028255843822244664,-0.018808281966176787,-0.0017730496453900457,-0.0039027563216520456,0.0028720157960870907,-0.006182688472277653,0.011246864633061016,-0.014387179020214913,0.007196315486470928,0.009446530216785876,0.004727544165215258,-0.001593163878629844,0.007989347536617952,-0.022722534917656745,0.005954912803062484,-0.0017661993597526404
2016-06-15,-0.0032833983172583237,-0.003623861735736811,-0.0026053639846743692,0.006033182503770718,0.0028052364413571063,-0.01070441988950288,-0.006417851500789995,-0.0013211382113822445,-0.010678315738381183,0.008869908015768813,-0.00144561882032046,-0.0002052123948286244,0.010300223570744116,-0.016490354698195375,-0.0060621584699454,-0.0017719072164947836,-0.000666074600355282,-0.0021222757325932706,0.0011335839150408145,-0.0028095524784266246,-0.009121459433509393,0.0035107169253512094,-0.005715918833952616,-0.004799040191961534,-0.0022288261515602814,-0.004424457822586603,-0.002830722777882544,-0.002133105802047841,0.0023960535588443133,-0.0029857348225147406
2016-06-16,0.0042207123738933205,0.004289844260001896,-0.006069452980946521,-0.002248875562218866,-0.0010656720394298658,0.0076788830715532885,0.00437245354268101,0.0011193650147551804,0.012265423770391193,-0.0022793878215564556,-0.010844179789399,0.0032156540777230624,0.00655970915988302,0.0025308446694085607,0.001975775277038183,0.004034210101662161,0.006665185514330263,0.0017995910020449646,0.012693682955899899,0.014087341517408092,0.008155684754521886,-0.015466764868348415,-0.0011497556769186623,0.005545509342977706,0.004964010920823991,0.010199621156928407,0.011733535200605605,0.0014963659683624453,0.0025309336332957066,0.01175687666370906
2016-06-17,-0.02275756022552533,-0.006964434952177578,0.0034783953003014734,0.0067618332081142984,0.012535004667289185,0.002771042604780005,0.004947066389630939,0.006302093921528806,0.005452562704471031,-0.0013054830287205776,-0.02761477390403866,-0.006751687921980554,-0.0017273869346733361,0.0022088987062165444,-0.009945130315500705,0.0009643201542912649,-0.011476495254910679,-0.0016330529925696613,-0.005825928323427321,-0.005159753919428467,0.002002402883460208,0.004488498223302884,-0.015251798561151109,-0.003356911641290039,0.005927389478883605,-0.006995528631184134,0.005985783763561514,-0.005336179295624355,-0.004908835904628206,-0.005481254110940581
2016-06-20,-0.0024126717717403157,0.004488498223302884,0.022569711908796863,0.010447761194029681,0.00658501251152388,-0.005181347150258975,0.01023924387122177,0.005757575757575628,-0.01181007471679929,0.007516339869281019,0.0026695065672701634,0.014487778082944436,0.003775365738555969,0.012909319899244265,0.009179078628333892,0.0014450867052022698,0.004242018307657913,0.009405414247158017,0.013555108322481413,-0.0011968880909635216,-0.0068745003996802945,0.0121020294172407,0.008182349503214503,-0.0010826416456152232,0.0012275963663148648,0.006028033989396553,-0.00037188545927857586,0.007081545064377748,0.002114164904862381,0.0044091710758378255
2016-06-21,0.008517350157728698,0.018804691863712586,-0.00926553672316377,0.005908419497784312,0.0007850320554754209,-0.0010416666666667185,0.006139752460773806,-0.007532389273877671,0.0,0.003567953292247905,0.003894467024485593,0.004060913705583813,0.0009402914903620108,0.004662729250854758,-0.003089068131113759,0.009299342632675955,0.003334815473543973,-0.006400907470426209,0.0008176137359108271,0.02236868384262025,0.0002414681262072893,0.00754231052244303,0.007246376811594235,0.004455684007707017,0.0071113290828836995,-0.002382327461738498,0.006324404761904878,0.006392499467291701,0.005063291139240533,0.0044995610184372925
2016-06-22,-0.003753518923991228,-0.0003654970760232912,0.0019008515815084337,-0.0007342143906020615,-0.0007844162635637364,-0.001737921445950641,-0.009201859744285001,-0.00030358227079529954,-0.002073170731707319,-0.005171299288946329,0.00224297483354019,-0.0014155712841253942,-0.0010959762016595764,-0.0009282178217822068,0.0024100533654671796,-0.003812549642573493,-0.005982716596499071,-0.016390768979858028,-0.0008169457898116184,-0.003907013088493727,-0.005069606501971524,-0.003651634106262569,-0.008057553956834607,0.0019182352235942446,0.005600194789384005,-0.002098559953686907,-0.0012939001848428777,-0.005504975651069222,0.0040582143856704445,-0.003933136676499527
2016-06-23,0.005756148613291545,0.018921389396709287,0.013508385823783886,0.031594415870683346,0.023420122988355274,0.017409470752089096,0.021018672401994287,0.002328170867496704,0.002688500549920647,0.013320337881741473,0.006193083451799586,0.030511678142297827,0.005407523510971846,0.021678538247135393,0.00789970805426754,0.021368202838462746,0.004904146232723949,0.004891394461946419,0.016819482567307364,0.018042753481074536,0.0013749595600129894,-0.008246289169873577,0.003481288076588429,0.0076582505683857605,0.01404358353510915,0.009354604786076859,0.011845271145659808,0.020012774111134668,0.004878048780487809,0.006910167818361179
2016-06-24,-0.02809573361082196,-0.028707275500134632,-0.052639460876076516,-0.07407407407407407,-0.06635131679877271,-0.0503080082135523,-0.024320183837610032,-0.03332660068672988,0.004631322364412105,-0.043924334722667546,-0.04150404968735566,-0.07074544739944966,-0.014732247252318809,-0.043649590785086456,-0.014908843073777489,-0.06947697111631534,-0.025510204081632626,-0.014602755548222102,-0.02866004250186671,-0.04006935079946061,-8.076892011954495e-05,-0.028270509977826985,-0.017924255565192393,-0.02315639472746689,-0.008595988538681931,-0.01365040591996558,-0.004389976220962155,-0.045919432268837324,-0.001941747572815511,-0.02625272331154682
2016-06-27,-0.0145610278372591,0.005726424679043163,-0.030192854884603215,-0.06307692307692314,-0.022593454744625596,-0.015855855855855916,-0.015112855740922582,-0.01399916422900127,0.01892514861094252,-0.016767270288397085,-0.005925277291301878,-0.016565628084026618,-0.013686708860759511,-0.026307448494453323,0.00795641269566727,-0.03338926174496648,-0.003414523104939615,-0.026289350301406555,-0.011412015137180709,-0.028095524784266468,0.03295638126009681,-0.013310515307092707,-0.005004415660877282,-0.01252127400923897,0.012283236994219626,-0.0013110933061400987,0.0056953885724784215,-0.015313935681470214,-0.006392440244580189,-0.005929074840586246
2016-06-28,0.01684050412863969,0.017540637340435206,0.009698451507742512,0.04269293924466333,0.015970860184925773,0.017575979494690586,0.012654444001594323,0.017694426785335837,-0.0005953089653529808,0.02114597544338337,0.014857444871832604,0.02078704035553014,0.02294056308654846,0.01529947916666674,0.01441441441441449,0.033153966325290884,0.009136592051164794,0.018916595012897774,0.014354925533823781,0.02085484204005783,0.0045355020331561136,0.023125843129697454,0.018934911242603603,0.015142188846485105,-0.00023792529145838515,0.011669462475384584,0.00146145414687604,0.0242168407020662,0.00013986013986011514,0.023069997749268545
2016-06-29,0.008654770808847134,0.019855595667870096,0.025022197110339706,0.03858267716535435,0.02357970215113081,0.01691255847427131,0.01761290957394479,0.009682457053618032,0.0025017869907077994,0.020374081496326024,0.005685270375835438,0.021697914472298407,-0.0012546067591938659,0.023725553061878735,0.009303899179565311,0.02822580645161299,0.005885015844273367,0.008354430379746702,0.011380387994575303,0.02224919093851141,-0.0055270122995485504,0.03842531550197781,0.016550522648083543,0.017584283288867297,0.012375059495478347,0.013048806863239948,0.004377964246625288,0.018872017353579018,0.013284855264997786,0.01704982950170497
2016-06-30,0.012711864406779627,0.005398230088495604,0.0226789510985117,0.006065200909780133,0.021285194665229712,0.015215852795470663,0.013633726551924186,0.008661579707156086,0.019489007724301954,0.030441898527004962,0.011996720321063137,0.021168384879725277,0.002512365549187434,0.02724710303789535,0.016508841029079013,0.015522875816993409,0.020027002700270025,0.007113565988785764,0.020988805970149294,0.012465373961218829,0.020743639921722234,0.0012697261019409822,0.00571265352756356,0.009057323322607669,0.01574988246356379,0.004839168801593852,0.014166363966581885,0.0076644666808600714,0.007728401876897717,0.013843824356478462
2016-07-01,0.0030334728033474256,-8.802042073763339e-05,-0.001386001386001423,-0.012810851544837965,0.008442158026645608,0.003834088532589819,-0.006486692740627631,0.0021468002453486346,-0.0018650192330109672,0.0003176620076237313,0.009551831478401773,-0.0022210257100552244,0.015114730989114422,-0.0015243902439023849,-8.244023083259222e-05,-0.014320193081254984,-0.0046326935804102964,0.0004985873358815951,0.0023983554134308083,-0.00019542700801256085,-0.00513803680981606,0.00742753623188408,0.01022436807725069,0.0012991614503365945,0.006017125665355172,-0.0024079320113312708,0.006984240687679,-0.006338474540460548,-0.002875924404272756,0.0010667804565820393
2016-07-05,-0.009385754510376487,0.002024647887324038,-0.020973089675379697,-0.027480916030534264,-0.027076520601700516,-0.016319444444444553,-0.005568891022563749,-0.003774354789350287,0.015181595235314926,-0.0012702445220704739,-0.00754663850756776,-0.02563237774030358,-0.002083011880882668,-0.0021374045801526576,0.008079808722895487,-0.02791380999020565,0.006870567375886649,0.002990033222591393,0.0005127036572860622,0.0001954652071931573,0.00878748169274668,-0.007372774680812766,0.006747258926061317,0.007784854918612805,-0.0025304807913503202,0.004969473235836963,0.005335230304108096,-0.017435679353604128,0.00453234445817885,-0.008738277919863702
2016-07-06,0.005684808927255647,-0.012562593340947004,-7.875876191232312e-05,0.009419152276294973,0.0060500134444743114,0.013766325450053074,0.009751858646326106,0.008191685439279173,0.0034510525710340634,0.009220985691573924,0.005788137156152118,0.007822776047075264,0.01716273676072677,0.008873929008567982,0.0030260898012595128,0.01074727120067176,-0.0035219018269865288,-0.0010765154024512391,-0.002676080396287639,0.004103967168262779,0.00015282341254674314,0.01086956521739113,0.0013962580284836434,-0.004798689138576728,-0.005996309963099633,0.005792596778751102,-0.0047762250132673545,0.00952174853927712,0.00929723817336603,0.011502902601591147
2016-07-07,0.0042918454935620964,-0.001779359430605032,0.0016540642722118193,0.011664074650077794,0.0029399973272752344,0.0006963788300835549,-0.014629948364888179,-0.0005078204346942172,-0.022240055026940264,0.002520478890989386,-0.002411949729889895,0.00975408709987624,-0.003116211902409294,0.00697603882317277,-0.001060013046314423,0.00647948164146861,-0.003976143141153021,0.002404045428168855,-0.0016556291390728006,0.0,-0.019558407823362933,0.0021505376344086446,-0.0025097601784717094,-0.0023521110196401684,-0.018561484918793614,-0.011097064194409256,-0.015641663704230258,0.003215434083601254,-0.003928474668111526,-0.012009777872250105
2016-07-08,0.007713154054617588,0.013012477718360005,0.02296139026499966,0.012298232129131392,0.030912724850099993,0.018093249826026447,0.016690926734594935,0.012295498424956808,0.00844178684488206,0.011942174732872513,0.01487430365070841,0.02299319727891147,0.024245196706312866,0.02409638554216853,0.0027752836503140976,0.020633872565203104,0.006431581281880705,0.003225272907707577,0.01286670097786935,0.01790579992214858,0.012467856307956104,0.014306151645207432,0.009784735812133016,0.011080985500412588,0.0073286052009455815,0.0033380681818182545,0.009389671361502261,0.0211538461538463,0.004215966272269833,0.006239242685025959
2016-07-11,0.0031030202730657486,0.008886151680450594,0.014989622568990502,0.0030372057706911093,0.00555770970660463,0.005809979494189932,0.005917724539467484,0.0036137321822926616,0.0,0.00031055900621113075,0.013123798378333218,0.012036175023274476,0.006029477445288034,0.011176470588235343,0.0006512006512007229,0.00711628659226915,0.004186866460996086,0.005687907015085258,0.005024841915085787,0.005544933078394099,-0.0018471484645579128,0.001939351198871675,0.0008305647840531893,-0.00023318176518594136,-0.0023468669326449643,-0.006724711545267992,0.0005366726296958113,0.00606821510776312,0.0029794149512458734,0.0037417147744280843
2016-07-12,0.00453701794184358,0.012470567716054592,-0.009315358982126543,0.024981074943224657,0.02570694087403602,0.006116207951070374,0.013189107125913369,0.0022004400880175634,-0.018253691431229013,0.001552312946289991,0.007301980198019642,0.031079571588146226,-0.002293747687754366,0.016288539848749117,-8.134710811036339e-05,0.01493496065521116,0.00021944261575601587,0.002049180327868827,0.006460311218470904,0.011789313557710512,-0.018197239571285384,0.02164349815238431,0.0024896265560165887,0.0,-0.002352387673488665,-0.0032782212086657214,-0.008224566422313617,0.00561564059900177,-0.010667026735079799,0.011289807221216419
2016-07-13,-0.005645657975774987,-0.0007751937984494806,-0.005351272838467924,-0.00738552437223039,-0.0013784461152882566,0.004728132387706863,-0.001217456452519139,-0.003193612774451182,0.007224064424443455,0.0030998140111593298,-0.004136462300855959,0.006372673973999543,-0.00949273212696533,0.002003434459072695,0.0006508298080052377,-0.0006329113924051777,0.003510311540149358,0.004662576687116449,0.0002790801518197661,0.005638037962788944,0.006597031335898729,-0.0012056493282810443,0.0019315673289184154,0.0016326530612245094,0.004244282008960321,0.011583011583011338,0.00955471425996035,-0.001654601861427074,0.004776852736454229,-0.0007372301211164833
2016-07-14,0.01982037782595225,0.00853374709076804,0.011067558219967744,0.015625,0.004642991592420653,0.0003361344537815558,0.00046882325363339916,0.0009010812975571714,-0.003527336860670194,0.008343634116192877,0.008663705653342069,0.0292553191489362,0.007337526205450695,0.005427020851185516,0.0014634146341463428,0.015199493350221749,-0.0010931351114998877,0.009037616023449102,0.009430277328274173,0.004298262007101483,-0.007255988140750458,0.00862217623728223,0.016799779675020554,-0.00023285597857725104,0.004226344212256317,-0.004523607577042621,-0.0028571428571427804,0.013880256888336273,0.0010866612333604309,0.0007377740303542435
2016-07-15,-0.00010122482032604019,-0.0015384615384615996,0.006385404789053473,0.00073260073260073,0.008118910816887315,0.002016129032258007,0.003092783505154628,-0.0017005101530459532,0.0020058997050147465,0.007661661048115276,-0.0002310410437618149,-0.005537098560354448,0.0017838561022744948,-0.003693181818181901,-0.00146127618119829,0.0009357454772302987,-0.0013131976362441566,-0.0025821027999677337,0.0027639579878386833,-0.0007443245254931119,0.0026721156868909635,-0.010600102581638016,-0.004062838569880767,0.001630371491790017,0.0028057049333645168,0.0034791252485089075,0.0,-0.025132815692684884,-0.0004070556309362372,0.001790416008425444
2016-07-18,0.010629682121886974,-0.004451292586885813,0.007855578215877568,0.03294289897510971,-0.011027134184115939,0.003018108651911433,-0.00878258432215262,0.003507014028056199,0.0038860103626943143,0.0009124087591239061,0.023884289656485036,0.010455332838406495,0.011574417569372386,-0.0005702879954377904,0.0011382113821138962,-0.003427859146151513,0.0,0.0015370924682469589,-0.0015986769570011106,0.004841713221601429,0.005251606834927092,-0.002246414377051975,-0.003535490889312043,-0.0009301244041390877,-0.0009326183259500409,-0.004103870374301377,0.0016117478510027095,0.011947180884510633,0.0023075878919505133,-0.0031539108494534895
2016-07-19,0.000400681157968652,0.009200343938091216,0.00921831672037765,0.010630758327427436,-0.0010022550739162694,0.00033433634236046395,-0.00047129795456679613,-0.006789815277084443,0.0015249266862169542,0.0006077180188392983,0.000278810408921748,-0.011755341945754116,0.004694146985477321,0.0028530670470756636,0.017134968328731626,-0.0015634771732332409,0.0,0.021809369951534707,0.0007177958146982188,-0.016123054114158597,-0.0012475633528264973,0.0003463803255974174,0.0,0.002792971022925528,-0.0018669778296381834,0.013072824156305618,-0.004112283211156753,0.0018641259320628656,-0.0024377031419285933,-0.0036912043872600053
2016-07-20,0.00090117152297986,0.00306722331089726,0.00044556661220851446,0.009817671809256634,-0.0006270378730874882,0.023729946524064127,-0.004243681629573781,-0.012566602995878196,-0.005387678613258284,-0.004555116914667479,0.004871185675794143,0.0022303450839478156,0.0031391444006425573,0.015362731152204878,-0.0008782435129740529,0.0010961478233635358,-0.002629848783694988,-0.003478260869565153,0.0009931582432132213,0.05311734789979261,-0.006870169412132143,0.0,0.0010917030567685337,-0.009864221886967672,-0.0014028524666822584,0.0030156392453888348,-0.0014362657091563369,0.004961753152780801,0.0017648655986968187,-0.0057161003493171325
2016-07-21,-0.0053021208483392535,-0.0015289221099126227,-0.008833135391923985,-0.009027777777777857,0.00401556029614758,-0.00163238654913489,-0.001894118761246344,-0.002138057422113593,0.005652378709373629,-0.0057962172056130745,-0.0035267078776352045,-0.010632379303950001,-0.009751837566407073,-0.03978705519753423,7.991050023981039e-05,-0.0037541060534960202,-0.0013183915622938525,0.008884658099317821,-0.006394002866277115,-0.0019674476837774346,0.00825406807640916,-0.013331024930747892,0.0008178844056707657,-0.0007032348804498767,-0.004448606883633799,-0.0010488043630262345,-0.004494786048184096,-0.006377288623739985,-0.003659032389212724,-0.0008516980730332024
2016-07-22,-0.00774414160716097,0.002467035304126064,-0.00044933722758933037,0.007708479327260154,-0.007874015748031593,0.004251144538914398,0.002561912894961438,-0.00306091215182136,0.012880562060889833,-0.016262657256827295,0.006455375724075729,0.0022492970946579316,0.0033071213346074213,0.011380215932302207,-0.0009588493807431986,0.005495368189668781,0.00836083608360827,0.008491901242333677,0.0009985576389659467,0.013799283154121822,0.01208482769374708,-0.004562203895420391,0.0008172160174340082,0.005395261552896935,0.013875823142050603,0.005739483446489668,0.013184034675817191,0.00041407867494824835,0.0004080522306855183,0.0017048481619605926
2016-07-25,-0.013379282383944813,-0.00823150033944331,-0.0039709297969581225,-0.0006954102920724292,-0.008692365835222926,0.0026050146532072826,-0.024512587544955555,-0.003274997441408134,0.0021965317919074856,-0.013100436681222738,-0.0023179854599093552,0.0006234025310143387,-0.0001464986815119529,0.0008655510675130706,-0.001119731264496493,-0.0026545908806997476,-0.0056731398647174025,-0.006705130204272436,-0.004489026823320752,0.0028283542513698468,-0.0024651413604498407,0.007227216640225631,0.0010887316276537717,0.0009332711152589823,-0.003943400603108382,-0.013640476024775583,-0.004099821746880616,-0.004139072847682224,0.002719238613188235,-0.01925327092862461
2016-07-26,-0.006883090199301445,0.0008556515786770635,0.014367383782157406,0.011134307585247027,0.05159486592959728,0.002923026956804131,-0.003783836227806203,-0.0071875962624500245,-0.010843234513784772,-0.00537294563843238,0.00017161263068965482,0.00404959192573684,0.001831501831501825,0.01153070049005489,0.0020818320121707146,0.004070768749021347,-0.015141540487162541,-0.044662480376766234,-0.010966987696932606,0.0005288207297726721,-0.008185960305815088,-0.01347567378368919,0.0013594344752583254,-0.006177156177156196,-0.013041453190498209,-0.0002116700769068114,-0.018972614999104964,-0.0031172069825435855,-0.0002711864406779174,-0.007266811279826535
2016-07-27,0.0649632771283748,0.0054714884158331145,0.008231368186874422,0.006882312456985673,0.01631419939577028,-0.0038860103626942033,-0.004090377873003481,-0.0037232392181197893,-0.010728862973760966,-0.006037496027963107,0.005701841219560633,-0.001054852320675037,-0.003217550274222991,-0.0074095183813053245,-0.0030363563723532216,0.003118665211289562,-0.03297682709447425,-0.01832224139347627,0.0034335247101204835,-0.01004228329809731,-0.009810791871058155,-0.010289160901188588,0.0005430355688298416,-0.009499237715491993,0.008966493629070316,-0.00014114326040914893,0.009304871373836843,0.0006253908692932519,-0.005560830055608479,-0.006773735387304747
2016-07-28,0.013501699854298277,-0.008162571209931024,-0.021697558105325254,0.0034176349965822084,-0.014030915576694336,-0.007802340702210753,-0.004596127518091131,-0.0043600124571784304,0.004361664505481588,-0.0009590792838874984,0.005078940115752495,-0.002857320330455382,0.01210476120607451,-0.0017226528854434875,-0.002484571611765629,-0.0035753147831494303,0.005760368663594528,-0.0005021760964177835,-0.0016267459471589474,0.00035593521979015996,0.0019658724541951056,-0.006094282129413764,-0.004884667571234735,0.004143973478569762,-0.004209541627689384,0.007622811970637855,-0.008315256688358641,0.0027083333333333126,-0.0010911074740861393,-0.007809921900780892
2016-07-29,-0.0012459267778417438,-0.007543934847835443,0.004886850612735971,-0.012942779291553075,-0.0019295706705257931,0.000327653997378885,0.006778661951075682,0.00041705765822142027,0.004577464788732444,-0.0035199999999999676,0.03329677217173299,-0.010714508191615235,0.002029573789504191,0.0025884383088867757,0.006186726659167752,-0.002028081123244818,-0.00045819014891168575,-0.014821637916596853,0.0021350713563323964,0.008361501512186509,0.006827813530057902,0.0009017132551847329,0.005999454595036813,0.009197028652281558,0.01667449506810703,0.0030820958251611685,0.010025519504192504,-0.0033243299397466286,-0.0036865101037684145,-0.013858093126385862
2016-08-01,0.01765665483159018,0.010970026777230801,-0.00336675145892551,-0.011042097998619771,-0.00978733687771871,0.0065509335080249365,-0.03288446526151445,-0.0042730588848358675,0.000701016473887206,0.00032113037893388707,0.012131321555842067,-0.003967004596687862,0.0038339120370369795,-0.0002868617326448053,0.0013575021959595368,-0.0026574957011099576,-0.004125601650240673,0.0030599235019124205,-0.00039246467817910524,-0.0017642907551164155,0.0016369163613687565,-0.001621621621621716,0.011385199240986799,0.009580558476457446,-0.002541002541002535,0.0021648044692736956,-0.01642302833423559,-0.0033354179695642694,0.011100452240646819,-0.034738617200674615
2016-08-02,-0.014804337576614701,-0.0025632262474368783,-0.0120861797162376,-0.013956734124214831,-0.008663819402074502,-0.0035795639440285854,0.004843103622238054,-0.005547414695415531,-0.0010507880910682887,-0.0032102728731941976,-0.001023797038479879,-0.013402452901757567,-0.011169561144339646,-0.008321377331420354,-0.004385964912280826,-0.0023510971786833146,0.0018411967779055072,-0.0026268960257604945,0.0003926187671772219,0.0,-0.006770428015564267,-0.008843169103049942,-0.024390243902439157,0.004050457123018214,-0.0004631773969431263,-0.0023691728799386524,-0.00917431192660545,-0.002091612633340345,-0.00880997560314456,0.013743303051479305
2016-08-03,0.012538284839203717,-0.008651704642795854,0.002051671732522964,0.024769992922859085,0.009724273756770208,0.003265839320705455,0.010241992167888236,0.011367224502683904,-0.0047919588592799656,0.0025764895330111504,-0.0014997750337449878,0.014609765474817404,-0.001166010785599747,-0.00896990740740744,-0.007609130957148436,0.01586802827965439,0.0025269928784745765,-0.0015293118096857405,0.00011213276519383975,0.006892895015906619,0.003604168298989352,-0.003095411507647472,-0.030494505494505497,-0.009105578607653375,-0.0004633920296569505,-0.0020255640148074683,-0.0018518518518518823,-0.0029343953049675298,-0.002598112949541931,0.005170036764705843
2016-08-04,0.0007562151432081166,0.005962153287825123,-0.005004929096837807,0.0,-0.0031695721077654726,0.0026041666666667407,-0.0021866613656693623,-0.00967842647517958,0.0010569583088666512,0.0012849341471250497,-0.002090321934611672,-0.001831501831501825,-0.007369035458922979,0.009635036496350224,-0.0003228410008071503,-0.0015465511908443474,-0.0029789184234647603,0.006637168141592875,-0.003195425496131832,0.007372301211163723,-0.004996486845186943,0.0007305936073058739,-0.0039671294984414684,0.0009305571711062388,-0.0013908205841447474,-0.0011898096304590045,0.0005565862708720726,0.005675846121505179,0.004935563476830218,-0.00011429877700297464
2016-08-05,0.01520732974402561,0.001374334306820213,0.003963112567639593,0.03936464088397784,0.00966124495536258,0.007792207792207684,0.0011953381810938524,0.007040773434216163,-0.011848897231346633,0.0035290343278793213,0.012141737221699422,0.025561531161024886,0.00632120543917658,0.011567379988432602,0.003067979977393831,0.02695167286245348,-0.0006894966674327874,0.007692307692307665,0.004274225296664991,0.00993204391008895,-0.011455472734405725,0.01934659609417788,0.008250355618776739,-0.003137710633352664,0.0018570102135562205,0.0019620208815078755,-0.005377340997589464,0.017558528428093467,0.0062755798090041726,0.0009144947416552807
2016-08-08,0.008280610346110828,-0.007291130554125891,0.0034919911941091453,0.0053156146179402786,0.01065891472868219,-0.0009664948453607103,0.00686498855835227,-0.0008348116456224908,0.006054849815980035,-0.00031969309462920315,-0.0021067502757363687,0.004565364920723125,-0.0051128478562558755,0.0017152658662094034,-0.0047488731487442815,-0.003016591251885359,-0.0009199632014719183,-0.00771747336632822,5.6000448003690195e-05,0.0017253278122844051,0.0,0.0023276633840643157,-0.014390519187358897,-0.00023315458148742696,-0.005329008341056429,-0.006014406601860367,-0.0009321401938851004,0.004724732949876742,-0.0056941431670282094,0.011763362265874822
2016-08-09,0.004060164252099208,0.0016417523546183865,0.003328542249791955,0.003965631196298558,-0.007310642377756471,-0.0022573363431150906,0.0011857707509881354,0.009608355091383913,-0.00011800802454553505,0.0009593859929646342,0.002794232703699606,0.0037462384081556888,-0.000734160487482538,-0.003424657534246478,-0.0017792155276991073,-0.0034795763993946682,0.0006906077348065587,0.0001690759996617608,-0.0010639489304514749,0.0024112986565620886,0.0006349710294468736,-0.003751339764201389,0.004294302891497237,0.0026819029850744247,0.0034940600978337066,-0.0021811018082037448,0.0013062138458665995,0.0004089143324474964,0.0028633760567220445,0.0013545546901454486
2016-08-10,-0.007444168734491385,0.002760524499654915,-0.0026389203046067733,-0.02501645819618159,-0.0021731256791016618,-0.0029088558500323103,-0.011646269245953356,0.012309920347574277,-0.011094063495810214,-0.000958466453674145,0.0012508049734978322,-0.007648066568771372,-0.003746969363015329,-0.011168384879725046,-0.0005671230657052773,-0.008957036587217249,0.0032206119162641045,0.004141661736116964,0.0024104490162004666,-0.003092783505154628,0.002379630364083507,-0.01147570378339613,0.0014253135689852314,0.0037213629491801292,0.002785515320334442,0.002608940911013935,0.002795378307864471,-0.015328019619865074,0.005438477226376692,-0.025927178446623844
2016-08-11,-0.0006481481481480644,-0.003011011699931121,0.005442999697611084,0.004726536124240344,0.007138535995160122,0.0032414910858995505,0.012582384661473878,-0.0009196811771919888,0.0014321518080915308,0.0006395906619762748,-0.00035869336664640095,0.010296565756211962,0.010619469026548645,0.004344048653344812,0.0033236057068741776,0.0027573529411764053,0.0032102728731941976,0.004882154882154932,0.012191030086120103,0.004825922095828883,0.005143625860568157,0.029022310901505532,0.000569313976658048,0.0048661800486617945,0.0043981481481480955,0.003094451086574246,0.0009291953168555356,0.001245330012453305,-0.0020283975659229903,0.00358754773753045
2016-08-12,0.002316316130825502,0.00526361204590553,0.0007518796992480592,0.002016129032258007,-0.0028832292167226825,-0.0025848142164781596,0.007495069033530477,-0.009512120282295089,-0.005005362888809484,-0.0015979546180888704,-0.0014229151200199075,-0.003722690101306103,-0.003429655575014623,-0.003171856978085308,-0.004443726266461945,-0.0021387106630003094,0.006399999999999961,0.0011727257497067267,-0.0040331491712706224,-0.006174957118353364,-0.0018107384663831327,-0.004935660144544274,-0.004836415362731161,0.003574311080364323,-0.002535146347084516,0.0017527869312206068,-0.003898997400668458,-0.0070480928689884426,0.0012195121951219523,0.013030442804427889
2016-08-15,0.012017008689221731,-0.006094420600858297,0.011720510894064562,0.007377598926894713,0.013855421686747027,0.010366051182377767,0.005971025841816857,0.002684840974803704,-0.021918792669780807,0.0,-0.0013505978563904675,0.014088820826952508,0.0035879036391595065,0.009835117153601303,-0.00738516474598272,0.006123698714023407,0.004769475357710773,-0.008366800535475227,0.0016086980640150905,0.003106662064204402,-0.011593974288193198,0.005668733392382608,0.0037164093767867445,-0.00022977941176482997,-0.006007393715341869,-0.00881858902575583,-0.0007455731593662973,0.007724425887265296,-0.007714169711733776,-0.0004553215708593683
2016-08-16,-0.0009134088417976916,-0.014422661715174034,0.00252487746918173,0.00998668442077233,0.0016636957813429554,-0.0022443090734209914,-0.0013622652525056012,-0.0022657054582904124,-0.014817536125397934,-0.0016005121638923425,-0.005918407861432273,0.000604047115674966,-0.006055742010798282,0.008593526210254998,-0.016188373804267853,-0.0001521606816798915,-0.00926763110307427,-0.004893688828889631,-0.007199822773593323,-0.0116999311768754,-0.010612831152250202,0.0019376431213669054,-0.009114212475078376,-0.005056308894507033,-0.024639702463970292,-0.0038130207597796284,-0.015855250886028793,0.0035218562253986896,-0.005864702673213262,0.0012527047033368266
2016-08-17,-0.0014627902724446695,0.0038555906063793,-0.002074074074074117,-0.0013183915622939635,0.0014236564242495753,-0.01285347043701801,-0.003994933255383359,-0.00010322047894295583,0.015413300186451151,0.003206155819172718,0.005279646525792714,0.00012073649260480046,-0.0005872421639873115,-0.005396194262993426,0.008144269924374559,0.002739309085375341,0.005247547342003278,-0.0071222655587587225,0.003402878500502249,0.002089136490250665,0.014597951447697488,-0.00035161744022504937,0.010060362173038184,0.004389004389004247,-0.0023832221163012646,0.004465551460164363,0.007771038665655761,0.0035094962840627186,0.000548772122376251,0.00216105550500445
2016-08-18,-0.001281816517121448,-0.001833100558659262,0.0020783847980998527,0.0006600660066007347,-0.012202345693638206,-0.0078125,0.013011152416356753,-0.0022710849592236793,0.01334312645366631,0.004474272930648837,-0.0033150405999353705,0.0023540773827488426,-0.009915534337128107,-0.0014277555682468135,-0.004781139230071729,0.0009106085900743022,0.0009078529278256919,0.000256191289496277,-0.0038361038527825464,0.0006949270326614965,0.009220985691573924,0.00615546957439328,0.001422879908935526,0.005519779208831732,-0.010989010989011061,0.00324606590925125,-0.005642279480910339,-0.0016457519029006162,0.01878513643219515,0.009079559641357315
2016-08-19,0.0025669233590026597,-0.006471359860078629,-0.004148148148148123,0.003957783641161061,0.0055169105301031696,0.001312335958005173,-0.011878319652341873,-0.0026901189860321084,-0.013650640251268387,-0.00572701240852691,-0.003861725319215248,0.0010237263639647498,0.0048961424332343295,0.007720903631684317,-0.006709185786465732,-0.0013646702047005466,-0.004081632653061162,-0.018099547511312153,0.0023998214086393688,0.00034722222222205446,-0.01480781348456206,0.02954029015906312,-0.0059676044330776445,-0.0014867337602927355,-0.009420289855072483,-0.000914398255609461,-0.007944013618308987,0.0024726973006388153,-0.02005383580080744,-0.012484534922955759
2016-08-22,-0.007772494513533235,0.008890062494498752,0.0040910443320441026,-0.0026281208935611255,-0.0029818702290076438,0.003604193971166403,-0.0037138389366692115,-0.005394750492789702,0.0029393753827311464,0.0022400000000000198,-0.003376477208778761,0.0001804728388377086,-0.0008858703676362101,0.0034052213393869213,-0.006587725150100088,-0.0009110233829335845,-0.004098360655737654,0.003564907399356443,-0.0030065141139136164,0.0008677542519959225,-0.0003197953309881374,-0.004074702886247894,-0.004002287021154793,-0.005268583209254496,-0.0024384296513045856,0.00035201351731917185,0.0019065776930409228,-0.00041109969167518745,-0.0015107814860596536,0.0021640091116172933
2016-08-23,0.0031333517648142184,0.0052346885360321505,-0.006296762723164817,0.011198945981554687,0.005024524464648961,0.011426705843943896,-0.0025505199136746093,0.001043079169708916,-0.005373061423861292,-0.002873563218390829,-0.00045172219085265475,-0.0010826416456152232,0.006502142751588558,0.0011312217194570096,0.0026021992780995706,-0.0004559270516717451,0.0025148605395519663,-0.0019927222318489868,0.003909085832356052,0.003814808392578417,-0.006158029430582301,0.016365496079099984,0.007175660160734676,0.0063327576280944875,-0.0014666340747981899,-0.0005630234358505737,0.0015223596574691634,-0.004523956405511176,-0.010041265474552974,-0.003068530514831136
2016-08-24,-0.007533302710151513,-0.005641381704565185,-0.006336663187714309,0.0032573289902280145,-0.010236876562313979,0.002582311168495721,0.005114083398898517,-0.0015629884338856925,0.0013505217925107171,-0.00032020493115603177,-0.0037534992907267695,-0.004696531791907543,-0.008515636470415533,-0.007062146892655385,-0.006111855324849369,0.002736810095788522,0.0,-0.0027780189252538667,-0.0020025588251655346,0.0010364484366902627,-0.0009656393337087454,0.010063737001006379,-0.007694499857509363,-0.001029748283752907,0.0004895960832311808,-0.015069361312583518,-0.0019000570017100316,0.0045445155959513706,0.0036126163679310874,0.0034199726402188713
2016-08-25,-0.004258076460242566,-0.002793052282447306,-0.002325755870657975,0.008441558441558472,-0.0037282020444979747,0.007405022537025019,-0.0030332681017612995,-0.0028177833437694755,0.0020843550760176743,-0.00032030749519529333,-0.0028981854838711074,0.003629764065335772,0.002739523174885239,-0.0017069701280225669,-0.0011793446213461678,0.00181956027293384,-0.00410490307867728,0.0048750761730651515,0.00094755030377347,0.0037963761863675227,0.0029802658074908894,-0.016273663234805613,-0.0014359563469269476,0.00675753063795681,0.004893564962074937,-0.018374204618574308,0.004188083000190357,-0.0051408595517170586,-0.013983109511283454,-0.006362190411270174
2016-08-26,-0.005856651482755382,-0.008927789934354502,-0.005639945856519724,0.01674179008370902,-0.002172863351038279,0.0019175455417066445,-0.00559426832858978,-0.003558346415489355,-0.022146090786736794,0.00064082024991996,0.0024263869581702124,0.00042194092826997043,-0.007900760540500595,0.004844685095468648,0.003963903179556416,0.0022703193582565007,-0.008014655369819157,-0.0085766265268995,-0.0009466533021496026,-0.002406738868832692,-0.02328943141663986,-0.004051316677920358,0.001438021282714974,-0.0036405005688282532,-0.009495982468955444,-0.004952658412236022,-0.012890995260663507,0.0026870607689126746,-0.0011232799775343638,-0.0021724216784815287
2016-08-29,-0.001122124555825721,0.005387264859136209,0.005066928836118922,0.0031665611146296513,0.005323009920154886,0.007336523125996752,0.0072048953809711325,-0.003571053460770801,0.006506506506506415,0.004162664105027192,0.0032777791785381094,0.005482918599746922,0.00662399523667756,0.008224617129892309,0.007392473118279508,0.01102385986106924,0.005078485687904033,0.008563439356868319,0.00607546959478289,0.0012062726176116367,0.005920078934385842,-0.006271186440677923,0.008328546812176985,0.008221055035396274,0.007866273352999054,0.004757722149026478,0.008258114077203782,0.02164502164502169,0.003654765251616565,0.0065314541079408706
2016-08-30,-0.007676465081445372,-0.0054462403373155555,-0.015726109857035375,0.02209595959595978,-0.007460890493381389,-0.001266624445851794,-0.003429691327780482,-0.00010540739959952194,-0.011437095972153144,0.0003188775510205577,-0.0049006056645976015,0.01492090124640466,-0.008502772643253276,0.0042194092827005925,-0.0037525016677785183,0.00821508588498876,-0.006890215893431306,-0.0005198405822214314,-0.0019390581717451116,-0.0036144578313253017,-0.009154814451528548,-0.010745352208766934,-0.006550840216462461,-0.008607021517553659,-0.002682926829268295,-0.0029139651781161513,-0.004380952380952374,0.02138821630347043,-0.0012605042016806678,-0.0036429872495447047
2016-08-31,0.0009433962264151496,0.001413177883766048,-0.01039675865759504,-0.0030883261272390827,-0.0064258001939864196,-0.003170577045022105,-0.011012782694198697,-0.004216740459624724,0.0017605633802817433,-0.004144086707045025,-0.0026139003939791294,0.0005313810001772445,0.0001491424310215983,0.005322128851540597,-0.0010881392818280489,0.0,0.004394079555966712,0.0026005547850207478,-0.005051346100471865,-0.007427880462946956,-0.0023098498597591277,-0.0060344827586207295,-0.002293577981651529,-0.0026273703449851693,-0.0002445585717778531,-0.005991086432380999,0.0011478859766596017,0.0035559067562227487,0.0018230262235310324,-0.004341864716636112
2016-09-01,0.0059377945334591065,0.0038807549832422517,0.0034762456546930665,-0.009913258983890949,-0.006101281269066505,0.004452926208651231,-0.003678663750248612,-0.002117298327334205,-0.004142606075822175,-0.001280409731113874,0.001962397923656267,-0.005606042723946714,0.0008201610498059786,0.003622178879910898,-0.002178649237472796,-0.004296296296296354,-0.0018420446695831538,-0.0022479681826040876,0.004128542735996277,0.002262443438914019,0.0004961137754257994,0.015437987857762403,-0.0034482758620688614,0.011453441759248673,0.001956947162426559,-0.0022785740536567234,0.004395184406650099,-0.0072834645669290765,0.019596864501679745,-0.0034427358274041753
2016-09-02,0.009369436896842442,0.011157968722544487,0.009699769053117757,0.0012515644555695093,0.0029465930018415243,0.007916402786573684,0.00718491168546076,0.0016974326331422596,0.011471070213034062,0.0028846153846153744,0.00691180187010354,0.003976025161711583,0.006853907472249343,0.0016657412548581885,0.0020154517971111563,0.004166046719238148,0.007151095732410573,0.0037261698440207436,0.004611623513723906,0.0013891300573016796,0.017603305785123924,-0.008882815169115044,0.002595155709342656,-0.0012456120484656275,-0.000244140625,0.0064093119198467274,0.0060882800608828,0.002379535990481907,-0.004667764964305321,0.006678949792722211
2016-09-06,-0.0002784739626845445,0.017899035537405572,0.013952424519670714,-0.01375000000000004,0.004774146162320969,0.0012566760917374076,0.014861785395818838,-0.006566405422580024,0.008723828514456633,-0.007670182166826467,0.013992244657221375,0.0008866296252512118,-0.007769145394006749,0.013580931263858176,0.0036037546094536133,-0.0007408504963697382,0.002977553825011414,0.012259345592678939,-0.0019357336430506633,-0.0010404022888850228,0.017542434824981745,-0.010513615994484748,0.0,0.0049886621315191615,0.006837606837606591,-0.004684869336066266,0.011913767019667176,-0.011078140454995,0.006896551724137945,0.013154884465797156
2016-09-07,0.006128133704735417,-0.0027315407597098273,-0.002631776825325338,-0.005069708491761693,0.019980506822611988,-0.002510197678067261,0.004393244166748023,-0.0009594882729211385,-0.004941932295527418,0.00032206119162636604,-3.7127793866442715e-05,0.0020079135416049,-0.009768829231916465,-0.0030079299972655127,-0.0011691022964509523,-0.004151838671411667,-0.0034254395980817254,-0.0028144989339019544,-0.003934389892496948,0.0008679048776254472,-0.0018357410806928431,0.0053997561400453975,0.002013229795800875,-0.007784296028880866,0.0009701673538686784,-0.007207472236522738,0.003737619136610082,-0.004400880176035238,-0.012876712328767081,-0.003725866546234635
2016-09-08,-0.026208933185677408,-0.004964478301806019,0.0019601930036190485,0.010191082802547768,-0.0021500238891541956,-0.010066058508965137,0.012052877138413853,0.004055063493757505,0.003352371492426176,-0.0006439150032195862,-0.006373841260411628,0.011728649731832519,-0.01152195195421346,-0.0005485463521668343,-0.0011704706964300593,0.0013400833829662062,-0.0002291475710356483,-0.006414642490591871,0.0019471488178024465,-0.003988900450919153,0.0025587717895410034,-0.026853776853776767,-0.003444316877152853,-0.001932916429789655,-0.0019384540828690788,0.003333580265204805,-0.0020480357475329836,0.0026120152702431287,-0.003191784623924554,0.009179510426110538
2016-09-09,-0.02264973464746023,-0.052129032258064534,-0.03288186606471033,-0.007566204287515754,-0.03291836246109647,-0.019701302828090128,-0.027372262773722733,-0.017748963758103975,-0.035391659448088086,-0.02996134020618557,-0.01788650291465299,-0.018000699056274105,-0.026817004418710932,-0.027442371020856227,-0.01037917468820615,-0.00892193308550182,-0.031171212468484977,-0.013686838254282518,-0.024764019988895103,-0.021243252655406608,-0.03605040676343907,-0.014954602100765602,-0.017857142857142794,-0.01754385964912286,-0.03593105122602569,-0.013437684583579412,-0.033208955223880565,-0.023647294589178358,-0.021300292356953965,-0.02481751824817513
2016-09-12,0.022398913992048852,0.009801252382248826,0.012370652765891332,0.010165184243964509,0.013986879564302557,0.01912479740680717,0.009677100819591278,0.013200605929452491,0.01706221937139185,0.012620391896379868,0.013113839285714413,0.014771311621285088,0.006654141224362142,0.018058690744920947,0.00786602385181423,0.006151537884470981,0.02176484504376619,0.01195671146796995,0.014005921202459692,0.01494396014943944,0.02010590766175757,0.012289896981745985,0.016129032258064502,0.023307050092764348,0.025182573659027874,0.014294267325250631,0.014473176379776076,-0.003694581280788145,0.02332859174964441,0.005181943804698275
2016-09-13,0.023805007587253568,-0.028399388873910247,-0.010451890562557797,-0.01132075471698113,-0.0206298828125,-0.012086513994911008,-0.027579462102689467,-0.010038445108927818,-0.0061806256306760066,-0.020990488684814568,-0.012643649382839683,-0.023734362212089355,-0.022318998366902543,-0.013026607538802581,-0.01300772071164813,-0.007903370116313813,-0.021069692058346745,-0.010521776627856805,-0.011398090960134777,-0.00911481156879923,-0.014194176332224862,-0.011426530976611282,-0.017604617604617623,-0.013597733711048221,-0.01817735200196513,-0.011657935512432771,-0.02130492676431417,-0.032550473836011506,-0.006672226855713115,-0.02382861725283547
2016-09-14,0.035386753126447346,0.002404957913236583,-0.00846536191363767,-0.005725190839694694,0.009846690764053312,-0.0019317450096586475,-0.010157900030172029,-0.004746494066882434,-0.0015230359182637487,-0.005025125628140725,0.0022061060959528422,-0.005029940119760545,0.004295259306395183,0.0002808199943835632,0.002125669585919532,-0.001954005711708895,-0.004020813623462627,0.003922252244400015,-0.002555801669790414,-0.0047762250132673545,0.004607536613460583,-0.004334477153693284,-0.002937720329024729,-0.0004595060310165211,-0.002001501125844296,-0.001941022769690104,0.0007774538386782215,-0.009369676320272524,0.0008396305625524292,-0.007158784180260502
2016-09-15,0.0339983895499687,0.006551628679523747,0.0007832693663349932,0.0025591810620599897,0.01246605776351517,0.010000000000000009,0.010973379394431992,0.0026013440277476985,0.004957417058599312,0.0016835016835017313,0.01362497786099226,0.011555127587867142,0.005544115317598575,0.026389668725435245,0.006533174953334386,0.0036144578313253017,0.005936832106387957,0.008334780343809634,0.005523288919257574,0.016530394596516063,0.005159705159705208,0.006167241066569851,0.005892751915144379,0.012067578439259874,0.014038606166959289,0.014361582766100778,0.009516410953583021,-0.007953568357695673,0.012304250559284302,0.005673758865248235
2016-09-16,-0.0056242969628795825,-0.00990099009900991,-0.008374422790952463,-0.01148691767708998,0.0002438132390587544,-0.01501117853720857,-0.016683417085427088,0.0006486486486487753,0.006956741715153036,-0.0023529411764705577,-0.00406874430563009,-0.012375059495478458,-0.006695022054190258,0.030361050328227446,-0.0032032369552389417,-0.01230492196878763,-0.005193578847969782,-0.007404856208024779,-0.008664137267115901,0.0010491344640672917,0.004807300578505647,-0.005228051198846173,-0.005858230814294152,-0.00011355893708842046,-0.006180469715698411,0.021089890126096744,-0.0019238168526355404,-0.015601300108342375,0.0064917127071824066,-0.012341325811001336
2016-09-19,-0.011660285415941551,0.011111111111111072,0.006156274664562034,0.006455777921239525,-0.0020719073735527838,0.005836575875486361,0.0020441537203597093,0.0007562662057043479,0.010677050621781037,-0.008423180592991963,-0.0032332042557990937,0.0012650602409638445,0.001427325350884301,-0.013538624900451435,-0.004989429175475735,0.005621391674263121,-0.0009492168960607561,-0.000607217210270683,0.009482463155489507,-0.005589519650655017,0.01151475835225435,-0.004168176875679497,-0.00854449027695936,0.003634298693923954,-0.0034825870646766344,-0.005705206904022431,-0.013107170393215073,0.012766894122826278,-0.01070399341292716,-0.0023801023444008917
2016-09-20,-8.804366966019828e-05,-0.005036630036630019,0.0024317540006275618,0.0006414368184732844,-0.0021983390327307006,0.0025789813023855412,-0.003467972256221974,0.0034546043398466786,-0.0036042754163558843,0.008154943934760572,0.005519304995033947,0.0015642861440345879,0.0042758729907355075,-0.0005382131324003225,0.002464728879823186,0.004079166037165738,0.005700712589073786,0.010762954604635055,0.004979628791308199,-0.002107851747760403,0.002645502645502562,-0.0014558689717926176,0.0047548291233285855,0.0023763720719700565,-0.0024962556165751826,-0.0015252760023243273,0.0013671875000000888,0.011953923060204374,-0.0016645859342488967,-0.015388285816533398
2016-09-21,-0.00017610284406088805,0.01334560515416472,0.021676187495109023,0.0032051282051281937,0.02166462668298652,0.00836012861736335,0.019754350051176983,-0.006024744486282985,0.02157914431832353,0.006066734074823055,0.0065643051839254785,0.0033639694839910916,0.010092249467791747,0.008346795907377524,0.008139041966935157,0.0057177249473368,0.004487482286254174,0.0041219407471018155,0.011204954954955104,0.01672240802675584,0.022147597345486547,0.00856570074722085,0.013901212658976592,-0.008805599458116986,0.015265265265265171,0.017749327125918368,0.011702750146284302,-0.015678694158075657,0.0030568292344033132,0.009207656893627236
2016-09-22,0.009423161602818197,0.019800181653042648,0.010033700980392135,-0.0031948881789137795,0.0003594105666706593,0.00956632653061229,0.0035129980929440308,0.011040155861023804,0.007448107448107422,0.006365159128978171,0.013564711874091806,0.005927078967850052,0.004995706814456158,0.0026702269692922,0.0046253469010175685,0.008228605625373975,0.010110510228074299,0.00367741383733855,0.001447742079180303,0.0010387811634349209,0.0014862327909888062,0.0012649078424284976,-0.0037922987164528132,0.013553530751708509,0.013310327828444546,0.00807662068472581,0.009253903990746215,-0.0024001745581496703,0.0011081867294640002,0.0028811524609844152
2016-09-23,-0.01666375850636892,0.006323477021731305,-0.000682490331387009,-0.00512820512820511,-0.012694610778443138,-0.010107391029690493,-0.007601520304060916,-0.0014987688684294787,0.0001211974306143393,-0.004993342210386054,-0.0012133096390710696,-0.017200333293655556,-0.007456310679611611,-0.009587217043941387,-0.00544115184999161,-0.002077459563733508,-0.005121042830540046,-0.001618950238582162,-0.013678065054211874,-0.006745070909719875,-0.009997656799187737,-0.004692293809781645,0.0032210834553441092,-0.013821777727834439,0.004135246898564926,-0.003757799205899026,0.0040114613180515235,0.0004374453193352057,0.0011069600110695799,-0.0010773282259995964
2016-09-26,0.0015082956259426794,-0.0026551022214355013,-0.009181969949916602,-0.027706185567010322,-0.000849102377486588,-0.008615188257817485,-0.0044345898004434225,-0.014045244987670236,-0.004483761512360518,-0.011709601873536313,-0.015105035829979463,-0.02210379700841769,-0.01831129196337744,-0.01452003226673837,-0.008669303930645578,-0.021858736059479522,-0.016144127281235487,-0.005462149014252793,-0.008117706747843734,-0.009228626153578334,-0.004102564102564044,-0.013599274705349051,-0.01809690601284286,0.0010255241567911355,-0.0033914728682170603,-0.005622375631627596,-0.00780060882800615,-0.018801923917796226,-0.010089841050449078,-0.004673457159976024
2016-09-27,0.0018603827072998236,-0.0009761292040110225,0.005744045339664439,0.013253810470510219,0.0061915746024037155,0.013196009011908538,0.002024701356549974,-0.002609830361026466,-0.008764455264759552,0.011509817197020933,0.010066654207936176,0.008731731483775151,0.010920685532084473,0.014461118690313857,0.012226184411614938,0.008817269686834939,0.012841854934601882,0.0030035184072769727,0.001989201477692548,0.018453427065026506,0.004436346351897269,0.017279411764705932,0.005648038049940407,0.005805350028457612,0.007778317938745838,0.007658173489836662,0.006519654841802502,0.004679144385026701,0.009913432002233824,0.0021671081146159565
2016-09-28,0.0076045627376426506,0.0004441286196481542,0.006929637526652321,0.005886200130804653,0.0447635135135136,0.0006353240152476847,0.03202667205496068,0.005233318796336706,-0.00405256048139524,0.0006693440428380271,-0.0008264156994314265,0.003437902879243726,0.01143352783472662,0.006993006993006867,0.001425935245764176,0.0052742616033754075,-0.010331063629960169,-0.014544832306639166,0.007317073170731714,0.0013805004314062508,-0.0024449877750611915,-0.037766534152511855,0.004729530002956173,0.01244907197827061,-0.014712976362759256,-0.0026990553306341925,-0.008192036578395845,0.0048791306276336766,-0.0074657818332640735,0.043969245555021796
2016-09-29,-0.015533128565160093,0.007546834768711763,-0.009075096422899387,-0.014304291287386306,0.010162836355237292,-0.0034920634920634352,-0.008614782183064218,-0.004338394793926281,-0.009741060419235392,-0.012374581939799234,-0.009159815322321796,-0.027531355154481463,-0.002650658766664149,-0.0032051282051280827,-0.017756931066253534,-0.015889671713386067,-0.002846975088967918,-0.003386004514672636,-0.012500703868461027,-0.010856453558504287,-0.021979759645793795,-0.02046948356807521,-0.019711679905854762,-0.01374916163648543,-0.0029375764993880837,-0.014884979702300405,0.0011525163273145012,-0.020745972191569262,-0.014765287644518788,-0.005063291139240644
2016-09-30,0.007755393118202836,-0.0013218188227001049,0.005418606426009331,0.03232189973614785,0.014862238481765155,0.010512902198152263,0.016293077910536358,0.011546840958605697,-0.0033619723571161053,0.0030477480528277034,0.0017691617661714787,0.014595784837999615,0.0058625810990384775,0.011521972132904512,0.007333503879935144,0.014318354912414177,0.006899833452296056,0.004965589337050158,0.00490391743171581,0.0034843205574912606,-0.01115602263540827,0.009394171779141036,0.0165066026410563,0.017227700328686257,-0.002946231279155387,0.012145748987854255,-0.0026861089792785675,-0.0020283975659228792,0.019652198501343143,0.009484154522322541
2016-10-03,-0.004688191065900016,-0.00952969204976617,0.00485805374221937,-0.0012779552715654896,-0.005519882843302848,-0.0069356872635560896,-0.004566653711620683,-0.003984492784837479,-0.011869065467266404,0.0006752194463199857,-0.004576772877645907,-0.0012401562596888738,-0.001398818775256494,-0.0023841059602649484,0.005756370100736596,-0.0012013815888270996,-0.006852551984877109,-0.006241331484049928,-0.006752539295239113,-0.0031250000000000444,-0.00972858077174621,0.00037986704653381054,-0.005609684086211875,-0.012144846796657394,0.003939916276779254,-0.010785714285714176,-0.0019238168526355404,-0.010162601626016343,-0.0015252357182473641,-0.002635197066911177
2016-10-04,0.004265908282971909,-0.014610244988864096,-0.0009820214533917682,0.010876519513755678,-0.008722247394653326,-0.004761904761904745,-0.01151781356759396,0.0010811979673479577,-0.02060943229232537,-0.004723346828609976,0.0030110697418725962,0.00745017694170258,-0.0023346303501946553,-0.0031864046733934837,8.416799932664532e-05,0.0013531799729362692,-0.004520580537711094,-0.009944173063503148,-0.019195612431444187,-0.0031347962382445305,-0.018409972756542436,-0.010062654262388504,0.0011876484560569,-0.0034965034965035446,-0.021339220014716775,-0.002382843526608558,-0.011950655358519802,-0.0018252338580880823,-0.0036106096375504437,-0.009190120620333087
2016-10-05,0.00044247787610607325,-0.02865925323207663,0.01822306238185245,0.019620253164556845,0.02182607701976913,0.00765550239234436,0.009479608966130204,-0.001512042337185493,-0.004776658920733201,0.0,-0.0019432230097534697,0.02545140814691571,-0.00483619344773778,0.011987213638785299,0.0030297929641476262,0.016366366366366458,-0.0007170172084129955,-0.0007929515418502175,0.004135601118359533,0.006988120195667413,-0.0030277544154752034,-0.0003835826620637306,0.005338078291814874,0.005659309564233217,-0.018546365914786977,-0.004053271569195105,-0.01931330472102999,0.028342857142857225,-0.00111498257839715,0.008695652173912993
2016-10-06,0.007430340557275539,0.009959046909903346,-0.0017822664488341688,0.006828057107386654,-0.001453813464549314,-0.0034821145932256714,-0.0004890932211679688,0.004110329908058263,0.0,-0.0077966101694915135,0.002308949989391351,0.004507211538461453,0.020457751998745888,0.002105817320347425,-0.003607987917435884,0.0026591815630079285,-0.002391772303276807,0.0044969579402169835,-0.004350600382852843,0.001734906315058904,-0.004302345199932556,-0.0017267843438218966,-0.007374631268436627,0.004164321890827383,-0.0012768130745658413,-0.00821220930232558,-0.00019892580067648602,0.004223160702378159,-0.03223105902051071,0.0004597701149426925
2016-10-07,0.001492668364211136,0.0,-0.004240440410653079,-0.0055487053020961685,-0.00918355918915903,-0.00031766200762395336,0.0008807985907222093,-0.0036626090703436587,-0.006745362563237878,-0.006491288008199536,-0.002951138118244767,0.016033502841758862,-0.014440433212996373,0.0007880220646179215,0.004126315789473534,0.0035361720937083785,0.00047950131862850576,-0.004125702247190999,-0.0018061058028430166,0.0010391409767924742,0.031432686605100235,-0.0046127234287911545,-0.0026745913818720934,0.008742434431741719,-0.006136537969828715,0.0013922473803766877,-0.006764822920811708,0.0033200531208499307,-0.009515570934256035,-0.003446691176470673
2016-10-10,0.01744695774153948,0.008478481245968172,0.0148673888681361,0.010539367637941721,-0.0028258166610150015,0.0,0.01672044587855681,0.0,0.006399373122633056,-0.007565337001375516,0.016810081053065362,0.007124771830653964,-0.008261242303795546,-0.0020997375328083434,0.004696410600469658,0.0077815298781382936,0.0,0.011106214191273667,-0.001108970991653635,0.0041522491349481605,0.008542796122884999,0.0,0.0014898688915374603,-0.010444444444444367,0.0036017494211473267,0.010390750768330292,0.005408653846153744,0.007059342598720431,-0.010480349344978102,0.019598801014526268
2016-10-11,0.0021542438604049696,-0.004477748332267328,-0.015459363957597172,-0.011656441717791455,-0.008501473588755415,-0.013663806800127132,-0.009040200038468948,-0.006811547194291223,-0.014923436283415636,0.0020790020790022457,-0.005649925691194602,-0.011693171188026152,-0.011001964636542239,-0.01972645975802212,-0.01803005008347247,-0.004807692307692291,-0.004553079319434383,-0.008979164850492438,-0.008531027229168986,-0.014645072363887013,-0.013275777813976153,0.000579262405869807,-0.014281463850044585,-0.005838760386256414,0.0023071007433992374,-0.024116454229432316,-0.005778043434947144,-0.004381161007666945,-0.008679023242130102,-0.007914970601537785
2016-10-12,0.008942390369733433,0.023866348448687402,-0.004336772842829517,-0.00496585971446295,0.0012575740253801815,-0.022551546391752608,-0.008637422360248448,-0.004898758981058182,0.009748386246871465,-0.0006915629322269412,0.0027174920019268356,0.0015380974917180712,0.006674612634088195,-0.003756372417493936,0.0028051683100986935,-0.0026350461133071157,0.005777563793933682,0.009060520760028057,0.00023573785950015136,-0.0013988459520895002,0.015105241436236039,0.011964492473948152,-0.0018110473890734502,0.0003388299073863177,0.00588235294117645,0.0025974025974024872,0.008016032064128265,-0.0028602860286028875,0.0010387297818665875,-0.0069523592432185755
2016-10-13,-0.0030680074995739215,0.01039985655370268,0.0016521477921298544,-0.012476606363069354,-0.006965060516099575,-0.005603164139749484,-0.013313754282917256,-0.0031725194180066696,0.016829745596868673,-0.0044982698961937295,-0.009473126624536476,-0.011104548139397652,-0.0031573131265292265,-0.004309183948289941,0.0024582520979909983,-0.005724350506384868,-0.00047869794159893786,0.006102345044024071,0.00176761725194452,-0.003326912974960572,0.013416815742397059,-0.00781845919145685,-0.009374055034774842,-0.003725866546234635,0.0010170353419780565,-0.006735751295336767,-0.00019880715705766772,-0.012577228596646117,0.011414171360806469,-0.00654194881211978
2016-10-14,0.005556505385535981,0.00576752440106465,0.0008996851102114345,0.01073910296904601,0.008048752443371221,0.00033145508783549715,0.0028772695703938034,0.0019754170324846054,-0.009366179112137551,0.004171011470281538,0.0006467018207143571,0.018516306295544238,0.001029376831102935,0.012983500135244963,-0.005919161170302778,-0.0032477118393858806,-0.0021551724137930384,-0.011437483753574118,0.0018233149041289032,0.008784258608573348,-0.004814250180534385,-0.00788006919085149,-0.0030525030525030417,0.002153218495013709,-0.0038100076200151545,-0.00201207243460777,-0.00019884668920255866,-0.0008938547486033732,0.0032243880990765472,-0.00023105360443620437
2016-10-17,-0.0006800986142990739,-8.822232024696675e-05,0.0037453183520599342,0.0031250000000000444,-0.004334435953005533,0.001325381047051044,0.0027700831024930483,-0.005147864184008699,0.004274057764538375,-0.0013845621322257085,0.0027839920457370937,-0.00891391039174294,-0.010124980224648028,-0.004272363150867875,0.00791085403198366,-0.0051836492890994235,-0.0016798656107511745,-0.01472521693399953,-0.0007045147654552997,-0.0034831069313828733,0.00024187696525035385,-0.01142967841921727,-0.004898958971218503,-0.006785027705529911,0.001274859765425962,0.0015681003584229192,0.002983293556085842,-0.004696935808544023,-0.00336011687363047,0.0
2016-10-18,-0.0006805614632071633,0.007146638433033425,0.008208955223880654,0.013084112149532867,-0.0008019246190859031,0.007279947054930513,0.0042423046566693046,0.0037432566332709083,0.004642765024503559,0.004506065857885488,0.01815725546576763,0.021479289940828483,0.004794630014383738,0.012335746849021278,-0.025993754747236086,0.007890427274080736,0.008894230769230793,-0.010319366604394586,-0.0015275248222784699,0.007689619014330518,0.008463646622602017,0.0037233000195961985,0.005846153846153834,-0.004326539906637783,0.0022918258212374365,0.06903750093193173,-0.003172714653975728,0.010112359550561889,0.009527997654646736,0.002657730529235014
2016-10-19,-0.0029794841236059355,0.01024967148488809,0.00799407846039979,0.012915129151291449,0.008942903003898106,-0.002956636005256197,0.0047155909224874115,0.008336075463420078,0.002952503209242563,0.002760524499654915,0.006816881520164575,0.010890343509239342,0.0011929378081756425,-0.05933774834437089,-0.007105103543886937,0.009601181683899451,0.0019061234214914347,8.988764044959296e-05,-0.00023536334215945587,-0.002254595907041246,-0.004236272080569092,0.011323701679031517,-0.0027531355154480908,-0.02184105202973119,0.000508130081300795,0.006834507287816649,0.002188183807439792,0.006896551724137723,0.0002904022070566725,0.004609888210211022
2016-10-20,-0.0005122950819672623,-0.004249046132500878,-0.0024966955500074217,0.005464480874316946,-0.01556818181818187,-0.006260296540362531,-0.003911215410188684,0.0010877841836178792,0.0037117624472033928,0.0003441156228494169,-0.006601458124267046,0.0,0.0028596393677020604,-0.0022528865108419893,0.0024434941967013124,-0.0013167520117043363,-0.0028537455410225787,-0.00620168973575419,-0.0002942734388793333,-0.004867025899530697,-0.003612136779579389,0.0017374517374517673,-0.0018404907975461127,-0.007131166705634739,-0.01853732859319457,0.004848652767195372,-0.024612941643509356,-0.007291206363234659,-0.002322543184787307,0.00045887346564166265
2016-10-21,-0.0039296087476508035,0.007663502569015046,-0.0015459363957597283,0.0066425120772948265,-0.003463003578436985,-0.0003315649867374759,-0.005595366643761701,0.010866021949364368,-0.00510073960724311,-0.003095975232198178,0.0029575356303932487,0.0009168529024123906,0.0027722772277227747,-0.007902907140841076,-0.012448855227648714,0.003369469674772807,0.004769854519437233,0.03038798950890853,-0.0021193924408337006,0.04209606986899561,-0.003383549504551664,-0.0023125843129696566,-0.011063306699446773,-0.007064641469445521,-0.030012936610607888,0.002067967188253972,-0.019129019129019098,0.0035610950367239713,-0.005674378000873004,-0.006765279211099484
2016-10-24,0.009005145797598813,0.00898798720940297,0.01341886013418847,0.005998800239951807,-0.003938375999073318,0.010281923714759555,-0.006317867719644599,0.00365473503171021,0.004870546013842736,-0.0020703933747411307,0.014173725214183586,0.0025762867120857624,0.009320695102685628,0.0031294452347083723,0.0014985895627643853,0.005548255219740339,0.010206503679088597,-0.0031598349863952713,0.010442477876106304,0.02246061012403633,0.005415892005496747,0.0019316206297081973,-0.0015537600994405265,-0.0027273805288746678,-0.016804481194985343,-0.004677718924124719,0.00020746887966804906,0.009536482590374762,0.01243781094527363,0.0033479565920109255
2016-10-25,0.0050998725031874415,0.0,0.011422335394689176,-0.0029815146094216427,-0.017560181416443665,-0.003939592908732803,0.0010927876018278493,-0.006640248473813948,0.0024234693877551727,-0.009336099585062319,-0.008603154090985332,0.0024554591137506687,-0.03474722178744716,-0.004537719795802531,0.0030807147258162804,-0.001016407724698798,-0.00046992481203012026,-0.007484370872589574,-0.029427220178665392,-0.00016393442622952836,0.009165460684997573,-0.015808752650857905,0.00466853408029877,0.03412604042806189,-0.0043407487791643495,-0.0062893081761006275,-0.007674756274631767,0.004393673110720364,0.002457002457002533,-0.002186169600736365
2016-10-26,-0.022494714587737774,-0.009250535331905785,0.04689972665803466,0.008971291866028741,-0.004142992424242542,0.006921555702043447,0.0041679071152129765,0.007978436657681831,0.002290367731263343,0.0076788830715532885,-0.007784684086657334,0.00865850185132433,-0.005107832009080715,-0.00512820512820511,0.005265005265005396,0.004796511627906952,-0.002350728725905027,-0.005411639460610407,0.0016844131624857983,-0.005902606984751535,0.005417463352453744,0.018021547502448554,0.0037174721189590088,0.004944233643785267,-0.007356948228882887,-0.010780358881624763,-0.004389632107023478,0.009405074365704369,0.0033160322952709986,0.004266605166051818
2016-10-27,-0.009602906825849966,-0.0023342266793463518,-0.015322248179194697,0.002371072910491989,-0.013312730298347675,-0.005564648117839632,-0.012550647297163708,0.005669055513958687,-0.004443315983242324,-0.008313127814340238,-0.0057778859019583795,0.003840289151183285,-0.0036671827886887165,-0.003150057273768603,0.009951117318435676,0.0014465499783018476,-0.007540056550424112,-0.00026759432700029784,-0.004504233979941152,-0.008741547088899848,-0.008557844690966654,-0.0015393496247835259,0.0024691358024691024,-0.009382151029748376,0.0024704913532802575,-0.0020389509948673945,0.019105605710686424,0.005633802816901401,0.0034487713751976123,-0.0019520036743598812
2016-10-28,-0.00663871418588402,0.006325823223570115,-0.002093364036005907,-0.013601419278533422,0.010480664980122789,0.00691244239631339,0.03903122497998379,-0.0018081259306530484,0.0038255547054322214,0.02060775410408655,0.00270386003548051,-0.0034317862165964552,0.010796662849664518,-0.0020109164033323967,-0.0031979256698357883,-0.001733352592806603,0.0026115859449191703,0.00017844396859389988,6.0328185328195616e-05,-0.0038269550748752934,0.004875319693094626,0.002505299672383998,-0.01693349753694573,0.0030030030030030463,-0.00027382256297936447,-0.011201916302663095,-0.0067985166872681635,-0.003878474466709747,0.0022912788199913603,-0.024620340543028085
2016-10-31,-0.0015828350334153862,0.009127701713596892,-0.004055660443325504,-0.010791366906474753,-0.005007153075822668,0.002942137953579671,0.008957811596994825,-0.01236014917421413,0.01651422764227628,-0.004106776180698102,-0.011786812435941152,0.006209777577057762,-0.012704321087554593,0.0037420840529647226,0.005722708748807648,0.0021704529011721263,0.00402557423632488,0.004192685102586857,-0.002835253664716153,0.0008351428094204305,0.018054561361647847,-0.035371011149557874,-0.006890072032571193,-0.0004606172270843478,0.007669131744727498,0.006982543640897898,-0.002281684297863462,-0.0047588146225394645,0.0004286326618088143,-0.0172210426987498
2016-11-01,-0.018055310903646427,-0.017407628637255645,-0.0001404198553676128,0.006666666666666599,-0.014617780972921102,-0.006518904823989535,0.016515513126491577,-0.003236595101952733,-0.018120469882529355,-0.007560137457044758,-0.005457463884430136,-0.0010098743267504817,-0.01737562494877476,-0.010037281330656511,-0.005603931373394211,-0.004187120993358495,-0.006603773584905714,-0.0028426756684728494,-0.006352087114337657,-0.0020026702269693164,-0.016484374999999996,-0.011159824631327253,-0.0201829076001262,0.0005760368663594306,-0.006251698831204022,-0.013443713295124948,-0.00914760914760926,-0.00043468811128011264,-0.010282776349614386,0.003960633701392435
2016-11-02,0.0008969414297246292,-0.019452887537994012,-0.011656484797415878,-0.007826610475617057,-0.013740272373540807,-0.0029527559055118058,-0.010236664162284081,-0.00519536746401128,-0.0072546773577700785,-0.01350415512465375,-0.02117991756468196,-0.008311805009547313,0.0033363916923847547,0.002317497103128563,-0.004161609155540202,-0.0042047266927648375,-0.001661918328584977,0.0012472160356347128,0.009010654490106518,-0.0061872909698996725,-0.01755500834061474,0.002015316404675671,-0.014161570646926358,-0.0012665515256188309,-0.005196936542669728,-0.0032274259485047807,-0.015107007973143127,-0.016307893020221842,0.0021645021645022577,-0.002390914524805776
2016-11-03,-0.015772022582668743,0.0031883801257639455,-0.005186500888099355,0.0,0.001972629762051481,-0.0023033892727870597,0.0,0.015885104994016075,-0.0002564102564102111,-0.0073710073710072654,-0.007901879708784532,-0.0020953675387926918,-0.0009144567295702455,-0.019364161849711015,0.001480062685007777,-0.004368083867210437,-0.00047562425683700393,-0.005961384464810093,0.0066373016351899405,-0.003701834090526601,0.001293661060802087,0.0002011263073209424,-0.024159320927195527,-0.0016140189070786848,0.007148748968930585,-0.008274571880846016,-0.0014912654452492458,0.002210433244915988,0.002591792656587266,0.002516476932294731
2016-11-04,-0.009013930620049071,-0.0025602542597332745,-0.0034280817026139943,0.0042475728155340065,0.012796850006152383,-0.004287598944590965,-0.005788025429357635,-0.009853271928885077,-0.009104898691972396,0.005657708628005631,-0.0013935233127501112,-0.0016457635775496415,0.006074222000332696,-0.009431181844974934,0.0006954707467616839,-0.00906697864872752,-0.008089459909588426,-0.006086645184389505,-0.002097944014865516,-0.008444519506840109,-0.005329457364341095,0.004624974864267051,0.0036801605888256983,-0.01755196304849882,-0.003549003549003671,-0.0008706377421461298,0.00448047791764461,-0.016321129245699173,-0.0067499640959356455,-0.001075782930910818
2016-11-07,0.014424843807423704,0.01956098424499908,0.025010749605847815,0.02779456193353469,0.01749483659336648,0.02484266313348793,0.01975567856461158,0.021416982152514974,0.02407143781545229,0.030590717299578074,0.026795544744590893,0.03160527512505684,0.023488545198908417,0.032133293662600426,0.013465380939970517,0.03128689492325831,0.018469656992084582,0.016030259365994226,0.019581931763575255,0.029126213592232997,0.012014937489852162,0.019015212169735785,0.012666666666666604,0.0173953925716972,0.008493150684931505,0.030644107181758695,0.008071367884451952,0.017937219730941534,0.008964719491035389,0.022496111044633338
2016-11-08,0.005887147903269607,0.006424168764649796,-0.0058029783961407455,-0.0005878894767784582,0.011104477611940444,0.0019392372333548735,0.004117922321010825,-0.0005294927459494891,0.006571464678377437,0.003752985329239289,0.012406019724948036,0.0024245095878334677,0.004040404040404066,0.0014413375612569723,0.0033430481741814067,0.0021465369204352047,0.009891662741403628,0.011434142882467802,0.007599858607281629,0.0008275405494868604,0.004091127867800415,0.0033392260852485034,-0.012508229098090795,0.010397412199630196,0.004889975550122161,0.0068343549637144285,0.0040033712600082705,0.003083700440528636,0.00014330753797664464,-0.00163838502047986
2016-11-09,-0.0016207455429497752,-0.05787975502458387,0.020323488045007165,0.057058823529411606,0.07699574870099202,0.011612903225806326,0.0032621865970732244,0.0027548209366392573,-0.02900188323917141,0.007138001359619173,-0.00786965196187095,0.058872031662269286,0.014245472837022044,0.0002878526194587394,0.027851345578812525,0.045980294159645885,-0.014225746268656692,0.0076242222416966765,-0.0037420335613636,-0.004961137754258216,-0.06135655508508431,0.000783085356303781,0.07066666666666666,-0.01749371141093059,0.012165450121654375,-0.0069979006298110935,0.004407135362014758,0.05379885814668439,0.018770597506805986,0.011018637908803086
2016-11-10,-0.02786796536796532,-0.03213697125068671,0.017919911778895736,0.04396215915414592,0.024671052631578982,-0.011479591836734637,0.001393534002229746,0.0033812341504648735,-0.028187225239203584,0.02632467094161317,-0.031405553693566235,0.04277630690961942,0.02388509760355495,-0.007194244604316502,-0.006400132989776375,0.04641638225255984,-0.031464395552401325,-0.004087667420420882,0.022829978285110686,-0.024430779458201712,-0.020682611286066854,-0.014280125195618054,0.04265255292652559,-0.03456301640870496,-0.023237179487179405,0.029809725158562284,-0.02444630171333062,0.0758491352365076,0.004078762306610528,0.00927536231884063
2016-11-11,0.00593747100844233,0.0,0.005619879477283485,0.013859275053304865,-0.0047084002140181935,0.011612903225806326,-0.010668893218294895,0.028643639427127443,0.001064395955295394,0.009865175928970737,-0.010944648784426247,0.015283516702344846,0.006355111214446207,0.0031884057971014457,-0.008950978751882221,0.0005218525766470528,0.0021983390327309227,-0.0025325299100515952,0.0045903144365389,0.00545144804088582,-0.013210498870154685,0.007541178805318571,-0.02687369363989245,0.007473481195757081,-0.001640689089417613,0.001984534318757225,0.0,0.0019368584156496116,-0.0022412102535368517,-0.015852958070074585
2016-11-14,-0.025085308493959402,-0.02970390691514524,0.009897656881228123,0.055730809674027215,0.012471777228254988,0.0003188775510205577,-0.00046886721680416965,0.002457002457002311,-0.01063264221158955,-0.00651253663301854,-0.02401036605118234,0.02569383151907423,-0.016788602233346106,-0.0037561398439758253,-0.01578458681522754,0.03677141739470602,0.003412137460394815,0.0318683242864648,-0.012394334018734354,-0.015249068112504371,0.00792672186013732,-0.011030135907031724,-0.006443694384780652,-0.006939459200765663,-0.010408107367844255,0.040021854937850154,-0.01092310987363454,0.028803402281074808,-0.010388881089428703,-0.004552352048558417
2016-11-15,0.013243780153249451,0.008969484254655269,-0.012534168944596247,0.003984063745019917,0.002867155144950617,0.010519604717883269,0.0222347312130593,-0.002246732026143783,0.020016120365395018,0.007866273352999054,0.029128275935317527,0.009608949230327957,-0.025612908279157187,0.0124709976798143,-0.002401372212692987,-0.0018865551502956768,0.006558173427252845,0.003902935686407538,0.007691862818807627,0.012904335856847915,0.005155540020971738,-0.001593308105954927,-0.00463248919085868,0.00746987951807232,0.017713811237199062,-0.00032834252692415244,0.025768731052403515,-0.011837655016910809,0.01319336076039157,0.01805816135084415
2016-11-16,0.026888245728690086,0.0187457725384097,-0.011275403416379781,-0.020337301587301626,-0.011541719610334678,-0.004100946372239678,-0.005598384728340622,0.014534288638689885,-0.025813249045173237,-0.0003252032520325576,0.0062180711079002915,-0.023343908328992913,0.0074758842443729545,-0.0020051561157259368,0.0003438789546079679,-0.024697580645161255,-0.004343629343629307,0.007521974306964108,-0.012798438934802703,0.013249532869033409,-0.006433104407545853,0.010971474167165374,-0.008377288240769332,-0.005142310452045051,0.010334511830296211,-0.004795375418774173,0.011821828161283632,-0.017303669899220497,-0.0004200504060487553,-0.01232434922828829
2016-11-17,-0.0003636694244930627,0.001043346296120573,-0.00757989620322308,0.016708860759493627,-0.006106052490626568,-0.048146974976243206,-0.0021227503461005437,0.002522195318805487,-0.001351899418683189,0.0016265452179571316,0.0079232800841047,0.016338601764762872,0.028724168195962685,0.005166475315729002,0.0018047438982466968,0.008010335917312483,-0.0033931168201648543,0.0020132539216508594,0.00441834777047867,0.01659681475272423,0.004287339224779085,0.017955801104972524,-0.007196495619524401,-0.0014424810674360522,0.006998654104979796,-0.004818481848184786,-0.0018777383684539517,0.01567337461300311,-0.03081664098613257,-0.00606413994169086
2016-11-18,0.0010004547521600404,-0.004263786242183043,0.0070185095988439805,-0.003984063745019806,-0.004742401379607686,0.004326123128119752,0.009988901220865598,-0.011371641340444882,-0.003655069717070636,-0.0038973692757388045,-0.01296173806858647,0.0034346229070265633,-0.004653688047777771,-0.001998857795545428,-0.010380029167024074,-0.003973340169187378,-0.0051070038910505655,0.004604437002930117,0.0010997279620303946,-0.004782321899736153,-0.00601150026136954,-0.009497964721845387,-0.00787897888433664,-0.012880703021547979,0.004009623095429182,-0.008755057372156427,0.004807692307692291,0.006286911792722449,-0.00939442115912692,0.0005866478939340336
2016-11-21,0.015173541704524895,0.007802835664668217,0.004578066279467219,0.01649999999999996,0.006064544076239908,-0.004307488402915838,0.008974358974358942,-0.0062092833876221665,0.011277173913043725,0.006521030322790944,0.011379305901001224,0.0034704064654149658,-0.0008571651211720654,0.0008583690987122861,-0.003120665742024964,0.0043752412816884245,0.010999755560987534,-0.004166666666666652,-0.008325624421831601,0.008450704225352101,0.0022789026207379326,0.003522504892367939,0.002858958068614914,0.007804878048780495,0.004792332268370503,0.006423553027768536,0.004992718951529085,-0.013252555850056802,0.012109716953603744,0.014188555347091958
2016-11-22,0.0006265103374205605,0.019544896610329543,0.017004489185144855,-0.0014756517461878005,0.007750269106566288,-0.0053244592346090025,0.003993465238700367,0.000819420260165904,-0.007389493483810461,0.010042112082928378,0.00025484199796133034,0.0001421262080727459,0.02152550304164702,0.014293882218410436,-0.019652173913043525,0.006149903907751497,0.00024177949709858204,0.0015899581589957634,0.0022737873134328623,0.0042720999014129735,-0.004547442063839058,0.008385335413416461,-0.007602153943617407,0.0014520813165537216,0.0214626391096977,0.012299714114752947,0.02442558476505896,0.0019186492709133418,0.010811590024506268,0.0021967857555789116
2016-11-23,-0.005098389982110874,-0.011113169105389953,0.0014713750668806647,0.012807881773398977,0.027344584490493595,-0.006022080963532961,0.0034351835111190443,0.005628901852420487,-0.004602057390362568,0.005131494547786941,-0.007643312101910826,0.005684240443370792,0.0017559932814170676,-0.007891770011273835,0.0029270888770622783,0.004202215713740021,-0.006043026347594904,0.0037597125908597206,0.0019777790704438303,-0.011780104712041828,-0.0036018624264253507,-0.007155289112357299,0.002872646026173209,-0.0009666505558240113,0.0046692607003890885,0.008406672796532177,0.014952515659729215,-0.0011489850631942744,0.010125499144324035,0.0027688047992615594
2016-11-25,0.005034612964128327,0.004869825810076778,0.002003472685988994,0.014591439688715901,-0.0038469536286130923,0.01279030629417699,0.0,0.005699165479340351,0.011014413924394617,0.0031908104658584513,0.0015789473684211242,-0.00438038716970468,0.00274369331605806,0.006818181818181612,0.009374723622534775,-0.0003804209992391838,0.009970817120622755,0.0043282836690528015,0.007198838896952164,0.0021523178807947296,0.011814494798095598,0.0035060381768601268,0.008593252705283216,0.00943396226415083,0.012393493415956636,-0.004754461378142394,0.00875970535536541,0.008819018404907952,0.005647324579980406,0.0023009664058906143
2016-11-28,-0.001967975668664579,-0.011090400745573104,-0.0017995201279658035,-0.02684563758389258,-0.009497964721845276,-0.005649717514124242,-0.0045045045045044585,0.0015179113539769418,0.023268325487558972,-0.0060432569974555594,0.007126103841174958,-0.004872741035102712,-0.00706848065668475,0.0019751693002256765,-0.008761938140716685,-0.006469618165673041,0.005297375391283277,0.009613790817172285,-0.005706380771226094,0.0013216586816453546,0.013419309864064033,-0.009899068322981486,-0.00473335437046396,-0.004672897196261738,0.008416220351950887,-0.004580852038479133,0.00888099467140302,-0.019764348156594447,-0.0005615611399691911,-0.00746097337006435
2016-11-29,-0.000985928116877255,-0.0005654509471303415,0.012485811577752415,-0.0004926108374384564,-0.009062170706006345,-0.0030080213903744824,-0.010497737556561026,0.007072850358694538,0.003811777076761391,-0.006399999999999961,0.004645006935695362,0.006655574043261225,-0.007807715860379538,-0.005632216277104973,-0.005745602404313543,0.007660878447395492,-0.014371257485029987,-0.009358069282547898,0.00156521739130433,0.007919485233459866,0.008340498710232236,-0.007449519702019125,0.012048192771084487,-0.0021668472372696757,-0.0015174506828529166,0.036026559726513696,-0.00312989045383405,0.0054284606436603156,0.0025284450063212116,-0.006591881577425629
2016-11-30,-0.008433518751121416,-0.035643564356435675,-0.007122131363756168,0.04090685066535249,0.0161633347511696,-0.00033523298692583747,0.020303640021949843,-0.005518210093307885,-0.034044781982453975,-0.009339774557165836,-0.017176732873936063,0.03560802833530108,-0.001697268939978347,-0.01727555933163405,-0.01049075391180665,0.015838824125696815,-0.019441069258809174,-0.011683791846204938,-0.005961683162586051,-0.013586511704043347,-0.02592308348256156,-0.011060635986569256,0.006892230576441172,-0.005187598021474282,-0.021529888551165,0.0046322736214226,-0.02080062794348514,0.020439645198611744,-0.013170800056045873,0.016298020954598202
2016-12-01,-0.009319580166485708,-0.012613669697858487,0.012154622741763932,0.017992424242424088,0.007115948095437252,-0.012407780013413805,0.015507350304768686,-0.001815980629540026,-0.013826758845058906,0.02048114434330306,-0.014886322627210347,0.03347165853436085,0.0005409582689335224,-0.02708933717579265,0.0007187780772686114,0.020207059997505272,-0.004460966542750966,-0.006707470445208363,0.005182252241760832,-0.017590441420511027,-0.011205462663048227,0.011583782704214007,-0.021157436216552528,-0.0072762551540139775,0.006471654154801998,0.01654876200101074,-0.0006012024048096531,0.026832955404384018,0.003407638790288159,-0.0006872852233676952
2016-12-02,0.0037446342131701726,0.015745692216280416,-0.0009186954524573743,-0.012558139534883717,-0.011429758935993295,-0.006791171477079749,-0.0025598022773414275,-0.004447139680614498,0.009209621993127248,-0.0015928639694170466,0.00017008360263237599,-0.014428804659577188,0.00308951880744579,0.011848341232227444,0.005207398096606308,-0.00232302237437354,0.004729897933781313,-0.001941419768717867,-0.0011585471818339466,0.0008445945945945166,0.012926073483842337,-0.0037512339585389354,0.0054036872218690135,0.006596628389934134,-0.006944444444444531,-0.0013048340996645313,-0.0012031281331460475,-0.013986013986014068,0.0029715579453799545,-0.0022925263640530824
2016-12-05,-0.007188353048225737,-0.005167202885833944,-0.000591133004926081,0.02873292510598202,-0.00725247004414542,0.009572649572649583,0.0022123893805310324,0.014822335025380662,0.002587850721874174,-0.007338864071474216,0.017999633728383424,0.023236031518624634,-0.0014630014630014898,0.006733021077283574,-0.00017863522686667466,0.02034313725490211,0.006442021803765963,0.008880243572395141,-0.004697558429507587,0.016371308016877695,0.005156891880080394,0.02754657154181528,-0.0012646221941194913,0.007160194174757217,0.0005180005180005498,-0.019287003048590767,-0.0012045773940976279,0.014371033967898628,-0.013261851015801351,0.005055147058823595
2016-12-06,0.007698652735771194,-0.0116620932967465,0.000525762355415349,0.0146520146520146,0.008152461619904683,-0.006772773450728131,-0.004326710816777046,0.007002801120448154,0.0033962776796629957,0.0019286403085825299,-0.0026213667086428805,0.012382410851017323,-0.007248611967921037,0.009595812736260534,0.0010720028586743702,0.0051645447994232985,-0.0012309207287050095,-0.00033531729398950105,0.0010488288078311925,-0.004483560278977006,-0.0021739130434782483,-0.02468659594985534,-0.0009496676163343043,-0.0009639715628388945,0.01863836396582963,-0.001966630717503026,0.01226130653266333,0.022079116835326484,0.006005147269087852,0.0009144947416552807
2016-12-07,0.00982264665757171,0.013386217154189417,0.012480294272201542,0.018501805054151665,0.022159210249947492,0.02113876576883733,0.01489890031926211,0.013212795549374157,0.010966693744922873,0.013795316008982983,0.01969903888273339,0.018065519923934792,0.028895448190150663,0.02246543778801846,-0.008566839193289377,0.004540566375911048,0.017747103771259543,0.005618448637316531,0.024738067520372553,0.023686405337781435,0.025533769063180944,0.030255091951750135,-0.011723700887198873,0.015317814497648241,0.027954256670902122,0.013221459445715844,0.020254169976171577,0.03114311431143113,0.0034110289937463456,0.00582457743261755
2016-12-08,0.009817166531568056,0.0018590998043053197,0.008109510834306555,0.01683650863978725,-0.010890783930956549,0.0,0.00637888850052426,0.013628787135993692,0.0008035355564484092,-0.0022151898734177333,0.004674845540576289,0.02500424520292066,0.0005284614223162176,0.005633802816901401,-0.000990099009900991,0.012489592006661221,-0.0075078711552434285,0.004419613075383522,-0.0009656347628516082,-0.0058660583346912265,-0.006883072739632956,-0.010556621880998152,-0.008015389547932017,-0.00807792824899034,-0.000988875154511848,-0.0005018820577165073,-0.004865706500583933,0.00017458100558664924,-0.0036827195467420415,0.002838651073010068
2016-12-09,0.016321798073492655,0.005078620959078073,0.007078962610206796,0.006100217864923874,-0.007686714448945642,0.0036727879799665075,0.005557002691673141,0.014316115302766441,0.014585842365850255,0.007928956549318134,0.01795842398480829,0.00165665769310408,0.006489096808269812,0.001680672268907335,0.011442472294801442,0.004346804511278002,0.024890190336749773,0.006724782067247803,0.014839663406868375,0.01573512538928057,-0.003251475998973352,0.0032977691561590916,0.024563671622495065,0.010419161676646693,-0.000742390497401435,0.005021340697966448,0.007040876197926815,-0.0026182579856868227,-0.0036963321012226658,0.007699275362318847
2016-12-12,-0.005704256252742512,0.009522884073462246,0.004281423733145884,-0.020788220008661762,-0.004710562127080542,0.003659347970725424,0.011570676107417244,-0.0076292199122639515,0.008704827222368872,0.0025173064820640523,-0.0019148804743962522,-0.019350837295844525,0.00892120848639344,0.005872483221476488,0.02761446641724552,-0.00888992864662519,-0.0023809523809523725,0.003958436417615063,0.0064429379797186215,0.003227368081329729,0.008241050733968747,-0.0034802784222738303,0.02208201892744488,0.009007941211330861,0.018325903912828068,-0.003934549088183803,0.005243736647892794,-0.023801190059502986,0.022688356164383583,0.022247191011236067
2016-12-13,0.0166813768755516,0.021561266724420047,-0.003181471112242318,0.0,0.009886411442995291,0.0139211136890951,0.0023047375160050176,-0.0020180665000961717,0.010983263598326243,-0.0037664783427495685,0.009209060527292978,0.005818611122823336,0.014563828206271223,0.02307478454267442,0.004594313453536669,0.0003540658562493082,-0.003341288782816254,0.007721373418761335,-0.0045090180360719545,0.013028792021875457,0.01336739037888468,0.01474582848273176,0.013271604938271508,0.0005873370139788392,0.005836575875486361,0.006583484857984656,0.011591962905718622,0.001075654356400113,0.0018138691223663628,0.01758628269949436
2016-12-14,0.0,0.0034862903985677374,-0.01397931826886245,0.0026536930561700256,-0.0237450531139346,-0.004249754821837204,-0.012433997615397763,0.001925854597977894,-0.023150543197102857,-0.007561436672967825,0.0031275296195452107,0.0057849507440788095,-0.004101362238172035,-0.006793478260869512,-0.00776598498576242,-0.00035394053798964986,-0.01317049808429116,0.0013042060645582776,-0.012469943521780547,-0.004763416957764277,-0.02512182826415721,-0.009751434034416806,-0.0003045994517208994,-0.009509274477576879,-0.006286266924564798,-0.0042357044973213576,-0.013941940412528608,-0.020415472779369614,-0.006406685236768683,-0.021602937999567917
2016-12-15,0.005469224759093727,-0.0041314553990610126,-0.004531624263610978,0.021614468460520397,0.008427565606998089,0.005581089954038054,0.009399793032080161,0.003267659778952492,0.006619886137958497,-0.007619047619047525,-0.002738754600251858,0.012795398657941881,-0.001029563171054515,0.006566347469220357,0.007826767545003888,0.014988787914552049,0.008250424654210109,-0.003907521979811146,-0.0032842582106454854,-0.0015954052329292256,0.008618460742911394,-0.009654373431164265,-0.0021328458257160454,0.0036742918098850996,0.009732360097323589,0.004754159889903686,0.0034863451481697005,0.008957952468007235,-0.0036445192038128127,0.0034223890483551234
2016-12-16,0.0012951131065446209,-0.002451442579671892,0.004747349938219347,-0.021588946459412783,-0.020628371945414226,-0.0013059092393078453,0.008799658265698396,-0.0045981415844429385,0.007365513613047492,0.015674984005118242,-0.007123153313308372,-0.01687242798353905,-0.005373969375736087,-0.01304702364773025,-8.628872206406513e-05,-0.012325581395348895,0.004572803850782403,0.007191892775416875,0.008124076809453262,-0.004474272930648837,0.01597880885243108,-0.007213881848313508,0.0027480916030535596,0.0,0.0040963855421687345,0.020669904121529026,0.008878594865856071,0.0027178836745789248,-0.0014068655036577615,0.0031906700407087207
2016-12-19,0.005777356212813611,0.010869565217391353,0.010873786407767039,-0.007943512797881747,0.001404190969971797,0.0052304674730303535,-0.0036415989159891415,0.013376960831488871,0.007050528789659172,0.005354330708661426,0.0032845994270471746,0.0007115948095437474,0.0024424542964991414,0.01597356100247871,0.0012081463583017982,0.005768777960913685,-0.0016770483948250758,-0.0020285621551444644,0.004001127078050226,0.021187800963081926,0.0026913372582000328,-0.001374705420267075,-0.00030450669914749984,0.00035427491733575067,0.010799136069114423,-0.014639502256923342,0.012244117084369455,-0.0021684134441634084,0.008453085376162184,-0.00833516121956579
2016-12-20,0.002657750342935472,0.00028050490883591017,0.001344602381866844,0.010231316725978656,0.01758170639628953,-0.006178861788617929,0.0025499362515937207,0.001519468186134798,0.002852327239725172,0.010338345864661536,0.003323076923076984,0.016815158740117964,0.012330183106910919,0.008674437516942302,-0.003102913290811915,0.012876038862226213,-0.00023998080153597723,0.002764452394503625,0.0027503367759318387,-0.0012574662055957475,0.0006710283509478998,0.0184857423795477,0.0006091989034420209,-0.001652697438318973,0.008309591642924996,0.00030952086170610293,0.003969003969003904,0.015936254980079667,0.003352891869237151,0.0001105950011059953
2016-12-21,0.0009405728943994163,-0.0035520658066929833,0.006969755099430985,-0.003522677234698457,-0.005511977952088354,-0.0045811518324606615,-0.0003391267486223537,0.0009482268158544915,-0.004524886877827927,-0.0037209302325580396,-0.003680078508341511,-0.006787609527335592,-0.0020421559331923467,-0.006181134103735664,-0.0030261110150440196,0.0025424708193690915,-0.002160345655304763,-0.0012162490878131482,-0.0012314581584103035,0.0,-0.005867560771165126,0.009847460899787608,-0.013698630136986356,-0.0034291119782428048,-0.0025900635742877043,-0.0016090104585678722,-0.0028237951807228434,-0.006951871657754016,-0.008075744917850125,-0.0016587415680637818
2016-12-22,-0.00657782333845891,0.0,-0.00012700025400036452,-0.00397702165267344,0.0031976124493713343,0.0013149243918475495,0.0072936985836655754,-0.0013262599469495706,0.010000000000000009,-0.009648303765950939,-0.003102684067963657,-0.005467196819085474,-0.010231674340422492,-0.0013520822065981042,0.0011273957158961512,0.001613832853025965,-0.00048111618955981594,0.004383828543594648,0.004315417810906164,0.00015738117721109113,0.002529510961214232,-0.00305927342256207,-0.0018518518518516602,0.0022543901281442125,0.008498583569405138,0.0015496187937766859,0.012837455163299927,0.0007180039490217727,-0.023161145423919005,0.006535223748338481
2016-12-23,0.0019778140854758153,-0.005347091932457748,0.0022227867394892797,0.0026619343389531203,0.0021249468763280266,0.0022980958634275517,-0.0029468721057505087,-0.0025611838360841688,-0.0019287643050017733,0.0018856065367693908,-0.002321904950103759,0.003539896718307567,-0.002805877575131066,0.0010831302464120451,0.0045045045045044585,0.0018414086776383787,0.001203369434416457,-0.004688005172971188,-0.0025111607142856984,-0.004878048780487698,0.002775441547518964,-0.004411200613732347,0.004329004329004071,0.005800876050668924,0.000234082397003732,0.00897388290630019,0.0005591798695248063,0.003766816143497831,-0.0007184940364994841,-0.0017607571255641163
2016-12-27,0.006350841057329193,0.0024521361878713233,-0.0020911222355998182,0.00044247787610607325,0.002438507209499674,0.004913200131018591,-0.0016889039013679996,0.00019020446980499983,-0.0018036588508116846,0.0006273525721456341,0.002636791284971629,0.002448437564842143,0.0015549796371712166,0.00270489586150946,-0.00043118316660917255,0.0009190120620332642,0.00024038461538467004,-0.0005684586649342682,0.0009510489510489162,0.0006325110689437974,0.000167743017696953,-0.011943748795993026,0.0015394088669951067,-0.004237288135593209,-0.0018722209220687347,-0.0023921977550145357,-0.0007451564828613311,-0.00017869907076484282,0.0023008340523438253,0.0004409657149158086
2016-12-28,-0.004264028654272556,-0.0042337002540220325,-0.008763017526035033,-0.012383900928792602,-0.014806980433632932,-0.008474576271186418,-0.0026222297411605533,-0.0082723210040887,-0.005807950438822984,-0.006269592476489061,-0.006617855864086919,-0.003767179996688186,-0.001404702055300855,-0.011869436201780381,-0.006988180484858941,-0.007230575002869277,-0.005287190579187695,-0.0031689282522140427,-0.004694835680751019,-0.004582806573957043,-0.005031446540880502,-0.005264184051471998,-0.005533353827236409,-0.006264775413711621,-0.003048065650644638,-0.0073782587309394465,-0.0037285607755407346,-0.011260053619303045,-0.005595408895265441,-0.0049586776859504855
2016-12-29,-0.0002569373072970338,0.0051965230536659135,-0.0026265214606021603,-0.01477832512315258,0.0015029522275900042,0.0013149243918475495,-0.0007632940378254904,0.0024928092042186822,0.012852135531610909,0.0003154574132493426,-0.002100500888673529,-0.010263868688967337,0.00022210705560077315,0.0008190008190005482,0.003388357949609011,-0.0070520231213873075,0.005073689296931638,0.0008966416693838575,0.0018530997304582186,-0.0014287982219400863,0.012895069532237624,0.0007840062720501084,0.004327666151468401,0.0033305578684430515,0.0032925682031983428,-0.0024777006937561907,0.005613772455089983,-0.008676789587852451,-0.0007213966238637237,0.0005537098560353115
2016-12-30,-0.007795768011650939,-0.006673559545069985,-6.423020104051602e-05,0.00454545454545463,-0.005895594383106606,-0.007879185817465606,-0.0010185028008826702,-0.0032517214996174992,-0.005126890540886886,-0.0034689372437716193,-0.012990733359904305,0.005332101771769127,-0.007549962990377357,-0.010638297872340274,-0.0024244523335353874,0.004657119571545021,-0.0033653846153846034,-0.008714064663246202,0.0008968107168880746,-0.012082670906200299,-0.005991013479780483,-0.0045045045045045695,-0.0003077870113882275,-0.0032009484291641854,-0.0030473511486168725,-0.006209637357178388,-0.006698920729438007,0.004923413566739532,-0.0020213687554143656,-0.0009961261759822149
2017-01-03,0.002849248834398299,0.00444738834216496,0.008286228160328868,0.019457013574660564,0.013478542160879847,0.010589013898080646,0.0012744265080713024,0.01784686240644784,0.001417160525637673,0.0028481012658228,0.019635308221338743,0.008853622885779844,0.001715393794749387,0.009098428453267138,0.005468275323322613,0.010893498667284618,0.008200675349734565,-0.017252711140322008,-0.002912023296186228,0.0070807853234631235,-0.00619454210614423,0.02262443438914019,0.016009852216748888,0.001427212178877424,0.011521279097107984,0.008810297425643654,0.022480329711502378,0.01614951914353102,-0.006655092592592671,0.006979836029248787
2017-01-04,-0.001119242359018613,0.0017899199246349529,0.010511562718990897,0.018641810918774926,-0.00446856048515798,-0.014407334643090963,-0.0002545608824777723,0.012820512820512775,-0.0010292036536729832,0.00031555695803087147,-0.0002970260269056224,0.006457755515999475,0.008860099769190555,-0.005191256830601176,-0.0016401933701657434,-0.0036684626848562107,-0.0035885167464114742,-0.0011703728473499986,0.00151642796967133,-0.004474272930648837,0.002948113207547065,0.020969603693728356,0.008787878787878789,0.0035629453681709222,-0.0058112505811250825,0.002849179312480743,-0.0010993037742762501,0.0008928571428570287,0.005825808330905957,-0.011002310485201838
2017-01-05,0.0050853301154973884,-0.003479405679894687,0.0005673937712773469,-0.0117647058823529,-0.006091696056428231,0.0023255813953488857,-0.004328636903751404,-0.0005584512285927712,0.0012878300064391723,-0.005678233438485836,0.006499374822040993,-0.00744457697528067,-0.011808118081180763,-0.001647898928865521,0.010462602680501476,-0.009204924634679479,0.0024009603841537164,0.0018413123535319098,-0.003420816509645541,0.0,-0.0005878894767783471,-0.00018843037497640047,0.009612496245118729,0.00662721893491125,-0.002805704933364628,0.0016675931072818173,0.002201027146001344,-0.01552185548617302,0.002172024326672295,-0.014907108688396953
2017-01-06,0.011148272017837302,-0.00660564310653966,0.0024573120786339775,0.0,0.00043010752688177334,0.001988730527013649,-0.004006478561077498,0.014900353883404716,-0.003344051446945384,0.0028553299492386497,0.014993481095176175,0.014835073760981254,-0.0027632561613144535,0.003576341127922822,-0.004792058873866134,0.00011613053071668489,-0.00023952095808377205,0.008855472013366672,0.002926115581565414,0.008667736757624445,-0.002941176470588225,0.016019600452318095,-0.0038678964593871212,-0.00035269221725842126,-0.031184056271981175,0.0014181773338266535,-0.025256222547584195,-0.0025371511417180415,-0.013726340124259329,-0.0005646527385657629
2017-01-09,0.009159528453905441,-0.002374845635033762,-0.004902576995600261,-0.0057319223985889955,-0.00720120378331901,-0.0016539861065166805,-0.008558712769599408,-0.00568911726922372,-0.010969157310620647,-0.004745333755140746,0.0023872711188666074,-0.008207431604736692,0.005841383958661073,0.0035635964912281715,-0.00017196904557181814,0.0006967022758941344,-0.010062290368950677,-0.002732692944683701,-0.0053862986029287185,-0.0031826861871420142,-0.0025284450063212116,-0.009831200148395336,-0.00029868578255665135,-0.007409149711866347,-0.012584704743465736,-0.0028323379102273005,-0.010889973713856471,-0.014534883720930147,0.006592440668033772,-0.016497175141242826
2017-01-10,0.0010084881082443875,-0.014473433631689181,0.004737241030823736,0.017294900221729526,0.01580599761827428,0.0066269052352552205,-0.007596685082873034,0.0001845699520117705,-0.0018267223382045783,-0.0028607755880483143,-0.0014144442563891468,-0.0013174688130429546,0.013327376963740534,-0.0019120458891013214,-0.0010319917440660964,0.0029009050823856075,-0.006776379477250738,-0.001494644191646688,-0.003892367574885758,-0.00031928480204346243,0.0019433882551753712,-0.0050580741850880795,-0.0008963250672243683,-0.010781990521327112,0.00024509803921590745,-0.002284655757949783,0.0015186028853455547,0.00700589970501464,-0.006985882695386247,-0.012752757352941124
2017-01-11,0.005373184451347601,0.0031884057971014457,0.002074558370528834,0.005666957279860441,0.008739209208142418,-0.007570770243581326,0.008437717466945216,0.00978040228824506,0.007843137254901933,0.003187759005419233,0.004660960521059021,0.01315084305561287,-0.0029390154298309934,0.011220580186097617,-0.012310606060605966,0.007520536850630366,0.0002436647173489348,0.005239085239085117,0.007418733718427717,0.009102523155541276,0.0069994940124809,-0.007908115232536317,-0.018241626794258337,0.003114145406635682,-0.004900759617740835,0.0019185542765192132,-0.005686125852918833,0.003295496155254485,0.004396892862377211,0.010240893750727231
2017-01-12,-0.0041753653444676075,0.003563517287874518,-0.0069636135508156505,-0.006501950585175442,-0.006973058637084084,-0.003648424543946871,0.001983955835417772,-0.0174524853801169,0.0057068741893646635,-0.0025421035907212675,-0.0003976574361941321,-0.0078125,-0.004642593957258634,-0.006495263870094803,-0.0009587727708533222,-0.009646302250803873,-0.0024360535931788885,0.010092653871608182,-0.002529653156444933,-0.009178667510682081,0.0007537057197890551,-0.005503890681343715,-0.007005787389582574,0.001074626865671613,0.00984979069194769,0.002903205880536275,0.004193671368661889,-0.005474452554744436,-0.008171603677221695,-0.005414122796912779
2017-01-13,-0.001761006289308087,-0.007197696737044179,0.003411459978520659,0.003926701570680535,0.005213320566017865,0.0009986684420772995,0.0018939393939394478,0.0049288570631451645,-0.004255867939128355,-0.0009557183816502057,0.0016997576941160109,0.001886482939632561,-0.00022210705560077315,0.002179242713157059,-0.00017448961786781236,0.00533395176252327,-0.0017094017094017033,-0.004914004914004844,-0.00028178539224532617,0.0014374700527073347,-0.003765690376569042,0.00992366412213741,-0.0024539877300613355,0.002027671755725269,-0.0012192148256522373,-0.003449125400344921,-0.002467729688686471,0.014862385321100957,-0.012358393408856916,0.0001158211721101754
2017-01-17,0.008064516129032251,0.016626389560173926,-0.007303406157527115,-0.041720990873533315,-0.009631668077900168,-0.0026604589291653324,-0.0008592541673826393,-0.0008328706274292053,0.0032379225488925467,-0.002869897959183687,-0.004188028016463341,-0.0350388866148178,0.006590639810426735,0.00027181299266110237,0.002356020942408499,-0.03633217993079596,0.008317025440313097,0.010288065843621297,-0.0007328485258469852,-0.002711323763955331,0.009827803443931193,0.013794406651549407,-0.014145141451414545,0.014284013807879914,0.003662109375,-0.007045735475896264,0.0036156041864892074,-0.02766226722111731,0.01921644570236869,0.011696583671106042
2017-01-18,-8.333333333332416e-05,0.004754207473614214,0.004122534407306366,0.026303854875283417,-0.0025649246553381966,0.0013337779259754434,-0.0029239766081872176,0.0017597480781699204,0.0005163955589981839,-0.0012791813239526606,0.0018852875063446461,-0.006150844150335177,0.0016920473773265332,-0.0010869565217390686,-0.0014799338382519567,0.0046678635547576786,0.001698204754973398,-0.00032586558044811476,0.0069389597201852116,-0.00047976971053897977,-0.0015804358675760577,-0.007082945013979436,-0.0009357454772301876,-0.003285999295857156,-0.007540744344441852,-0.018175028009460914,-0.009290860826697056,0.009111193752324276,-0.0045308389359837165,-0.012362637362637319
2017-01-19,-0.00175014584548705,-0.011640011356108704,0.004295098534613517,-0.00441891294741481,0.0005357334190505547,-0.0016650016650017196,-0.0031050543384508744,-0.008136094674556116,-0.004903225806451528,-0.0006404098623118415,-0.005609032351451049,-0.012292458064791512,-0.005655111633372623,-0.005168661588683343,-0.0043591979075849885,-0.007624493685966183,-0.0036328408815693436,-0.0043191263955666415,0.0010644854053447617,-0.0032000000000000917,-0.006248437890527314,-0.006382579312934178,-0.010302841086481496,-0.0027081125632875125,0.004901960784313708,0.006085964244959996,0.002105263157894832,0.005712179841532938,-0.007194244604316502,-0.017964765878535016
2017-01-20,0.0018367006177992806,-0.0022979701263883268,0.0033333333333334103,0.004882379050155317,0.012850717498393616,0.004002668445630464,0.00017304031839415757,0.0035421327367635147,0.002723029045643033,-0.02178788849727653,0.0046095806494657054,0.0034138541981763026,0.0015510746731663971,0.010117582718074836,-0.0004378283712784814,0.004441776710684353,0.00437530384054452,0.0006547716483875643,-0.00106335348108344,0.007062600321027457,-0.00016767270288398084,0.0051010768940109585,0.00220820189274451,0.032467532467532534,0.01097560975609757,-0.0002520478890988276,0.006875477463712754,0.008977647489923024,-0.0065069506063294424,0.01369054644163814
2017-01-23,0.0006666666666665932,0.005566218809980761,-0.010593618755093126,-0.0035335689045937757,-0.0012687671812222634,0.005647840531561421,-0.0018166089965397925,-0.005015790451421087,-0.0038794775636880052,-0.02554864068129714,0.019633650095994826,0.0020241171403962976,0.01821533923303842,-0.004602057390362568,-0.002102496714848967,0.0004780686028444947,0.0026621490803484527,-0.007197775233109827,0.00011205109529943691,0.0035065349059610895,-0.004024819721616724,0.0007518796992480592,-0.009757632987094755,-0.005603201829617044,0.013268998793727338,0.0025841421908483486,-0.0058801213960546495,-0.014890139822044679,-0.007889252753795817,-0.010711375014553548
2017-01-24,-0.0009160559626915088,-0.0020041992746707704,0.017169285352255592,0.017287234042553168,0.018843955113275523,0.010901883052527372,0.008492936996273626,0.00728155339805836,0.0019472932623654238,0.008403361344537785,0.006039576992764362,0.004340912021317811,-7.242702976739679e-05,0.023116671199347127,-0.01887455008339911,0.01206546410225795,0.01134443639874494,-0.002718734552644597,-0.014228894739790499,0.008894536213468918,0.00025256777235216354,0.003944402704733285,-0.009853782581055404,0.010349586016559442,-0.015238095238095273,0.008549695102785027,-0.04369395153596645,0.008294930875575979,0.011252813203300738,0.0014122631517006212
2017-01-25,0.015920646828373686,-0.006215931911638051,0.04241669261912184,0.0183006535947714,0.019846217788861198,0.0032679738562091387,0.007476153647847372,0.0012974976830397722,-0.001295672454003749,0.012333333333333307,0.010499923487104823,0.015277302293734918,-0.004201071997682271,0.004784688995215225,0.009305654974946176,0.015462700661000861,0.005250596658711082,0.006113176373399476,0.004318917997385929,0.0025188916876572875,0.0017675279858597737,0.007670720299345124,0.004494382022471877,-0.007967220578192657,0.0007253384912959682,0.005048930997943124,-0.006983240223463527,0.03510054844606936,-0.007566765578635115,0.002938065577623661
2017-01-26,0.0004922874958976919,0.003656658968437254,0.010516252390057268,0.002995293110825914,-0.009475292919001621,0.0013029315960910726,-0.0058853633572159,0.0001851166234727586,0.0005189413596264902,-0.001646361540994401,-0.0017123886073737715,0.009820864067439539,0.007128309572301594,-0.006349206349206216,-0.008510638297872242,0.008369173544112485,-0.007359924026590581,0.0007389769274981361,0.0005092514004414461,0.009265075376884369,-0.002268526298101148,-0.003898997400668458,-0.00031959092361766306,-0.0064249655805415085,0.009180961584923875,0.00936492185561888,-0.013060076351215755,0.00989049805722364,-0.002391986844072269,0.003046636981485662
2017-01-27,8.20075446941182e-05,-0.004602109300095969,-0.008396404919583822,-0.0034129692832765013,0.018206130425838296,0.007807417046193921,-0.02368082368082358,0.011475106422357939,-0.002334024896265663,-0.010224274406332445,-0.013944316086723196,-0.010977544035395415,-0.0009388993211035812,0.01118210862619784,0.013769670958512004,0.0020749279538905263,-0.008610380291796171,0.008040695766327488,0.0037326094333220983,0.023494632021160866,0.022063157894736785,-0.00857409133271203,0.004475703324808178,0.001385681293302632,0.005745750538663996,0.0014746543778803023,0.009771986970684043,-0.010318293109478738,-0.01603476697137729,-0.0010514018691587523
2017-01-30,-0.002624026240262478,-0.007801964939317951,-0.01270125223613594,-0.017551369863013755,-0.02222446711789061,-0.004841833440929699,-0.01731259337375879,0.015004574565416373,0.0023394853132312488,-0.001666111296234618,-0.025087866702957262,-0.012871913905887267,0.0010120725800619734,-0.014744602422327446,-0.002204974422296724,-0.010353157713102523,-0.001688781664656247,0.0013022952954582223,-0.011606941627225642,-0.00988142292490124,0.008898409821207931,-0.0020680579056213677,-0.0035009548058562157,0.00034594095940954084,-0.004522732682694541,-0.005521811154058587,-0.004637096774193661,-0.009012192966955435,0.011574779165397509,-0.0076014501227926745
2017-01-31,-0.002302063635616247,0.004756819726240202,-0.012985444222987308,-0.01350762527233107,-0.01167475978923449,-0.003567953292247794,-0.004203183688070156,-0.002614025599423031,0.018412863070539354,-0.008678237650200371,-0.004418387288639636,-0.019581017528858546,-0.006427384993139218,-0.016034206306787868,0.0010607265977193858,-0.016273393002441128,0.004591590140164303,-0.003657941798081654,-0.003420362558431145,-0.007369875633348566,0.01037158023683138,-0.0033911077618689056,0.013414244650271634,0.009798270893371708,0.008130081300812941,6.169412055023749e-05,-0.007291877658497037,0.0044579172610557105,0.004817825956037192,-0.011430591562573644
2017-02-01,0.06098063452822422,-0.00212560386473426,0.0033655611308285316,0.011042402826855202,-0.005749529583943147,-0.007161458333333259,-0.0031432420296362285,0.0058743786714865465,-0.015024191494779848,-0.00033670033670030186,-0.006035186968873174,0.005886970172684469,-0.001017589765954452,-0.008147745790331284,-0.00017660044150102916,0.0037811650714878464,-0.0074573009381766475,-0.0012237904870685545,0.002002059260953981,-0.016550657385924317,-0.00889104429356602,0.0022684310018903364,-0.0018909549322407848,-0.003082191780821919,-0.0023719165085387406,0.0037631091918570725,-0.012650479493980793,-0.0074560624889047356,-0.007641594246328931,-0.011324353319823621
2017-02-02,-0.0017087378640776585,0.008036405886909348,-0.010428736964078866,-0.00742682394058547,-0.01408894963726215,0.022295081967213193,0.0109009009009009,-0.006199460916442079,0.005558428128231707,-0.0003368137420006745,0.003704430597124775,-0.0011271513417435708,-0.003565192083818447,0.004381161007666945,0.003002737790338106,-0.004237786933490306,0.0033931168201648543,0.006534879921581416,-0.005651652680253361,-0.006448568732305704,0.006850432229652537,-0.004149377593361092,0.001894537417113984,0.004923852055422007,-0.020922491678554533,-0.011984512322537166,-0.002273196941516842,-0.002861742085494501,0.007096481956817113,0.006149023390402686
2017-02-03,0.004279156617132296,0.010949956776486358,0.0008628127696290733,0.02508802816901401,-0.005225551882265034,0.004490057729313657,0.012120131895553055,-0.0028026399059759566,-0.0017997171872990991,0.0006738544474393926,0.0022853371788917887,0.04574454233757219,0.007520993063161674,-0.004362050163576825,0.0006163599542132747,0.030618276392008648,0.0033816425120773985,0.008277876968024733,0.004937421058674785,0.008073452588253982,0.006074842054106577,-0.008333333333333304,0.011345729593444709,-0.003988149498632687,0.001699854298202963,0.006904702662353879,0.006213753106876441,0.02726457399103155,-0.002998500749625266,0.0010784901138407577
2017-02-06,0.009374031608304856,-0.015296912114014294,0.009729064039408764,-0.007299270072992581,-0.00439536878216118,-0.0006385696040868138,-0.005195033899797363,-0.006618313689936595,-0.0010302640051514933,-0.0013468013468013185,0.0018167851438186666,-0.004025731479560091,-0.010798666473401775,-0.006845564074479782,-0.002111932418162543,-0.004702913512273588,0.000481463649494529,0.0016902768834514692,0.00034277879341870765,-0.0006281407035175768,-0.002817808550036216,0.008403361344537785,0.004362729822374289,-0.00011440338634016722,-0.0046060606060605025,-0.008401803916723405,-0.01132153149444215,-0.012572027239392436,-0.0015037593984961184,-0.0027531721331098824
2017-02-07,0.009517230792846831,-0.0016402933230412753,0.015367727771679496,-0.009515570934256146,0.004737805534618333,0.004792332268370503,-0.014073287307488136,-0.0052021538742356155,0.00232048472347568,-0.003371544167228624,0.0092621893332685,-0.001500125010417519,0.001172247051066,0.0022056796250344846,0.000705467372134061,-0.0005762360262763222,0.008180943214629366,0.001124949779027773,0.00376927470017141,-0.003299811439346323,0.0037946068141450073,0.00018939393939398919,-0.004654049022649653,0.006979405034325037,0.001461276181198068,0.00012460282848425486,0.0002082032063293049,-0.003713527851458731,0.007379518072289093,-0.006481814908174344
2017-02-08,0.003877442408575904,0.00802164878708811,-0.016156156156156176,-0.010043668122270644,-0.004286785982209884,-0.00572337042925275,0.0017057186461979512,0.0,0.011446945337620695,-0.004397834912043264,0.0007838597252873836,-0.007887488523495634,0.009001097694840698,0.0008253094910590786,-0.0007049700387733449,-0.008763837638376404,0.0028639618138426304,0.0006421061080343904,0.007453345471096995,-0.0014188869620053168,0.015844928818466997,0.02026131414504828,0.0018703241895261513,0.0036359504601748416,0.0021887159533073852,-0.0013704603500903634,0.006869275603663683,-0.012602058927937532,0.013753924353416158,-0.015585357013410572
2017-02-09,0.002877915783096041,0.01418983700862908,0.0028691777058786894,0.019850022055579952,0.011301259283177156,0.007355292612727826,0.006094282129413875,0.00449541284403665,-0.011317395727365231,0.0054366292898402335,0.00021689882874631472,0.01606864930803864,0.006019727299100719,-0.02528862012094557,0.005996472663139185,0.014425314099581366,-0.01832460732984298,-0.0015240234218336646,0.006268707290902009,0.011367224502683904,-0.013064133016627011,0.026540460282108436,0.007467330429371533,0.0038492018566738118,0.002426595486532346,0.0008109288254007918,0.00909654744676458,0.019773503505302825,0.018728801061790312,0.004418262150220897
2017-02-10,-0.002265518803805988,-0.0027415390432974363,0.011869978086194166,-0.0017301038062285112,0.02501064282673493,0.0003174603174602719,0.007037234990201258,-0.002100648461046628,0.004501607717041667,0.004393376140588101,0.005770667180685862,0.004843717656799695,0.008218585538173118,-0.0033840947546530664,0.010168302945301466,-0.002293577981651418,-0.01624242424242428,0.010764781491002573,0.0046020877764059165,-0.0009366219169528733,0.006578419574809313,0.016452721026938955,-0.0009264978381717803,-0.00789444005864448,0.0016945049624788044,0.0019321864871604255,0.003482892849825836,0.0022915564956813572,-0.015344528083381603,0.008308895405669592
2017-02-13,0.008855585831062607,0.019527917338136414,0.010828370330265402,0.013864818024263537,0.02273907174748202,0.014598540145985384,0.007607253427686755,0.003569467325645226,0.007554417413572434,0.010767160161507361,0.0049230400670778884,0.01462590639419914,0.0001430103682518169,0.013016411997736066,0.005553627212773415,0.013218390804597746,0.0009857072449481752,-0.002225401367032198,0.011284916201117268,0.011249999999999982,0.00422411731888106,-0.002312344361437124,0.008037094281298174,0.0038649539615778217,-0.0176413726437894,0.007713841368584884,-0.008779093507554125,0.0038691523039042774,-0.0036753895912966517,0.005816771691711242
2017-02-14,0.012979218245930069,-0.007159460715946087,0.0027971195619829192,0.028205128205128105,-0.004162436548223347,0.010634970284641998,-0.012202616100430164,0.006201550387596733,-0.008260261786758094,0.007989347536617952,0.0012753885763325812,0.012953262679173294,0.010652748981196947,0.0036312849162012384,0.004142216085605943,0.015995462280204098,-0.0022156573116690614,0.0021507089373904442,0.0032040658490772866,-0.0023176761433869597,0.0,0.006418256373685205,0.0042931616068691,-0.0050956856528139305,0.002460024600245969,0.007037471448854804,-0.005767250257466383,0.015767344078486234,0.013132654566917479,-0.0021686746987952255
2017-02-15,0.0036290919863721793,0.0030904663794717457,0.004747774480712286,0.021612635078969156,0.009481088796003512,0.01578458681522732,0.0004443654461427915,-0.0013595576905646167,-0.016145566376217335,0.002311756935270859,-0.0032260752592168096,0.004329351399021908,0.005871533672891838,0.0033398274422486995,0.007218975592987231,0.011500669941938435,-0.0022205773501111636,0.005325490819489742,0.0005506607929515184,-0.0006194827319186968,-0.005634920634920548,0.003365810451727125,0.02320610687022895,0.037104484407011196,0.009079754601226897,0.007110893152700193,-0.003936192251916437,0.009830976198689223,0.0004369356248179468,0.004105288577638255
2017-02-16,-0.0012176223156962207,0.00560171786014374,0.008919078558771387,0.0,-0.007675217127852907,0.02376599634369292,-0.016789553166918214,0.004810310401161644,0.027611357124251112,0.0032948929159801743,0.0057922896861413165,-0.004390516484393703,-0.004571348196075742,0.009986130374479929,0.007508532423208258,-0.0006623247599073512,0.018793273986152492,0.0017394054395951652,0.00941111722619703,-0.00015496668216341547,0.007183334663580343,-0.006179378531073421,0.003282602208295904,-0.0036215978928885173,0.0031614785992217787,-0.003895550550855109,0.007903494176372705,-0.0073441502988897955,0.002620468772747131,-0.010341510341510318
2017-02-17,0.002770697107392195,0.003713675610435452,0.011123470522803158,-0.0024410089503661414,0.006004477915733553,0.004166666666666652,-0.003162269606071688,-0.005871195014000463,-0.006844106463878452,-0.002627257799671545,0.005200850184642114,0.0037684413085310453,0.010315105270594982,0.001922548750343367,0.0066056910569105565,-0.003313818623660647,0.0007281553398057472,0.008681925808997626,-0.0025080420914890267,0.001549907005579776,0.005309453997939695,0.008171966601527858,0.0,0.0033043286705582986,0.005575757575757567,-0.03684692942254808,0.0150639702847708,-0.0005161734342737923,0.007260055176419256,-0.006561360874848043
2017-02-21,0.007220748600058835,0.028397003052446745,0.01650165016501637,0.01060358890701485,-0.007587253414264028,0.011558980438648447,0.012598567932565974,-0.0004542976558240541,0.009315977539561038,0.004939084622983092,0.0032130411670900916,0.005511622334052113,0.014125874125874294,0.0010964912280704286,0.006730607437321234,0.008644574975063657,0.005578462284744123,0.001877934272300319,0.002295709210166752,-0.002011761064686035,0.011035787482263748,0.01074889867841411,0.0,0.006367329015259715,0.006027000964320184,0.018715898997589075,0.004879040455377126,0.0027543467033912528,0.02998414300129726,0.001590019569471579
2017-02-22,0.0029992684711048767,-0.001439107753193114,-0.0011392116655274398,0.0004035512510087713,0.0010193679918450993,-0.001171989452094957,-0.011994271392767653,0.0009999090991728021,0.009862182323934876,-0.006225425950196595,0.0024609370400461295,-0.00011916110581511319,0.0015859881395667852,-0.01232201533406363,-0.0011699816145746,0.0005493901769035858,0.0033767486734201935,-0.0014839112777257357,0.01456072421879262,-0.0020158164056441885,0.0014033993450803806,0.015341701534170138,-0.0008923259964305208,-0.0025089996727392094,-0.0033549005511620544,0.0,0.004855351001416208,0.0018884120171673846,0.0036389083275016887,-0.011723043106606323
2017-02-23,-0.004230180147327012,0.01062871554674838,0.008553832116788396,-0.008471157724889156,-0.026985743380855465,-0.0014667057788209092,0.005798151839101262,-0.003541590991645527,0.013021159383998837,-0.010220903395977587,-0.0004228528472092208,-0.002145155523775477,-0.0037177280550774183,0.0030496257277514704,0.018239625167336015,0.0007687239182956329,0.0014423076923075762,0.0032850997262419135,0.006181466351322218,0.004039776258545791,0.005683587667393297,-0.014594780219780223,0.013992259601071755,-0.0033902012248469005,0.008655926905506206,0.012642461231861413,0.012885041272397757,0.002227553118574477,-0.005578022590991383,0.01050290374397611
2017-02-24,0.0009521716838789551,0.006149732620320814,0.0032794300576726165,-0.01423921887713575,-0.000732600732600619,0.008225616921269108,-0.00810664745090972,0.00537683404720668,0.0129773822766035,0.005662891405729509,-0.0037485311398355314,-0.015287232772005277,0.008568861861654176,0.00967385295743517,0.008463434675431314,-0.00877866783715564,0.002880460873739832,0.0029625009745068986,0.0011752764570756025,0.0,0.013857706897886679,0.008189580066213509,0.005871990604814803,-0.0008778667837155973,0.009773539928486175,0.0028290282902829755,0.005764261578214969,-0.011625918960506021,0.015145140933950252,-0.008559550012227968
2017-02-27,0.001975706132006483,0.003986181238373687,0.011215058611361739,0.014032191498142721,0.02052785923753664,-0.0017482517482517723,0.014802034144569598,-0.0008158085569252016,-0.0012201073694484421,-0.008280887711162643,0.0021938877814604574,0.008004851425106096,-0.004453579993148216,-0.0005474952094169927,-0.002688829137130311,0.0011070519207352358,-0.002632838678793714,-0.012903225806451646,-0.002667947281361771,-0.00603528319405755,-0.008323152107513776,-0.0029381265122709888,0.0005837711617047159,-0.0017572762218560634,-0.012747875354107596,0.014227891573653784,-0.013043478260869601,0.004324511330219716,-0.008979140765299154,0.005673408978786432
2017-02-28,0.00043818009201790353,0.012793365096170906,0.004458563227999646,0.004477004477004387,-0.008004926108374444,-0.0023350846468184194,0.006711409395973256,-0.0012700716683298197,0.008429025164915727,-0.004342017368069606,-0.005578636411783355,-0.0050936509846388756,-0.0026841018582244303,-0.00849082443166238,-0.001552287581699452,0.002101072652880731,0.006959443244540342,0.005197259626742445,-0.002996094376972902,-0.0038922621827807147,0.00870100870100865,-0.009187034148032569,-0.004667444574095736,0.0019804158873362177,-0.0007173601147776321,0.0,-0.006207448938726379,-0.003100241129865622,-0.011290772233063628,-0.002698062300711457
2017-03-01,0.020439448134900173,-0.008275982228417189,0.020418354325029142,0.03322528363047006,0.019863438857852245,0.0076067875950847075,0.012266666666666648,0.00862930329730216,-0.007510599636583737,0.01274740020127485,0.013989324559430916,0.018745464806901646,0.012214477951832281,-0.0074585635359116775,0.013501350135013634,0.03288457294195535,0.004766444232602307,0.010967489228358884,0.01883552455057691,0.015004688965301716,-0.012137404580152666,0.01382085374387687,0.008792497069167737,0.006478532996595954,0.00598229241445325,0.015479501753537406,0.0036268386056821367,0.03196268140981329,-0.006767235302410857,0.020905066404328654
2017-03-02,-0.0059374776450388245,0.008520730850316127,-0.005002446849002196,-0.010588235294117676,-0.042807871779265594,-0.0014518002322879697,-0.004566210045662045,-0.004052593659942372,0.005248382765775661,0.0,-0.008053691275167751,-0.006529223220292035,0.008658303790564315,-0.0005566379070415239,-0.0018569352494752778,-0.015598290598290543,0.007352941176470562,-0.006354126307632879,0.00015801116612235155,-0.014320911610717468,0.01182288849393398,-0.002588438308887109,0.0026147588611271644,-0.00818241326641933,0.0007136060894386009,-0.0037513397642015,0.0034129692832762792,-0.01707684580612756,0.004400283889283152,0.003372681281618828
2017-03-03,0.005900978698906156,0.0074906367041198685,-0.00442647139187935,0.00832342449464929,0.008054260279779513,-0.0029078220412911415,0.0016760762173606558,0.005877565783524608,-0.005463817387081127,-0.002318648559125558,-0.0009060422427487058,0.007289094240420457,-0.0009462656302804406,-0.0002784739626844335,0.0012941842594840214,0.007163012806598701,0.00023546032493526603,-0.0025735007408561605,-0.0030543999157406354,0.0037494141540383996,-0.0010691919963340402,-0.019031141868511958,0.00028977108084626835,-0.004509954900450919,-0.0014261944378417546,0.00531946685792839,0.0022008803521409437,0.0030659172202349705,-0.010316563029960535,-0.010084033613445453
2017-03-06,-0.0031478036915152385,-0.008299472637676164,-0.006861345921616024,-0.007468553459119565,0.0056770395290159925,-0.002916302128900594,-0.003346543372963362,-0.00512405609492983,-0.0004883408619215102,-0.003984063745019917,-0.0021317190370755412,-0.003479773814701992,-0.004600500642716998,-0.009192200557103014,-0.0006462557557154192,-0.00948275862068959,-0.007062146892655274,0.0010164190774042403,-0.0021657598647720766,0.0003112840466925615,-0.0012232415902142524,0.0012345679012346622,-0.004924681344148363,-0.0014364640883977042,-0.0011901928112353355,0.0029726516052319685,-0.0011978438810141823,-0.004754627271183587,-0.0021419391689276868,0.004487024011642138
2017-03-07,0.001291804219893944,-8.717635777166777e-05,0.006024429337312842,-0.0015841584158415856,0.002822496341208458,0.0002924831822170848,-0.012017319077494037,0.0017168157585614185,-0.0021986075485526113,-0.004666666666666708,0.004579413882233485,-0.004404587119558712,-0.007544348535308831,0.00646612313747541,0.0009700105084471389,-0.00554830287206276,-0.0045045045045044585,0.0003124267749745613,0.0010058231868712575,0.0020227166640736094,7.654623392538973e-05,-0.003875286242733922,-0.010480349344978102,-0.0008852495297111407,-0.0019065776930409228,-0.002371072910491878,-0.011792924245452752,-0.0052891997952567715,-0.00014310246136217675,-0.003742605336230831
2017-03-08,-0.0037270642201835402,-0.012728857890148326,-0.001538292495330218,0.0019833399444664224,-0.02814552277702498,-0.0052631578947368585,-0.019676236472587427,-0.00018040772145044848,-0.016770718570204513,-0.002009377093101117,0.002925453797802957,-0.0026305300916700247,0.0061635392411996115,-0.005027932960893877,0.002180408624727459,-0.0021879444262116188,0.0,0.00015616459748590827,0.0022211645248293443,0.009161490683229578,-0.009261385380788467,-0.0007073386383731339,-0.0023536334215947807,-0.001661313545243126,-0.002626552053486164,-0.002317290552584783,-0.005663430420712046,-0.0015437392795882854,-0.001001860598254023,-0.018056228793019824
2017-03-09,-0.002302158273381205,-0.0021193924408335896,-0.006437768240343478,0.0035629453681709222,-0.019736136436769303,0.0014697236919458678,0.00392299972630239,0.001714182605557557,-0.0033615537848604715,-0.004697986577181235,0.004920106836605598,-0.00023976982097184685,-0.002041927579635061,0.005614823133071489,0.014907332796132211,0.00394693564302151,0.000952607763753166,0.00039035053478020387,0.0020579388950452415,-0.004000615479304415,-0.0053306551297898075,-0.002654397451778423,0.004128575641403787,0.002218770800976211,0.00406990663155371,0.0005955571437079588,0.0024410089503661414,0.008417797629273416,0.0008595988538682153,0.007898309268172365
2017-03-10,0.003316988751081551,0.005132743362831871,-0.010356094589355935,-0.0015779092702170594,0.010066746908852231,0.005576753742295271,0.005179934569247591,-0.0009907232279564582,0.007370393504060102,0.02090357383681729,0.004155786626876656,-0.007194819729794633,0.0015686809439365845,0.002512562814070307,0.0020643112346168113,-0.0031669760838701766,0.006186057577920456,-0.0012486343062274585,0.006898367561874785,0.003089757454039832,0.01017475728155337,0.0012420156139105742,0.0017621145374449032,0.008080584458711515,0.009775870290891886,0.011725492530206605,0.0014204545454545858,0.0025553662691653045,0.0034354423131977008,-0.000734663891269749
2017-03-13,0.0004312203536007697,0.005986969536890374,0.001958589815333145,-0.0003951007506913795,0.0035749106272342512,-0.004670169293636839,-0.011391375101708734,0.005409304002884863,0.0028521825396825573,-0.013870541611624931,0.003685838833069388,-0.0008857395925597755,0.003949608443990504,-0.02088554720133673,0.003723952143253495,0.0008764241893075564,-0.00614802553795224,-0.002891076730739184,0.0016212541185085527,-0.003388264284614362,0.00307550361371689,0.004253056884635953,0.0,0.0026353354562425046,0.000472255017709422,0.0013531003647488937,0.002431610942249085,-0.002548853016142716,-0.002139800285306581,-0.002328146060531777
2017-03-14,-0.0015086206896550713,-0.002100472606336501,-0.001787210276459228,0.0007905138339920903,-0.008419689119171014,0.0005865102639295294,-0.018198445358939108,0.007083931133428978,0.0,-0.010716677829872734,0.0015383191838811427,-0.0017730496453900457,-0.0018313776029302842,0.0005688282138796019,0.0029207451847172994,0.0016418563922941942,-0.001427551748750977,0.0014889115273097886,-0.006213450292397615,-0.004636068613815492,0.0008431703204045959,0.010764072701605842,0.0032248607446496713,-0.003395027926842653,-0.00660844937455729,-0.0067563597908466555,-0.002223569840307249,0.0010221465076660774,0.011007862759113696,-0.005281257676246653
2017-03-15,0.01057630045326996,0.011050692860901545,-0.00011190063223842639,-0.005529225908372903,0.016329196603527052,0.003516998827667095,0.014157973174366623,-0.003917727717923536,0.01397304315568193,0.007447528774543022,0.0028640389878855643,-0.0037946068141450073,0.005368306605055606,-0.0022740193291642674,0.015033451397087783,0.0024041088405639677,0.0035739814152966343,0.000625978090766699,0.004571008248830832,0.005278683434249309,0.010186107069005246,0.006634078212290451,0.01198129748684984,0.00439560439560438,0.011879306248515187,0.01608896249852121,0.015802269043760253,-0.0008509189925118843,-0.0019796380090497667,0.012470675392023844
2017-03-16,0.0016374768617399837,-0.001648160999305981,-0.0029097420401769103,0.001588562351072298,-0.005462724935732743,-0.0002920560747664558,-0.009368111682586333,-0.0014302315187272319,-0.004634146341463308,-0.00033602150537637154,0.0018540056886882095,0.005835156819839593,0.005272051368705677,0.0011396011396012096,-0.003877171215880937,-0.0009811403030633992,0.0030864197530864335,0.0007819831091648854,-0.0046548117154811,-0.0016988416988417132,-0.015163002274450332,-0.0010405827263266776,-0.005775339301184013,0.00043763676148778075,-0.0035219535102137822,-0.0027942717429269015,-0.001994415636218605,0.010390052801907634,-0.0019835647492207897,0.0008536585365852556
2017-03-17,-0.004975478001279288,0.007993744026414173,0.010718895560918096,-0.014274385408405976,0.0006462035541194844,0.0,-0.0016688299647690252,0.00044758750335693875,0.0026954177897573484,0.0043697478991595595,0.0027241379310345426,-0.017242768511804063,0.0058495259866873095,0.0036994877632328116,-0.0031138097462245495,-0.010475774770842383,-0.0052071005917159185,0.005157055789966947,0.010771898481425124,0.0035581683168317557,0.0025404157043877884,0.003472222222222099,-0.0031948881789136685,-0.00481189851268593,0.004005655042412792,-0.0093403385872739,0.0069944044764189695,-0.010957518543492917,-0.007808063600227122,-0.0008529304252467007
2017-03-20,0.010500750053575203,-0.00025859839668995743,-0.0039422543031649715,-0.016894609814963713,0.026800129157249053,0.0014607069821794827,-0.00018573551263012522,0.008500357909806633,-0.008064516129032251,-0.0046854082998661895,-0.0051125096002843096,-0.007378863654997181,-0.012032085561497263,0.00453643322937336,7.808839606426865e-05,-0.0071680635200706,0.0035688793718771095,0.0010883084577115731,0.003379080889997832,0.0009249267766302527,-0.0026107655686093967,0.0152249134948097,0.0017482517482518833,0.002417582417582498,-0.004459047172025277,-0.0100176782557454,-0.002976781107362547,-0.017726265553093534,0.0012877378738016532,0.0
2017-03-21,-0.011452000565530973,0.006552853940334558,-0.019120352305033617,-0.05810147299509005,-0.03113207547169805,-0.011668611435239118,0.003529630317666843,-0.008517434122970347,0.018477457501847816,-0.011768661735036878,-0.020474473159659445,-0.037746758073841535,-0.00805142083897159,-0.01100762066045724,-0.006402748496915689,-0.029323558813728723,0.007586533902323334,-0.0020189470414659905,-0.004559349256515133,-0.011088864931464881,0.015089691277234696,-0.01141785957736885,-0.0037812681791740133,-0.00032887524665647927,-0.008015087223008144,-0.0017857142857143904,-0.0015923566878981443,-0.03088669095956964,-0.0011431837667904565,-0.002073170731707319
2017-03-22,0.01129862700228812,0.013448689395237245,0.005796771993634708,-0.0034752389226758718,0.0,0.006493506493506551,0.0032395409107737194,0.002953020134228268,0.0009675858732463016,0.0047635250085062975,-0.0003999341284964819,-0.008283261802575104,0.005115612850419504,0.009417808219178037,-0.007779960707269162,0.001602013960407378,-0.002823529411764669,0.00451291627762207,0.0004684328319366493,0.012770596480299101,0.004247250663632851,-0.07050508533011546,0.006423357664233631,-0.0021932229411120163,-0.01021863117870725,-0.0039952295766249035,-0.00897129186602863,-0.009310653536257929,0.005007153075822446,-0.0008554319931564081
2017-03-23,-0.0035355678121906653,0.005409517369622252,0.0015820996722792913,0.005666957279860441,-0.002163799632154073,-0.004105571847507372,-0.004797490543408056,0.001427551748750755,-0.0009666505558240113,0.0030477480528277034,-0.011943986820428298,0.0035919851127363955,0.004275244299674297,-0.0028272547356514854,-0.0028512593061935654,-0.0015994516165885875,-0.004955167531854654,-0.0007745933384972759,-0.0004161897825408767,-0.002460402890973379,-0.0024167358960802687,0.026891691394658634,-0.005221932114882533,-0.0024178481151775344,0.0,-0.010417290307130456,-0.001408167370750335,-0.0014458702331465734,-0.00555160142348754,0.0012230919765165993
2017-03-24,-0.001986942946352599,0.003110550651534094,-0.008123660160216595,0.0021673168617251104,-0.0008673967255773407,0.0035335689045936647,0.0011124501715027435,-0.0008909479686385335,0.0037493952588290025,0.0033760972316001503,-0.005371285654737101,-0.01504959034066411,-0.0018920197310628994,-0.003118797845194421,-0.003335980937251848,-0.001144295686005159,-0.0011856770215794565,0.0026356589147287224,-0.003278859165191994,0.0016956990904886116,0.005375123022181905,0.017879718258985156,-0.008457276173811534,-0.002203371157871614,0.0007202881152461593,-0.00175449210478551,0.0008058017727639033,0.010497737556561137,-0.003578585742914364,-0.007696066454922934
2017-03-27,0.0017064846416383617,0.005782769024472056,0.0015925378227732434,-0.0038927335640138727,-0.006945198046663048,-0.002640845070422393,-0.015834799518473885,0.0021401819154627244,-0.0024099289070971253,-0.009421265141318913,0.004035251574586285,-0.01282780964055863,-0.0056868187665019,0.006541524459613202,0.0025502072043352975,-0.0005728032993471688,0.0047483380816715215,0.0011597340343281193,-0.005639392198840687,0.0018467220683284769,-0.012801204819277268,-0.007629524485450623,0.0052941176470588935,-0.0008832946891906834,-0.004558541266794558,-0.00242424242424244,-0.010869565217391242,-0.007881067526419483,0.000718287602355927,0.0002462144527883847
2017-03-28,0.020726859738784853,0.0031664027997666544,0.007155025553662764,0.019539730785931297,0.015735985138236153,0.0008826125330980705,0.008374106134738435,0.005961914931482459,0.0016910254861697283,0.006114130434782705,0.002528294236204598,0.017074685116196697,0.002246885000340315,0.005933879627013194,-0.0011128775834657878,0.015589179275561582,0.0025992438563327003,-0.0003089041624837474,0.0029407131229324257,0.0029185867895547,0.0012204424103736677,0.01233684963347037,-0.0005851375073142595,0.002983755111062081,0.0016871535309712637,0.004556500607533431,0.0032560032560031704,0.010290666185232,0.009474590869939625,0.00726153846153843
2017-03-29,0.0022253129346314626,0.005399119528200158,0.0015223274695532751,-0.005536626916524678,-0.0009682625067241046,-0.008230452674897193,0.00839787253895663,-0.0045997346306942966,-0.006149764861931861,0.002025658338960179,0.010991756182862966,-0.003837265076527374,-0.0010869565217390686,-0.0008426966292135463,-0.005888906573292996,-0.0037246049661399105,-0.0002356823002591657,-0.00471224410969473,-0.0016231216294047002,0.002756930617245912,-0.005409111686728529,0.0010596962204167948,0.004976580796252961,-0.0017628911414721005,-0.0026467757459095465,-0.011551254913819142,-0.0034482758620688614,-0.005182273052180109,0.005972696245733822,0.0021994134897360684
2017-03-30,-0.0013183458229253375,-0.0010740251156643454,0.0019703878849293144,0.022269807280513865,0.003876803790652694,0.0,-0.0026834459146848344,0.0057762374477916545,-0.004610531424411479,0.006401617250674008,-0.0004588937131561055,0.012125191507988742,-0.0006120783460282775,0.005060444194545877,-0.002081332052513596,0.00860994675427662,0.004243281471004279,0.003725551071095845,0.003146633102580232,0.003665801130288582,-0.018536959019532895,-0.011291460832745237,0.0005825808330905957,-0.004415011037527505,0.00747889022919157,0.009483602545276693,-0.0014247913698350878,0.010238907849829282,0.01201583262651984,0.02048280907095834
2017-03-31,-0.001875911901618954,0.005210487139194475,-0.006292841892347356,-0.011730205278592476,-0.0049345633984122506,0.0017783046828687699,-0.0038040452774169564,0.0018554514931965471,-0.0003656752803510299,-0.0023434884499498043,-0.001977680463342346,-0.006487328085805766,-0.00081660428717234,0.008951048951048923,-0.000882400128349059,-0.013366281028866611,-0.003755868544600971,0.0022424992267244814,0.0002613969050606624,0.0022827575711459325,0.0018730976352143713,-0.005531763026409786,-0.004075691411935978,-0.0038802660753881613,-0.005028735632183978,-0.005939753924480429,-0.006318793314309068,-0.01031294452347098,0.006844531359128325,-0.020191158900836337
2017-04-03,0.0002784351942084484,-0.0032088201415172435,-0.001187379848467729,0.0,-0.005282449331608596,-0.0065088757396449815,0.004004843066033326,-0.0016756327718493447,0.002926472381416856,0.0026845637583892135,0.010556735079028101,-0.0033083754135468935,-0.0014302254307703155,0.002495148322705809,0.001124046567643422,-0.0036429872495447047,-0.000706880301602264,0.0,-0.0031882088538128794,-0.004706954145156428,0.0027264937290643054,-0.003050421675937498,0.0008769365682548269,-0.0018920422927098945,0.0004813477737666272,0.009633558929333708,0.008820512820512771,-0.0030542579949693893,-0.0034683684794672986,0.0007316180953540474
2017-04-04,0.007446068197634048,-0.003384234420140464,0.011604868383809697,-0.006358626536667966,0.02015823127777172,-0.0050625372245384215,0.007977736549165115,-0.001413427561837377,0.0014589665653494954,0.0046854082998661895,-0.004878902830463883,0.0013102725366875845,-0.0019096985404446487,0.0033185840707965486,-8.019889325516782e-05,-0.0023994515539305095,0.00636642301344037,-0.0024689452974309134,-0.0027789429530201692,0.0027459954233410855,0.006370416407706525,-0.009359251259899226,0.0029205607476636697,0.0025646743978589015,0.0028866971373586736,-0.0037441874509330786,0.0026433509556731405,-0.005226166876914795,0.002505916747876924,0.0036554161082005265
2017-04-05,-0.0051806313462734455,-0.0008282259400363978,-0.009065472859540957,-0.011518771331058053,0.0011685966216934407,-0.01227177491768916,-0.000184060371801964,-0.00035385704175516786,0.006070171178827133,-0.0016655562958027836,-0.0042929026355608135,-0.006978975835296164,0.0020500205002049743,-0.001653803748621896,0.0009624639076033503,-0.012827854770358527,-0.002577319587628857,0.008662696264212233,0.00026289499973719543,-0.002586338049596848,0.008491585610622243,-0.0010901162790698526,-0.004368083867210437,0.000667334000667319,-0.004317582153993804,0.002424683275747075,-0.005881160008111896,-0.003985507246376918,-0.0049993056519928025,0.0019424547772246559
2017-04-06,-0.0024996528259965123,0.010858753315649894,0.0016376778857012386,0.0038843331894691246,0.016765704584040808,0.00242424242424244,0.005983063328424132,0.00044247787610607325,-0.0033787860504405076,-0.001334668001334638,-0.0044939981859088984,0.004304664851093598,0.004091653027823439,-0.00524572059635553,0.0020032051282050656,0.0033646594732568147,0.0023490721165140283,-0.001993712138639636,-0.0018397813288478782,0.002593044539353384,-0.006736068585425525,0.002910149145143759,-0.0023398654577361233,-0.00633544514838269,-0.021922428330522714,-0.00018141138054061923,-0.012035903712770413,0.0070934885412876625,-0.0030704815073272496,0.005816066884769322
2017-04-07,-0.0022274815536683645,0.0013940139401393825,0.008344139369679038,-0.004299226139295009,-0.003130870381966133,-0.0036275695284159193,-0.003934486229298262,-0.004157452454666033,-0.0039956411187794805,0.002004677581022296,-0.0035439802625740757,-0.0033240027991602306,-0.0007470795979354072,0.0,-0.0010395841663334293,-0.0034690101757631764,-0.0014061401453011602,-0.0014598540145984717,0.0005266206751277647,-0.0007606876616460534,-0.006396424167694037,-0.0005440696409140244,-0.0002931691586044449,-0.0019015659955257114,-0.00024630541871917266,0.004112737389621479,0.004749122444765552,-0.009571970381072714,0.02057958840823182,-0.003011685339115777
2017-04-10,-0.00118599134923969,0.0029479200786111104,-0.007212748112943812,-0.006044905008635637,0.016959798994975017,0.0015169902912619548,0.005236083042439832,-0.0013323858589446846,0.0017019207391197888,0.0006668889629877217,-0.0004750029687685675,0.004432157275759074,0.007340447223543878,-0.006383569247849108,-0.004642971501761073,-0.0034810860988629955,0.0018774935461158826,0.00015389350569394722,-0.0014737617769355893,-0.002283800243605416,0.003878073373148272,-0.003810560696788312,-0.0017595307917889214,0.002913818222570752,-0.005173688100517437,-0.003252620166245168,-0.002466091245376001,-0.005470459518599591,0.0021947873799725848,0.00447075882068626
2017-04-11,-0.010756443388978076,0.002286087524493885,0.005688218067132267,-0.004344048653344812,-0.00041177681696524804,-0.00272644653135401,-0.004203600475189639,0.005692430845859464,-0.0025485436893204483,0.0009996667777407708,-0.0021622906023524013,-0.005024247455109321,-6.747183051092343e-05,-0.0016759776536311444,-0.0009650957053241038,-0.0017466231951559497,-0.0007027406886859211,0.009386059393752921,0.0018976332296662957,-0.0007630093087135359,-0.0008498802441475606,0.0003642987249545815,-0.003231492361927102,0.003464074198234357,-0.0017335314512134659,0.002115059221658333,0.003296250515039123,-0.006967363403006965,0.005064330687106544,-0.003488511969204744
2017-04-12,0.0012003106686437892,-0.003176930596285432,-0.014112112896903062,-0.01178010471204205,-0.023069001029866087,-0.009113001215066974,0.0,-0.0002653223666754245,0.007178488867258803,-0.00898801597869503,0.001881221126827759,-0.008738034600860645,-0.011201079622132237,-0.0030777839955231645,0.009499275478988878,-0.0038492942960457466,0.006563525550867366,0.00045731707317075987,-0.001946651233756036,-0.003817959682345773,0.009201979585524267,0.011835396941004994,-0.00029472443265543546,0.005679287305122571,0.006201935003721237,-0.0016281734306218265,0.004517453798768001,-0.019202363367799125,0.00013618412093130416,0.0015692901979720286
2017-04-13,-0.005289139633286366,0.001879545640271152,-0.0024424879295654733,-0.013686534216335478,-0.018553658022348762,-0.006131207847945963,-0.02633752408919887,0.0014154281670204494,-0.0022952403962309686,-0.007054081289889158,-0.0015211655931358647,-0.010764119601328948,-0.004299167462808784,-0.010665169800729846,-0.0032695374800638666,-0.011709601873536313,-0.0034932463903120103,-0.0038092335822033085,-0.0055350553505534306,-0.004292503449333185,0.0019921845069343913,-0.004138923879791201,-0.001179245283018826,-0.003100431845864282,-0.006903353057199246,-0.0036240637835225353,-0.00613246116107935,-0.03332078313253006,-0.003948801742919228,-0.015427262866096192
2017-04-17,0.0055299539170508005,0.013458401305057155,0.019359981778840796,0.021038495971351878,0.011170784103115006,0.0058605798889572736,0.0006597549481621723,0.005123674911660769,0.0041167211526820235,0.0027063599458727605,0.01779380608917136,0.013164965072541612,0.009594955794667959,0.006524822695035404,0.005840467237379077,0.017298578199052006,0.0065435849497545995,0.004512083205873374,0.00906440498277239,0.008160123171670586,0.0010705819377532233,0.016263100831225064,0.0035419126328215533,0.003998667110963083,0.0004965243296921606,0.013457807953443313,0.0039078568490333865,0.026679649464459443,0.004647983595351901,-0.0013465540457828773
2017-04-18,-0.004441937530846984,0.00490945674044263,-0.006535582616467472,-0.004384042086803985,0.002655619290418576,0.0018399264029440587,-0.004615239709899188,0.0036034452452100574,-0.0008440853732064602,0.006747638326585648,-0.001333130635108093,-0.04715813665694324,0.0030547824316067285,0.00803269447576116,-0.03102131721285406,-0.008152806894945241,0.009519387044346406,0.007232584697373534,-0.000735448623660484,-0.0013744654856445715,0.00786800091666029,-0.0023115220483641563,-0.004705882352941115,0.004535899988936887,-0.001240694789081842,0.008434023208517827,0.008399918049579957,-0.005121396054628136,0.005442917403728487,-0.006496690365285662
2017-04-19,-0.0036827195467420415,-0.001521704308825922,0.0030924936744447518,0.0013210039630118242,-0.009746795211357129,-0.0006121824303643164,-0.013720666161998518,-0.004028373763026449,-0.0061549601737871384,0.00536193029490617,0.002950854225459265,-0.006957651096989648,-0.003654574986464487,0.004054242974975475,-0.003693974716795223,-0.008219821512447156,-0.0057497700091996284,0.002569916855631016,-0.0020502575964671532,-0.005352500382321379,-0.0033348491738668384,-0.004455533772946052,-0.006796690307328768,-0.013215859030836996,0.0,0.003914822943235086,-0.005688744412840285,-0.005719733079123102,0.0024360535931788885,-0.006909315237507707
2017-04-20,0.012510662496445724,-0.0029678350846233936,0.0050448430493272856,0.014511873350923521,0.01273135765486244,0.005513016845329233,0.006236208385301589,0.009320320056273701,-0.0038858530661808333,0.008999999999999897,0.004168077430502848,0.018543603157550548,0.010188833038989209,0.007518796992481258,0.0041196341764850875,0.012905517404688593,-0.003238491788109976,0.004749698431845806,0.007006268766791335,0.007072570725707106,-0.004790874524714828,0.009667024704618665,0.0038678964593872323,-0.0030133928571428603,0.0027329192546583503,0.013530280649926008,-0.010829587249693517,0.025886864813039256,0.009855542054812982,0.006460429867064299
2017-04-21,-0.0011934849761302546,0.0010458567980693445,0.006023424428332369,-0.015604681404421283,-0.0035918022395943217,-0.0003045994517208994,9.534706331049136e-05,-0.0030490460841537947,0.0021943191515299,-0.02378592666005941,-0.0013138312715096356,-0.005503072548839749,0.008606777837547153,0.003869541182974112,-0.000902601132354186,-0.012039742840444179,-0.00046414481318179934,0.0010504989870188108,0.001778614772965037,0.013740458015267354,0.016428516848781216,-0.009751773049645363,-0.0029638411381149865,-0.007948057763349281,-0.010654112983151665,-0.002215226769266665,-0.02396199132410648,-0.009345794392523366,0.0018716577540107693,-0.003950129613628062
2017-04-24,0.009629577563786906,-0.004661255324278857,0.00931367113870718,0.0405107881990312,0.02639949109414763,0.014015843997562394,0.009915149203927998,-0.006466270534777996,0.004500669018367542,0.0,0.02326095814657414,0.029327676842202166,0.012599999999999945,0.01183920704845809,0.009280551905387568,0.035257927117841925,0.004875783608079942,0.006146465782175259,0.01425587467362921,0.01701807228915664,-0.002029769959404626,-0.006803939122649982,0.0029726516052319685,0.0104942450914014,0.002253944402704766,0.006835709277868807,-0.004232804232804255,0.01226415094339628,-0.0021350413664263934,0.005205105961085588
2017-04-25,0.006196045669730088,0.0007266855066612177,0.00796440733824011,0.014811680067710498,0.07860758186137784,0.0042067307692308376,0.007552157084867339,0.013016710642040463,0.0013320416565754112,-0.0033840947546531774,0.01127507310024689,0.01527640892393145,0.007505431562314868,0.0032653061224490187,0.004394173651232958,0.008685714285714408,-0.0039279112754159184,0.055650748714892284,0.004633681717551408,0.005775211017325699,0.0012806026365348444,-0.0003605552550928204,0.0005927682276227753,0.005025125628140836,-0.001999000499750214,0.009922822491730932,-0.007438894792773487,0.01696178937558246,0.003610591067130242,0.007643940327949794
2017-04-26,-0.0058811319449249,-0.009117314829756307,-0.009808729769494762,-0.003753127606338613,0.0022984102662324535,-0.0005984440454818163,-0.006090133982947665,0.003472825143253866,-0.0010884024670456682,-0.006451612903225712,0.00033751856352104426,-0.0018973657503420505,0.0077762530222831305,0.0016273393002441683,0.00064814064652019,0.0019261273510084997,0.0030155416376711486,-0.006069160197600509,-0.0006662225183210468,-0.0013250883392226243,-0.0006770990069212557,-0.005229936880072228,0.002665876777251386,-0.025111111111111195,0.012518778167250888,0.0019535738910596567,0.014132762312633718,-0.0003665689149561224,0.005063291139240533,-0.004037685060565233
2017-04-27,0.0007655902004453097,0.024102271801970554,0.008309944416928117,-0.010046044370029428,-0.018918402446015614,0.010479041916167775,-0.005750377073906465,0.0022495241391244925,0.003631961259080052,-0.0061517429938483525,0.0025867692376904117,-0.0017241379310344307,0.012320062248735608,0.013539128080151563,0.0018621973929235924,-0.009272871197557486,-0.005319148936170359,0.0002130076682760329,0.005692307692307663,0.006486805248415051,0.0051946096514341455,0.005620014503263215,0.00029542097488910457,-0.0005698655117392093,-0.01310583580613256,0.001433650648010154,-0.014569256756756688,-0.001833516685001868,0.00013257324671878123,-0.001719901719901773
2017-04-28,-0.0009736421169760368,0.0013516736900691662,0.008787250300185567,-0.013107822410147962,-0.004090377873003481,0.009481481481481424,0.011662084004930406,-0.002071823204420009,-0.004825090470446436,-0.0030949105914718222,0.03710849860899201,-0.008901288694034726,-0.00012810658467854452,-0.03419716804702111,-0.0021819945046064326,-0.006962675493665138,0.0032550569634968163,-0.006672818911052758,-0.001427770129009187,0.002783067233045333,0.0002995805871779389,-0.0010816657652785722,0.0017720023626699444,-0.004105371193978802,-0.007015785517413997,0.0014315982362709256,-0.016284551103492695,-0.01102130786186617,-0.0034464475079531987,0.004799409303470448
2017-05-01,0.020396797772363362,0.012466253771637348,-0.013201320132013361,0.011568123393316254,-0.002542538627029245,-0.0029351335485765517,-0.007310215557638222,-0.007525951557093347,-0.0052121212121213345,-0.0017247326664365792,0.00897763163587606,0.004691689008042843,-0.012107623318385552,0.004426002766251935,-0.0010528873410544648,0.0006896551724138167,0.0016222479721901273,0.008718645036804196,-0.005208599295307259,0.013876716330704086,-0.0038933812518718858,-0.007579859231185648,-0.004127358490566002,-0.0027481964960494043,-0.013373706787787043,-0.0016582799634033973,-0.0006534524068828595,0.01151560178306088,0.000665070497472664,0.005021432945498949
2017-05-02,0.006344658207122267,0.003137008862049928,0.005756894566588233,-0.0033883947479880216,-0.004803921568627412,0.007948189579040532,-0.005287009063444148,-0.0031378017955199233,0.003899110515413806,0.001727712508638568,0.0045775176346991575,0.0012008005336892058,0.00479865118993561,0.018176810795923926,0.002918761148046123,-0.006432345508844528,0.003933364183248633,0.0005667729365921303,0.008829115548483202,-0.0015847860538826808,0.007366205652435509,0.0014548099654483337,-0.005032563647128563,-0.00998966586290051,-0.0038363171355498826,-0.0025774672088895167,0.0006538796861377261,0.0014689680499448965,0.0038548451415658658,-0.00012186205215702905
2017-05-03,-0.003050640634533197,-0.008756156672660387,-0.0002725686873092936,0.010199745006374883,0.000295537385479383,0.00029205607476634476,0.012908124525436548,-0.024044766984348986,-0.004248088360237823,0.008278716798896246,0.01212263496569177,0.005286069651741387,0.00032268473701191347,0.000270489586150946,-0.0029911075181892066,0.005780346820809301,-0.0016132749481447828,0.009842101536500891,0.005597109856001703,-0.0031746031746031633,-0.0049246381137143524,-0.009805701834029401,-0.004165426956262985,0.002435629784272919,-0.01412066752246477,-0.009188009647410067,0.005227619255064209,0.0056839017235057465,0.0031779661016950733,0.007921998781231121
2017-05-04,-0.0036039711682306352,0.004732234403344027,-0.001744915208026554,0.0033655868742112904,-0.021173921607248403,-0.0020437956204379937,-0.017897301349325323,-0.004031535567102673,0.006704046806435882,-0.0010263427984947837,0.006610786019294546,0.0012372409526755224,-0.0009032258064515242,-0.0035154137371551375,0.005027162896294568,0.0011494252873562871,0.00784856879039686,0.005819660636656732,0.009512725800738808,-0.003908511870295284,0.0073485302939411135,-0.0011003117549972519,-0.0005975500448160975,0.00023140113386554972,-0.010156249999999978,0.008577721108149028,-0.005850487540628335,0.0060164083865086315,0.007655755015839372,-0.012817412333736455
2017-05-05,0.016583634750563014,0.010204882643849666,0.010597039383842155,-0.004612159329140608,0.0025153435959353043,0.006143943826799392,0.009350252838469686,0.00737609067194378,0.004722121322193962,0.00068493150684934,-0.004650578179990039,0.0012357120790855713,0.00561797752808979,-0.0008141112618724744,-0.003549818475191646,-0.0011481056257175437,0.0006871278057718477,0.0035552457302197027,-0.0005513508094832087,0.0027612265659060498,-7.443799315165478e-05,-0.009546539379474916,0.0008968609865469546,0.0005783689994216523,0.014469876348329525,0.00057464659234574,0.01765475152571927,-0.0012685755708590207,0.0020958868221114813,0.004654581087702114
2017-05-08,0.027188506981739913,0.0013987100784831341,0.005459164369493674,0.009267059814658918,-0.0027097551184263047,-0.0029078220412911415,0.00841289346819174,-0.005089740155371003,-0.000723065798987732,-0.005133470225872627,0.008850023151071307,-0.00811037157843697,0.007448789571694592,-0.0076045627376426506,-0.0021050927050442203,0.0011494252873562871,0.00457770656900891,0.0019449847179773272,-0.0037612838515546088,-0.0008695652173913437,0.004615499143899138,0.006487488415199083,-0.0008960573476700651,0.0005780346820809523,0.0002593360995850613,0.0018378130025269446,-0.0012850717498392727,-0.0012701868989294374,-0.004967320261437869,0.01060716898317482
2017-05-09,0.0064048101431279925,-0.00605261115853184,0.004784431781528875,0.0008347245409014992,-0.0008050719533058137,-0.011373578302712128,-0.014998125234345738,0.005833782085801431,-0.00976845151953698,-0.004815961472308228,-0.0020653182989287533,-0.005643691952184171,0.005035375103575879,-0.004652435686918532,-0.00032454361054767844,-0.0040183696900114585,-0.008658008658008698,0.0008319467554076532,-0.003473445758872429,0.0014505366985786416,-0.008743979251574552,0.010865561694290982,-0.0020926756352764864,-0.0017331022530328033,-0.00907441016333943,-0.006879156156844646,-0.004503538494531445,-0.006540697674418561,0.00788229111928529,-0.006997225238267513
2017-05-10,-0.00474056756932284,-0.007728940588648703,-0.019956128618051405,0.007089241034195171,0.010776513244032504,-0.004719764011799299,0.013513513513513598,-0.021504416882305644,0.0045061502862013825,-0.00795022468026274,-0.001954615296171247,0.005005362888809373,0.0028538812785388057,-0.009898267803134408,-0.0032464897329761433,0.007838616714697544,0.0013789933348655747,0.0011083402604599168,-0.006668013740149581,0.003910776361529589,0.0029902070718395013,-0.006012024048096198,-0.010485320551228305,0.0010416666666666075,0.006017791732077615,0.000865850842761251,-0.0008616975441619878,0.000731528895391298,-0.00026068821689251287,-0.0048596768314908
2017-05-11,0.004502153203706172,-0.006451612903225712,0.004148924555082312,-0.0033126293995858758,0.006277401355121448,-0.003260225251926485,-0.0027230046948357733,-0.0007295276308589838,0.006304558680892303,0.005923344947735165,0.0010996606761342065,-0.0005336179295624133,-0.012205147663315041,-0.008886420438766973,0.0031756371630975444,-0.003088184833581309,0.00229515721826945,-0.00214503182950454,0.000559397884458912,-0.012263742605684747,0.003503018558545179,-0.0058651026392961825,0.0003027550711474092,-0.00369984969360615,-0.0002600780234071065,-0.0004037141703673308,-0.0077619663648124115,-0.017909356725146153,-0.007431551499348155,0.00854596508362837
2017-05-12,0.013965573238064355,-0.0012670256572695493,-0.0037512232249646837,-0.00290818446198593,-0.002772551737795781,-0.00535236396074934,-0.002353827323227531,0.0010038328162074173,0.005783132530120527,-0.020782819535850372,-0.0007846091077424733,-0.008631429079907438,0.004609475032010257,-0.004483048472961548,0.0035714285714285587,-0.0027535566773748688,-0.0018319212273871788,0.00797448165869219,-0.0009148665819568302,-0.0011685655857435195,0.006758764111705506,-0.0007374631268436405,-0.0009079903147699575,0.0002320993385167558,0.0013007284079085135,-0.008712208631433183,-0.003911342894393766,-0.013397841458876014,-0.0055168790227243525,-0.0007263043215107734
2017-05-15,-0.002562459961563124,0.014351411354265764,-0.0046930422919509995,0.0024999999999999467,0.016979445933869686,0.023318385650223927,0.008399395998490045,-0.0051052967453733,0.0011978917105892606,-0.0031835868411743684,0.004271625102079346,0.01032223319271175,0.0026127963293398615,0.0028145229383620407,0.027094791329666634,0.004832029452370046,0.00321174581325967,0.006329113924050445,0.005392481050007669,0.000731207955542823,0.004278863887864137,-0.007933579335793306,0.003332323538321802,0.0016243183663997574,0.0025980774227072345,-0.0016297072347360997,-0.010034904013961676,0.0056582421727648935,0.007660810989301492,0.0030284675953966556
2017-05-16,-0.0014771997430956807,0.0034393809114359186,0.0016996545863259271,-0.0029093931837074205,-0.0007810974419059091,0.002044989775051187,0.0037435657463735783,-0.010537890589205512,-0.005503709021296932,-0.004968062455642297,0.0056191488918078125,0.002132196162046851,0.005911142185215601,0.005332584900364701,0.0061422159225135164,0.0030913670712158225,0.0027441115938715566,0.006904566584632121,0.0014167889490461771,0.014321204150226308,-0.0016895614486152066,-0.01841175376604054,-0.015700483091787287,-0.001042511293872339,-0.010365379632029215,-0.019879904389902614,-0.0015425297487879908,-0.0011252813203300738,-0.015467295844802775,-0.003019323671497598
2017-05-17,-0.033575609442336174,0.018462257536807636,-0.02145593869731799,-0.059191329720716945,-0.02149697088137581,-0.013994169096209874,-0.023776223776223793,-0.015465827005000987,-0.004090471607314794,-0.022467902995720324,-0.02326328775359998,-0.05265957446808511,-0.013711613800075795,-0.021775544388609736,-0.008609219691633307,-0.03812350188334668,0.0018244013683010873,-0.005974607916355512,-0.01551210146025972,-0.0278057916726695,0.004047093451066797,-0.018567639257294544,-0.011349693251533899,0.00023191094619678942,-0.01911495155799936,0.0044016178919819016,-0.018318252041492067,-0.019151333082988997,0.0001331380641726998,-0.0067837674136886905
2017-05-18,0.015241264559068268,-0.021110601193207956,-0.007718984226423475,0.007532122286220577,0.000798881565807763,-0.07214665878178594,0.004489016236867149,0.003480387545856445,0.0056776999275187645,0.002553812477198214,0.008841291911226179,0.006737787759685476,-0.0024985585239285513,0.005136986301369939,0.0023683587274019313,-0.0036786519520588534,-0.0029592533576144886,0.004098080732190423,0.0020529665366455507,0.0034084173088320124,0.003591058995969343,-0.0023166023166022454,-0.000310269934843288,-0.00452121493160218,0.01308061932728255,0.015338149946701352,0.0125899280575541,0.0026799387442573153,0.03221512247071345,-0.0029271862422245443
2017-05-19,0.003408941916874353,0.002656665103922373,0.018940248027057516,0.013632365875110075,0.02205148672919588,-0.005417463352453744,0.012836360178758222,0.007874015748031482,0.0014414414414414267,0.020742358078602585,0.004366123093108909,0.0010689719278675902,0.003853564547206423,0.005110732538330387,0.00023627628573685833,0.009766555502620289,0.0022831050228311334,0.007754574518740398,0.002868264699856571,-0.00029537734455764575,0.0025558638819920265,0.0017414860681115307,0.007448789571694592,0.004308838942587601,0.00764163372859028,0.006649168853893439,0.008436944937833202,0.012982054219167649,0.01586278050038681,0.0022018348623853434
2017-05-22,0.00607604860838884,0.003195137157107286,0.016098694401416314,-0.00043383947939268364,-0.0013667870740994292,0.01217558474847813,-0.0037551633496055725,0.0010230654761904656,0.008756147295190031,0.004634581105169344,0.009867490703399318,0.0029249268768281045,-0.0021753039027511134,0.01045197740113002,0.0020472440944883097,-0.0009436187780136329,0.006378132118451063,0.00026999662504212374,0.013840653728294017,0.011227655488255328,0.007720882802826123,-0.0038632412594167276,-0.01047443006777582,-0.0003478664192949621,0.00026150627615062483,0.012225505533344894,0.0013210039630118242,-0.0009423294383716918,-0.0027929414751809434,0.004393994873672646
2017-05-23,-0.001233846353659307,0.0,-0.0009800185114606785,0.015190972222222321,0.013100009776126686,0.005381449825894391,0.0014134941575574267,-0.005667564805351688,0.0023781212841855748,0.0035486160397446564,0.006721503625255254,0.016757707619664775,-0.007245447550654038,0.002516074923119893,0.002043061449001904,0.012514757969303458,0.0047532820280669075,-0.002496794655509893,-0.003929273084479323,0.003360116873630359,0.004409107336465601,0.01221640488656206,0.0006226650062266526,-0.001507945713954295,0.0015686274509805198,0.0029765311963365626,0.0,0.007168458781362075,-0.0007638446849140834,0.0035241220075341584
2017-05-24,-0.002990897269180781,0.004427872290841517,0.009591803368030893,-0.001282599401453699,0.003087908906687309,-0.0085012594458439,-0.00047049967065015963,0.006447393010652114,0.00462633451957295,-0.01591230551626599,0.007274225954355895,0.01907667091604459,0.0010979784279532279,0.007250418293363037,-7.841907151817651e-05,-0.0005830223880598506,0.014417661635503398,0.011365173860100164,-0.0012137763617052766,0.001310425160162998,0.008563615428900384,-0.0036398467432950943,-0.0028002489110143802,0.00487918215613381,-0.004176455233620535,0.0021116310923410264,-0.009674582233948903,-0.0056190297808578205,-0.004331762007898976,-0.003511746185516973
2017-05-25,0.003456371462110308,0.013534416086620205,0.009824561403508625,-0.004708904109589018,0.010293410293410243,-0.0015878056525879813,-0.010450009414422867,-0.004085043171478953,0.005313496280552554,-0.01221703197987778,0.014576364808052356,-0.006076039851673154,0.009419354838709815,0.003875968992248069,0.0001568504431024298,-0.004200210010500527,0.00843881856540074,0.001872909698996672,0.01038027241885664,0.012360040715428289,0.0039243667499107016,0.006537204383772366,0.003432137285491299,0.004161849710982546,0.0020969855832240203,0.014009909448146285,0.005994671403197316,-0.005839141081182886,0.0020473448496480806,-0.006562158220926095
2017-05-26,-0.0016897380905959158,0.0004578405188859769,-0.002565884428288867,-0.00043010752688177334,0.006094077318606006,0.00190839694656475,-0.0037103986300066616,0.010627388831919493,-0.0008221752407799876,-0.0014550745725717684,0.001421571592765014,0.004764687373578491,-0.009970599514252831,0.0,-0.004783188269426808,0.00011716461628585861,-0.0004404316229904559,0.0005341167045000983,0.0056630249574018965,0.004883654122378456,7.107320540167272e-05,0.004584527220630408,-0.0006218905472635816,0.004489983882109083,-0.0028773214752811915,-0.0030890199382196393,0.00022070183182520964,-0.007010231148162238,-0.002298557016983893,-0.0024464831804281717
2017-05-30,0.0003905995703403775,0.007703455114026259,0.0015542097647247566,-0.014199655765920749,-0.0017982207079311197,0.005714285714285783,-0.006302521008403339,-0.0006456968914305694,0.003996708592923559,-0.003278688524590123,0.002919649239381039,-0.022860466156668036,-0.0065848934796644,-0.0022062879205735353,0.0014970059880239361,-0.017104029990627878,0.0008812513769551611,0.00046710262912053047,0.008820451487516978,0.0064322469982847075,-0.0004264089261601933,0.0062749572162008604,-0.000311138767890462,0.0017191977077364307,0.01128016789087094,-0.005126760563380239,0.01941747572815533,-0.004770082045411184,0.00025598361704859407,-0.005518087063151489
2017-05-31,-0.005921780438602142,-0.007039055404178041,0.0040132705479452024,-0.02182453077258839,-0.00037925476438793737,-0.004734848484848397,-0.005573707476455914,-0.0036920804873546986,0.0031612223393047145,0.0007309941520468044,-0.009114910105704754,-0.032780880871715046,-0.0024044710163764194,-0.001934770591487056,0.008968609865470878,-0.020858164481525665,0.0008804754567466322,0.006402988061094961,0.010027662517289038,-0.008095440988495906,0.005616779239246306,0.001322751322751392,0.016184251478368994,0.007894736842105177,-0.0005188067444875655,-0.00798459708930288,0.00952380952380949,-0.019555214723926295,0.0057581573896352545,-0.007398273736128114
2017-06-01,0.002749410840534372,0.004878420611327261,-0.0016521878164472703,0.009817045961624249,0.002086692592241368,0.009197589597208955,0.007634325473521386,0.002501389660922726,0.008403361344537785,0.01241782322863405,0.0012156946175119199,0.01775063902300489,0.010683343104683773,0.0002769315978952136,0.0041325536062377655,0.011077297626293392,0.007037607213547403,0.009941016634634536,-0.0005868831613440317,0.0037227949599081267,0.0032522624434390135,-0.013021324778260124,0.001837672281776559,0.00045408105346789185,0.008824292758889074,0.025117022491151886,-0.002787307032590114,0.01838091513492368,0.015394402035623589,0.00248447204968949
2017-06-02,0.014819166993079946,0.005006447697792682,0.015534913516976223,-0.00795404330534688,0.002839564600094713,0.005028284098051561,-0.011124964035676532,-0.009518528786618519,-0.001388888888888995,0.005772005772005873,0.007922775703487872,-0.007906608994930453,0.0012890750886238589,0.005537098560354448,0.010094735207330396,-0.005056585600770602,0.0021838829438742824,0.00885884900584033,0.011499877660875901,0.023680456490727586,0.005708245243128962,0.013001912045889075,-0.00519718740446351,0.00521956201066609,0.0,-0.0010580242788730265,-0.0015050526768436434,-0.005184331797234987,-0.0023806540533767295,-0.014869888475836479
2017-06-05,-0.009778063686072591,-0.006642010717790026,-0.00672869684066657,-0.0017817371937638438,-0.007078810759792331,-0.0068792995622263264,0.0007758704296383367,-0.006157865273372032,-0.005215577190542442,0.0035868005738881603,0.007790226077179385,0.0031878486709484566,-0.003604763437399461,0.0005506607929515184,0.0021525215252151675,0.0018151016456922076,0.002179123992155141,-0.006179263691947545,-0.002322206095790924,0.007246376811594235,-0.006026206993203109,0.0005662514156286047,-0.005838967424708019,0.0016931933626820328,-0.001543606894777394,-0.00011148893472312515,-0.0015073212747631626,-0.0017371163867979655,0.008038181361466945,0.007798742138364734
2017-06-06,0.0033781589033974324,0.0006838386140868291,-0.011643291876157646,-0.008032128514056214,-0.0061787072243346675,-0.006297229219143663,0.009497044287237077,-0.009575666541494554,-0.00023301875800996186,-0.0017869907076483171,-0.007172171972745778,0.002523482405719868,-0.003811615737450813,-0.005778756191524459,0.003605400429579575,0.002053388090348829,-0.00021743857360312369,-0.010210092283526429,-0.0039278440500436496,0.003320420586607531,0.0004934790271413636,-0.009998113563478572,-0.008655332302936691,0.0006761325219744041,-0.0020613244009277665,0.008083849027150425,0.001509596722018447,0.0017401392111369152,-0.016571143782706188,0.013604593110334351
2017-06-07,0.005956620265458179,0.0009111617312074216,0.0072289156626506035,0.016644174538911427,-0.00994739359158292,0.0015842839036754874,-0.0038398771239320784,0.003981042654028544,0.0032630229576973147,-0.0089509488005729,0.004926355500260993,0.00582669090570076,0.004928664072633149,0.003598117907555931,-0.0006114805472752227,0.011451301832208438,-0.010221835580687233,0.0046948356807512415,-0.0019473248624701789,-0.0017926089354660668,0.004650507328072262,0.014291158536585469,-0.002182725288431553,-0.00033783783783780663,0.0007745933384972759,0.013217564428713802,0.0012919896640828377,0.00540436209226014,0.002787279868237569,-0.003694126339120807
2017-06-08,-0.002445774602561568,-0.006448186921559684,0.009728867623604476,0.01637168141592915,0.014491353492416259,0.0,0.002216440204297898,-0.015105740181268978,-0.008247183180392748,-0.0032514450867051625,0.0026857296897930816,0.013810362406154297,-0.009421786267423848,0.006067291781577389,-0.001529636711281035,0.012394231915147325,-0.00834981322786188,-0.0033565881268921016,0.00453636407980107,-0.006078187594971696,-0.007925375227942344,-0.0005635919594212391,-0.0078125,-0.010363861664976937,-0.006707946336429238,-0.008296490366246467,-0.00666666666666671,0.009022845075830288,-0.0027795325331648746,-0.0035842293906809264
2017-06-09,-0.03877669527066274,-0.005268382072230238,0.0005265097667561669,0.03047453199825867,0.00866584134844306,-0.007592534008225238,0.023076923076923217,0.012461656441717928,0.003982197235886664,0.012685755708590207,-0.03401441828971996,0.016822088133114033,-0.003517915309446229,-0.02110745614035081,0.007506702412868549,0.023660977045320664,0.004210059827165935,0.00033018556428698886,0.00480722540545786,-0.02265462126476736,-0.008554259455637925,0.004887218045112718,0.03212598425196855,0.0035287421741605485,0.007532467532467502,-0.0012658924541801841,0.011474345096341265,0.023592085235920823,0.00620803243380208,0.01872984371123776
2017-06-12,-0.0238958249429454,-0.00844335277863062,-0.0001578698100299647,0.004647232784114941,0.001416163141993776,-0.003825310806503057,0.015413533834586435,0.013444423404658234,-0.0011665888940736169,0.035790980672870454,-0.008565950604049077,-0.0023826649883114115,-0.005099372384937295,0.000560067208064785,0.002204820193111745,0.00022999080036800734,0.00022065313327446212,-0.019870609981515686,0.002222973952544338,-0.00767918088737185,-0.005847119224187236,0.010662177328844002,-0.0021361000915471884,0.0009074410163338875,0.0072183552461975165,-0.012178992615452522,0.010059931506849251,0.005390334572490829,-0.002266431629312615,0.00974065505905286
2017-06-13,0.008045660844450575,0.007818547762811434,0.005736842105263262,-0.00042052144659388,-0.0030168756481567804,0.014399999999999968,0.0008330248056274137,-0.004484304932735439,0.003854239663630077,-0.01693158258465799,0.009035048502302967,0.010319498895948742,0.01189380996188727,0.00419815281276259,0.0015172204521318733,0.003334099793055767,-0.006618133686300376,0.009092746009294661,0.008293553208930105,0.012467755803955427,0.003801463204705202,0.005182306126226166,-0.003669724770642313,-0.00203989120580228,-0.009982083439979528,0.01004184100418426,-0.015469379105742642,0.006655574043261225,0.0035335689045936647,0.00036175087423107044
2017-06-14,-0.009755099256429589,0.002381135263845202,0.006750745721911144,-0.0004206983592762725,-0.009834515366430319,-0.003154574132492094,-0.014149634698973457,-0.0039414414414414845,0.004304828388597803,0.008435852372583597,-0.0026481195260176227,0.010303300624442402,0.017988181050717422,-0.009754738015607667,0.005680957430692413,-0.002062564455139193,0.005996002664889977,0.005740221599252582,0.004303954856295533,-0.005378627034678174,0.008574490889603492,0.006444485361811747,0.003376304481276904,0.004315239609357313,0.0010341261633919352,0.007235570284451764,0.004950495049504955,0.0014692378328742262,0.004778672032193176,-0.010728061716489878
2017-06-15,-0.005993386607880957,0.0028352490421457155,0.015957999792078237,-0.009259259259259411,0.01613981472638737,-0.0006329113924051777,-0.0025328330206378924,-0.0015074429998115368,0.007298424467099274,0.008713837574067629,-0.008006777349601757,-0.014480596883139851,6.379178361837212e-05,-0.006191950464396245,0.002033591925886702,-0.005970834768630251,-0.001103752759381793,0.003251924608441703,0.006094947859625721,-0.005265404866941714,0.005100956429330505,-0.03219904866447121,0.0036708473539310837,0.010628674807779293,0.0030991735537191367,-0.010857644220223839,-0.0010708931248660791,-0.011553273427471145,-0.012390488110137765,0.0023150968685270445
2017-06-16,-0.013999584170767077,0.008252464277527238,0.005065234075211089,-0.004672897196261627,0.011278195488721776,0.0015832805573148256,0.01899746073544617,-0.004434799018682711,0.002185163887291619,0.0020732550103661485,-0.0016246953696181787,-0.006361152174886864,-0.000829240288320654,-0.002832058906825252,0.009846662657847283,-0.004505024835393168,0.0013259668508287525,0.005424356684527565,0.00922902172369744,0.0014306151645206988,0.006837245365475475,-0.03402646502835538,0.004876562023773179,0.0031326918773775247,0.003089598352214118,0.006929814835347603,-0.0002144082332761199,-0.00018552875695732052,-0.046508680775567135,0.014952589350838652
2017-06-19,0.028607577142053753,0.00287987874194795,0.013439218081857218,0.020486555697823317,-0.0010223048327137052,0.011381599747075644,-0.008214120904476263,-0.0013268884465927888,-0.0028689465228368682,-0.006896551724137945,0.0173165592205462,0.01947612821784417,0.013853421859040038,0.008520306731042204,-0.0020841086713807577,0.021930842422835717,0.0015449128227764675,0.007566287255740267,0.0005627462014632378,0.012428571428571455,-0.003150378045365554,0.018003913894324874,0.0075826508947527405,0.0022306491188937017,-0.0012833675564682956,0.00765292077300006,-0.0012867252841518573,0.006494711449248403,0.0034556087187667117,-0.008743562103245783
2017-06-20,-0.009088424217575608,-0.008539257915816667,-0.003767329716696799,-0.017565872020075313,-0.004186435947529876,-0.004376367614879584,-0.009119672436255222,-0.013571225206415516,0.00023017608470476958,-0.023263888888888973,-0.006388302126699608,-0.004554902047494758,-0.007178389270197205,-0.018304702900591385,0.0011188185276349571,-0.006245032360622238,0.005068312031732081,0.006072874493927127,0.0,-0.013545929166078885,-0.0030198749912211387,-0.00884275278738944,0.010234798314268545,-0.0025595370576452225,-0.00642508352608584,0.0013659709321385272,-0.013528022331973477,-0.014380530973451378,0.0005298013245034205,-0.005437409376510383
2017-06-21,0.005930625474105389,-0.004496951219511991,0.004235365300256921,-0.01532567049808431,-0.03335201793721976,-0.0003139717425432176,-0.018688955672426788,0.008274004233211452,-0.003912092969738823,-0.012442232492001382,0.009907222984757436,-0.011594846734784503,-0.006849749476755096,-0.008032128514056214,0.005140813589628923,-0.00457038391224851,-0.00855075641306735,-0.0022067891218278124,-0.002343457067866539,0.0051494779001572955,-0.006339814032121804,0.019976726144298018,0.009535160905840279,-0.002566105098739113,-0.013191929643041833,0.00900311016532962,-0.01153678711362649,-0.008978675645342382,0.009266613714588257,-0.010569797108492374
2017-06-22,-0.0016453006101323497,0.0019906592144551816,0.0013556258472662286,-0.008646779074794608,0.0035759157243646644,0.0003140703517587884,-0.00038281175232068865,-0.005534351145038197,-0.003349890262215438,-0.008279337652987828,-0.0020131004813047637,-0.012225268551395607,-0.007088575260233765,-0.0063620589936379535,0.008450077829664338,-0.0011478420569330794,-0.0033171163202122544,0.006960254992519399,-0.0030066710513954042,-0.00014230823964689332,0.0037572664114560173,-0.003612854154782408,0.005312868949232552,-0.00413870246085013,-0.001310615989514985,0.008544235345014028,0.00022021581149545,-0.00924877312193273,-0.009443861490031513,-0.004420432220039294
2017-06-23,0.004463366064684449,0.007717582333613526,0.01398916967509023,-0.004797208896641925,0.0026001540832047976,0.007535321821036112,0.005265677357587428,0.001343312224141302,-0.0037088548910524377,0.0007259528130671988,0.009696709057770647,-0.011739545888883929,-0.026820169796758386,-0.004947613504074577,0.002793090775450091,-0.0018386577798207293,0.003993787441757268,-0.0010335917312662701,0.003204222033738713,0.013521206945630304,0.010947100783953445,0.00858778625954204,0.003229594832648175,0.004380545883410081,-0.003937007874015741,-0.006702412868632712,-0.0006605019815060231,-0.0007620499142693138,-0.009004237288135486,0.006536753823384256
2017-06-26,-0.0031446540880503138,0.004397937518956674,-0.011125945705384943,0.0030674846625766694,0.0013447315339545352,0.004674353381115548,-0.008190476190476192,0.011594480643924765,0.00860865518845988,0.0014508523757708058,-0.014197487044793067,0.014963856531147846,0.0007269843367918583,-0.0035097981866042405,-0.0006596789562413052,0.004374856090260115,0.003977900552486258,-0.004397309881013833,-0.001362141850634102,-0.00954922061508201,0.007614922453542006,0.008136234626300753,-0.003804506877377878,-0.0006709908297920508,0.005270092226613787,-0.00070175438596487,0.00793126239259756,0.008579599618684375,0.008818813468733255,-0.0045337581178778175
2017-06-27,-0.01433273899327936,0.024837686848860008,-0.0054505450545054845,0.01660113586719092,-0.0030695443645083476,-0.01488833746898266,-0.0006721720760515248,-0.0015155820782418727,-0.011534025374855816,-0.014487504527345152,-0.024689071999506207,-0.0007258210851025515,0.005415400871747522,-0.012327560904021206,-0.009755024204195495,0.009284731774415356,-0.008364516839093117,-0.001558846453624363,-0.013310756784723266,-0.0187154402381966,-0.013589405810164212,-0.006193693693693714,-0.007931844888366513,-0.008393017009847847,-0.01179554390563553,-0.002808988764045006,-0.019890710382513554,0.004914933837429025,0.006754966887417391,-0.0016001969473165012
2017-06-28,0.014610728449175658,-0.008987108655616916,0.003670370556589253,0.02621400945423291,0.024247089387087417,0.010075566750629594,0.0020178725857595836,0.013755810644151545,-0.008518086347724663,-0.004777655273796477,0.013627398242782807,0.013346649718539938,0.006502890173410325,0.01634472511144147,-0.00881416191393225,0.02010221465076656,0.005993340732519448,0.0037730939370284045,0.004004194870817157,0.008524779656119197,-0.008786110915864231,0.007743153918791323,-0.0005922416345870429,-0.0027084979121995145,0.006366047745357983,0.005958829902491747,0.0,0.02200902934537252,0.006578081831337901,0.005178153125385387
2017-06-29,-0.014743194130151571,-0.01271091949750991,-0.010820559062218238,0.018425460636515956,-0.007609206200093976,-0.020885286783042356,-0.0015343306482547003,-0.010761744338386725,-0.011062728021654644,-0.0022156573116690614,-0.024130862321932067,0.00533106352477386,-0.0069829667819617525,-0.019298245614035148,-0.008817814975340066,0.014807392562903754,-0.010812003530450198,-0.007582631237848414,-0.013151647516855047,-0.018767908309455628,-0.007445752375549675,-0.003560719640179899,-0.003555555555555534,-0.01561615933008953,-0.008434370057986307,-0.002315562735594967,-0.00958965209634266,0.026688753911283003,-0.007580708404130165,-0.010180301729424746
2017-06-30,0.002366369710467664,-0.003764493299201921,0.001468651878861582,-0.002467105263157854,0.017228322605073787,-0.003502069404648145,0.002016903572800599,0.00510831520196775,-0.00523622515768174,-0.00037009622501837924,-0.008679703994370014,-0.011184884809054774,0.00814931650893791,0.005963029218843285,-0.002638721351025275,0.0027427317608337276,0.00044612982377878474,0.00019591197022128526,0.0016357950445031744,0.0064242955175939365,0.0011431020933057034,0.10964829791235653,-0.0011894142134998287,0.0018392918726291008,0.0029239766081872176,0.0008096291898309627,0.005629362756135903,-0.006633201864467586,-0.00329250625576194,0.0003717472118960341
2017-07-03,-0.0036106096375504437,-0.006877267230955275,0.004247787610619502,0.01731244847485569,-0.004559836218127611,0.000958466453674145,0.018882392408703152,0.011388235294117699,-0.0033496829764325664,0.0162902628656052,-0.010993029859736603,0.024245155475439262,0.003976531942633477,-0.008298755186722073,0.004611081714415377,0.014770240700218817,-0.0020066889632107676,-0.004309219117263008,0.007877419664729324,-0.011025678224285573,-0.0036394776279168317,-0.0059322033898305815,0.006847275974992462,0.006769936890418604,0.010071561091969272,0.006633588609643137,0.0076130765785940024,0.006677495036996994,-0.0042283298097252064,0.01697014740492997
2017-07-05,0.004111498257839852,0.006392207594551502,0.016214310891787154,0.009724473257698651,0.004861176030662717,-0.007022023619533968,-0.015804327375352756,-0.017029592406476834,-0.00024006721882119386,-0.0036429872495445936,0.013921214625976175,0.003343892995424147,-0.008570872021297249,0.026300059772863094,0.005568096313017135,0.010026954177897673,0.0013404825737266535,0.0037377049180327138,-0.0003336033932231919,0.01334898048995159,-0.00572983813207284,-0.018584825234441493,-0.0053222945002956434,-0.000797811716434893,0.0002623983206506697,0.00857219394588804,-0.007777777777777772,0.0,-0.0005307855626327518,-0.015225334957369108
2017-07-06,-0.00943854535359856,-0.005368620037807248,-0.0016352014270849535,-0.008426966292134908,-0.009117127174620765,-0.012536162005785889,-0.007646721468170581,-0.021584777051973925,-0.0009604994597192107,-0.03802559414990869,-0.004902065947267831,-0.0059200140326258754,-0.00419149911585559,-0.02067559697146193,-0.008380724334031586,-0.0032023911187021303,-0.009370816599732268,0.0001306591755405595,-0.008295194508009085,-0.007382744643891215,0.005402679729145765,-0.006949270326615853,-0.012485136741973935,-0.0034219231207938128,-0.024658971668415464,-0.006958831341301486,-0.025307950727883388,-0.003944065973467192,0.0019915029208710244,-0.009029066171923228
2017-07-07,0.010159041546976999,0.012163600425725951,0.004417311891999232,0.004856333468231444,0.0038494038118486174,0.005859375,-0.003178578308611013,-0.0002902757619739349,0.002523735127989424,-0.006081337894336736,0.014142655412907157,-0.0062199479465349095,0.001183821111476302,0.007433838834373985,0.00015092061575594506,0.005033197686870938,-0.00022522522522516741,0.02077209484616893,0.007547351216229181,0.012979437071605648,0.0065200257935085215,0.014345696291112597,0.00391330523780864,0.003204761359734576,-0.005379236148467026,0.005456296137798189,-0.0009191176470589868,0.003239740820734305,-0.0018550417384390894,0.0012481278082874248
2017-07-10,0.00610348175891251,-0.014496019227880241,0.007856895784948303,0.002416431735803526,0.008604564160119788,0.0025889967637540146,-0.00434824620736296,0.002613240418118501,-0.0027571325821146297,-0.004206500956022929,0.010831092356586414,0.002485795454545414,-0.006897457794127204,-0.006788665879575051,-0.007469443186962299,-0.007032498668087306,-0.0002252759630546608,-0.004799385678633139,0.0042940980008587815,0.007486323063633948,0.0039151480637813485,0.012935494998275177,0.0017991004497750485,-0.00638904734740442,-0.004056246619794424,-0.005373483719940508,-0.006439742410303428,-0.002691065662002168,-0.0278773397052966,-0.0007479431563200967
2017-07-11,0.003240038604715334,-0.0021339836902675158,0.011325750147087588,-0.011651265568501379,0.0037091988130562026,0.0035506778566816166,0.0007763975155279379,0.0024133603629694633,-0.00012020675561952299,0.013056835637480724,0.002660357518401657,0.004914984059511074,-0.0038364863077127165,0.008023774145616835,-0.002432535157734894,-0.003863075437278707,-0.0011266336187473192,-0.003922325102880708,-0.003943180198584306,0.0001428979708486544,-0.001985393178756345,-0.009364890175378782,-0.007183478000598487,-0.0036743598576186587,-0.006244909041542179,-0.005349023803155939,-0.0071759259259259744,-0.009893865803202062,0.0032773453502661365,0.005489021956087692
2017-07-12,0.0014430014430015792,0.02253112350110742,0.0008241625054539181,-0.010162601626016232,0.006651884700665134,0.0022515278224508606,0.007467028704422063,0.005200308166409817,0.009617696561673439,0.007581501137225111,0.014818621333361204,0.0019387530293015764,0.013213811420982768,0.009728773584905648,0.0076202087937209395,-0.0034471614779704174,0.004060455673358998,0.010780453166354675,0.007822188304874578,0.016573796256608153,0.00021314387211357477,0.0006875214850463607,0.0015073861923424747,0.0021896968998500466,0.006284153005464477,0.003979564399032132,0.007694101189088309,0.002361918604651292,0.006397168912481321,0.004466501240694809
2017-07-13,0.01392891450528344,0.0019420376456527055,-0.00101724472001552,0.011088295687885052,-0.004497063142437585,0.003530166880616248,0.0023101357204735606,-0.0008622341444720627,-0.007263634198618751,0.007900677200902928,0.0012297707872599428,0.01323716962047583,0.004587456583000193,-0.00029197080291964994,-0.002798154730393798,0.006377688898497436,-0.0017973489103572104,-0.009835227998467366,-0.0009938476100331828,0.008713984539704622,-0.0014206563432305197,-0.004809343868086624,0.0018061408789886713,-0.0029898804047836514,-0.016834102633722425,-0.006481332690556618,0.006247107820453568,0.007794090991480873,0.015012172031376725,0.000123517786561278
2017-07-14,0.008594437301211233,0.014164305949008638,0.01105561751442563,-0.0166531275385865,0.002765741679727096,0.004796929964822505,0.00297704792086817,0.007670917633521901,0.00563751949142377,-0.0003732736095557465,0.008319141249935491,-0.0078125,-0.002674668928175361,0.012850467289719614,0.005612012740785488,-0.009129967776584258,0.005626828719333732,0.001547987616099089,0.003221374769055929,0.014072732339417637,0.007682458386683688,0.0010355540214015413,0.004507211538461453,0.0046136101499423265,0.0024855012427504874,0.007655811947379965,0.0016095654173373664,-0.01097122302158271,0.01718854097268485,0.0038285784858589356
2017-07-17,0.0034889962426194465,-0.004704498676859625,0.0023500071938995504,-0.00784799669558034,0.0006435598050933411,0.0025461489497136114,-0.0022022213711222483,-0.0028546959748786405,0.0022662213740458625,0.0014936519790889058,-0.0009724539619820893,0.002887139107611514,0.006606488749345774,-0.006055363321799345,-0.0033936651583709176,-0.009322493224932282,0.0011190689346463056,-0.00012879958784139944,-0.0004249893752655831,0.007831821929101368,-0.004870817450232989,-0.003620689655172482,-0.00538438528268026,0.005166475315729002,0.002479338842975354,-0.0029427501337614403,0.0022956841138657147,-0.005091834879068946,0.00039297877914590273,-0.005167322834645716
2017-07-18,0.0034768654720513936,0.00576070901033976,-0.0036363636363635488,-0.004995836802664466,-0.01626240352811481,0.0003174603174602719,-0.00470204394971685,0.009161179501860905,0.0019040818755207134,0.0026099925428784143,0.011260707406041348,-0.025953066387507606,-0.011176814607836705,0.0017406440382943256,0.01748013620885369,-0.003501477185687829,-0.0013413816230716247,-0.008373051655287789,-0.0017479213907785063,-0.0006816632583502846,0.0036887280981769965,-0.00242256445751865,0.0033082706766918157,0.012450028555111459,-0.01099203077768618,0.0026831231553527957,-0.006871278057718699,0.001645037470297872,-0.0022260049757758527,-0.003215434083601365
2017-07-19,0.0062633262260127776,-0.005580848876487132,0.012677679600460845,0.006694560669456173,0.007284953768562641,0.012377023167248424,0.007134593135364353,0.010118203309692708,0.0019004632379142627,0.0018594272963927683,0.005896955266224246,-0.0019703551117280504,0.007425905237563368,0.0008688097306690512,0.0055778670236501515,0.0014274733721313382,0.00358182225207071,-0.0004546635489739437,0.0037385831243197387,0.00763983628922249,0.002190967559544843,0.0020815264527320743,0.007793764988009544,-0.003271660649819541,0.0038899694359544323,0.012523414503612607,0.002075645756457689,0.002554744525547381,-0.004330708661417271,0.0031017369727046606
2017-07-20,-0.00450271487220244,0.0060552355634324595,-0.0028452200303490383,-0.004987531172069737,-0.004914232730644397,-0.0012539184952977678,0.0016274171931840442,0.005055233102415402,0.006876111440426991,-0.009279881217520436,-0.0005842239390794202,-0.002557544757033181,-0.04090019569471626,0.005497685185185119,0.010058427631092215,0.0,-0.00022306491188928135,0.0020794073689001102,0.0016501650165017256,0.004874086108854536,0.011847672778561247,0.023022329929028862,-0.002379535990481796,0.0028296547821164975,0.010794353722668237,0.012209947671652843,0.017721518987341645,-0.0010921004732434847,0.0019770660340054924,0.00012368583797162103
2017-07-21,-0.00046561128109612326,0.0048443922489724844,0.008845349058398178,-0.005847953216374324,-0.00680208721580311,-0.0006277463904582614,-0.013189333843065976,-0.0025149031296571867,0.0031790886612503844,-0.029224428624953225,0.0016629879357783484,-0.009536662168241117,-0.0025845065632863484,-0.0005755395683454401,-0.009226037929267017,-0.003399122807017596,0.0046854082998661895,-0.0018805524933533935,-0.006072016945163572,-0.005793586634330272,0.006202955115695685,0.014382402707275865,-0.0017889087656530744,0.00011286681715572122,-0.00027382256297936447,0.001462140992167127,0.00022614201718673677,-0.012937317784256552,0.0017100762957118487,-0.009151620084095868
2017-07-24,0.012111532574698769,0.0012417823228632052,0.00018855472800982653,0.004621848739495782,0.014916971573318394,0.0006281407035175768,-0.0004842615012106144,-0.0008404146045383198,-0.00762910798122074,-0.018525665766113475,0.004497705868147683,-0.009083477155054975,-0.014115240368223647,-0.0066225165562913135,-0.016998004582070902,0.004290901089228694,-0.00421940928270037,-0.013448544698544618,-0.005493464671339265,-0.0025748746442608716,-0.008450509108540505,-0.016680567139282787,-0.004778972520907865,-0.004852725426024107,-0.007669131744727498,-0.004640734174575112,-0.011756726203933865,0.0018460402436772938,0.00971766250820738,-0.003120319520718895
2017-07-25,0.0042737852587284575,-0.0032829940906105026,0.0013196342727872512,0.023839397741530766,0.05879090404880749,0.008160703075957176,0.011531007751937938,-0.005420560747663505,-0.008752217622708391,0.00039323633503740574,-0.029329566968176235,0.015583463195526726,0.016530640475860947,0.004927536231884133,-0.00849560183444853,0.016652059596844904,0.008920606601248826,0.047546921303918355,-0.05052380952380964,0.008016304347826075,-0.00027942717429263464,0.007463952502120508,-0.006602641056422498,0.010886822408709307,-0.00027601435274626773,-0.0025669233590024376,0.006177076183939478,0.014556845402616592,0.021199115619716435,0.005008138224614989
2017-07-26,0.004713892889878224,0.009149465671204782,0.098795067306787,-0.011029411764705843,-0.00890518596123635,-0.014321295143212898,0.006993006993007089,0.00488629956775033,0.007636320248180395,0.005896226415094352,-0.0038388904368286125,0.003023738604567061,-0.0019051507110294796,0.0023074704355350306,-0.007051865332120211,-0.009374999999999911,0.01105216622457994,-0.016093543722889292,-0.0018055067957268855,-0.001887046771802181,0.016630563901893547,-0.017342987034854374,-0.006344410876132911,0.0017949293246577458,0.04997239094422978,0.0018382352941175295,0.009549795361528002,-0.002724300762804277,0.0048395313295976905,0.0012457954403888305
2017-07-27,-0.018897432555714855,-0.021832160731123484,0.032340972370957344,-0.0041305245766213305,0.007487667371388396,-0.002842703727100493,0.009417808219178037,0.028614176173555217,0.007104795737122416,0.007815552950371174,-0.01325998901907155,-0.003464566929133883,0.007089781171177201,0.0063309352517986195,-0.0009163802978233715,-0.0041335798977484295,0.00830782684739817,0.0028113219602581285,0.005124855549414775,-0.012018906144496966,-0.005773592686782569,-0.0035983550376971207,0.0033444816053511683,0.015453527435610459,0.03628714173021286,-0.009541284403669636,0.07680180180180196,-0.0036423238025860005,0.011153358681875725,0.005723528679855594
2017-07-28,-0.007040382571732229,0.025804538039448266,0.0011203319502075537,-0.003318125259228477,-0.0023607589402816487,-0.0015837820715869366,0.018942606728866274,-0.0003636363636364548,-0.0016460905349794386,-0.010081426909654856,0.0061101720716842944,0.009617121184757105,0.0023691870303934603,0.009722619388047082,0.007796376977757147,-0.002949208083014687,-0.0023850823937554555,-0.007008601465434805,-0.0016495876030993006,-0.0016402405686165578,0.00324922226062907,0.008942390369733433,0.004545454545454408,-0.005183061314512738,-0.010403450900786537,0.011750383740009473,0.0027190964233423376,-0.025772253701334402,0.0003760340937577489,-0.015217122355561052
2017-07-31,-0.005150501672240848,-0.014529420268902582,0.004932233597214619,0.0037453183520599342,-0.0013146362839613346,-0.002220812182741172,0.009896411394746618,-0.000272826482357047,0.002473206924979543,0.0031335683509596812,-0.01338787265347019,0.007691963686776049,0.010264721772015095,0.004531294250920359,0.006598407281001251,0.005696757230499561,-0.003694848945881235,-0.004555662495989821,0.007260164229921928,-0.004654983570646309,0.006684123484013149,0.006476904721322674,0.0003016591251885359,0.006761999778295058,0.0,0.0034527857703374742,0.009595327492699202,0.012007504690431547,0.002255356471619896,0.005527638190955031
2017-08-01,0.06629462784912277,0.012029633976380794,-0.01245566278973853,0.03482587064676612,-0.00745941202281708,0.006359300476947549,0.00540342522209003,0.006185754571090607,0.015977443609022535,-0.006638032018742579,0.0011210999471178429,0.007411352238938296,0.006016042780748743,0.027065125458133554,-0.0015822784810126667,0.013398692810457469,-0.005453752181500904,-0.007090369988397516,0.03221156236019307,-0.0016506189821183792,0.004517763022794163,0.01337849280270964,-0.0024125452352231624,0.0030830213609336354,-0.003076923076922977,0.0021896668578280654,0.010123966942148899,0.0025954764553206555,0.006375796974621872,0.0016241879060470144
2017-08-02,-0.00914307333375386,0.0,-0.006222853324423738,-0.014823717948717952,-8.841732979658623e-05,-0.004107424960505535,0.006194206595008023,-0.01753910134707526,-0.008556891766882568,0.0031446540880502027,0.0011409736308316543,-0.003215859030836987,0.0,0.005764479824320601,-0.002641310089804505,0.0008599376545199711,0.0,0.016554141781355503,-0.010787382614977137,-0.004408928079360663,-6.814310051106443e-05,-0.0008355614973262204,-0.004836759371221189,-0.0006586169045004198,-0.01568930041152261,0.004005618269780964,-0.013908774800572732,-0.008505917159763343,0.0003726708074534013,0.00536360234501676
2017-08-03,-0.00999109074710447,-0.005943321011814162,0.0012607690691321949,-0.008946726311508724,0.004155981961269761,0.0012690355329949554,-0.009324642404490158,0.004140977270636004,0.008980639141590974,0.009404388714733702,-0.007745557384660873,-0.01007645732973883,0.0019269102990031595,-0.0040938864628821126,0.009004237288135597,-0.006551390828052783,0.0017547707830665171,-0.011942014177150573,0.010758969865147794,-0.001522280653196817,0.005451819544773029,0.005853821709316032,0.015492102065613578,-0.0019771528998243637,0.0002613012803762693,0.009170984455958653,0.00829703381041269,-0.0041029466616934185,0.004222029057494137,-0.0013647642679900374
2017-08-04,0.005270939127081098,0.003062340503098726,-0.002266526757607523,0.024620434961017512,0.006956674885522984,0.0076045627376426506,0.006214018093758433,-0.013104838709677491,-0.0003467807189920791,0.0007763975155279379,0.005838562161012417,0.025894013125585813,0.012998209430333585,-0.005206906001644418,-0.0012748406449193395,0.012540540540540546,-0.0037223560324064486,-0.005816959669079691,0.00014449475002398238,0.007345807345807254,-0.0053544801409786125,-0.006318589956767595,0.006281782829793636,-0.002091129209773279,0.003918495297805524,0.0005647687015453151,0.006171569635877283,-0.01048689138576775,-0.004822554717447747,-0.003478693005342315
2017-08-07,0.015474135174883497,0.003634513338663936,0.010601152665011826,-0.0004004805766919528,0.003148229121119339,0.0012578616352201255,-0.0029970029970030065,-0.01244312378122392,-0.0025439407955596405,-0.005818463925523765,-4.2292686537104274e-05,0.01362113233822182,0.003927986906710368,0.003581267217630968,-0.002402763177654199,0.0038436899423446302,0.0030769230769231992,0.007476270966064291,-0.0010113171201541205,-0.0038525041276830096,0.0023168654173764125,0.0005020080321285203,-0.009809750297265163,0.008492334840630722,0.0023419203747072626,-0.0005131362889982949,-0.001022285831118297,-0.005677517032551149,0.00994035785288272,-0.0006233636703653067
2017-08-08,0.007996977520307258,-0.010429492286521347,-0.0030387545269117133,-0.0024038461538462563,-0.0026152907331531416,-0.005339195979899403,0.005192202586992156,0.0059238363892808454,0.0039415719916531256,-0.002731174404994152,-0.0016494845360823795,-0.0037351880473981414,0.0,-0.0005489980785068349,-0.004440764714737311,-0.0036162518613059857,-0.0008764241893075564,-0.0003226430922114165,-0.004868877747782441,0.0053867403314917794,0.0017676252634439837,-0.005519317611640706,-0.0009006304413089472,0.0015310586176728869,-0.004153686396677125,0.0006160796796386148,-0.005321326238231672,0.003235629996193312,0.003813976377952777,-0.0024950099800399306
2017-08-09,0.0061219390304847465,0.008929224914001388,-0.02167014613778706,-0.006425702811244993,-0.0006118346298399358,-0.001578781180928357,0.004893520616221281,-0.03879229762572445,-0.004618937644341736,0.005868544600938996,-0.0043529374384393416,-0.00448179271708693,0.012455167916530785,0.004943696786597229,0.0072578816058062046,-0.0016011955593510097,-0.0002192982456139525,0.0,0.00024221285665837478,-0.004396208270366908,-0.000746521886664353,0.007399932727884195,0.005108173076923128,0.003712601004586258,0.0,-0.0003591585428424082,-0.007818930041152305,0.0015177385695313017,0.00024512807942134174,0.0031265632816408484
2017-08-10,-0.03563889233825912,-0.0073993471164307545,-0.0061030259058512115,-0.025060630557801056,-0.010407556410704899,-0.019607843137254943,-0.007033997655334079,-0.01439268695905871,0.0022041763341067444,-0.015947102294826876,-0.01754106033529057,-0.02385178130816845,-0.008888316372536398,-0.01229844219732179,-0.001050814381145293,-0.014326953918528895,0.003290195218249581,0.01097340562871163,-0.0012107710189849241,-0.014626742100179446,0.0032599837000815146,-0.013856427378964864,-0.0008968609865470656,-0.001958224543081033,-0.004431699687174162,-0.011599856284966514,-0.004147656574035596,-0.01591210456525849,-0.011640730302658997,-0.015459419025059207
2017-08-11,0.013906773113572024,-0.0010962508221881162,0.008588114050154694,-0.010779436152570598,-0.0026513477684491082,0.015161290322580623,-0.007992007992007943,0.006314750863344765,-0.00798703553652036,-0.0039525691699605625,0.007037754847930344,-0.005986696230598665,0.006498570314530827,-0.007470946319867222,7.513712525342164e-05,-0.008352315869400107,-0.00327940533449933,0.0043417188098582304,-0.0012122387625467246,0.015263968631844316,-0.0036555645816408466,-0.0016929067208396598,-0.005086774386594883,-0.004360148245040274,-0.002356637863314859,0.0023368125876306323,0.0008329862557268086,-0.0001924927815207811,-0.0032234068931314974,-0.009623907813093635
2017-08-14,0.015049530099060293,0.02407082235879421,0.009664509536784882,0.023470243084660725,0.00762073548958786,0.011757229107086209,-0.004760596905612147,-0.0057848808706735255,0.004900816802800412,0.006349206349206327,0.009504456557967389,0.014320767343297014,-0.004003099173553792,0.013102871480345835,0.002854996243425889,0.011704222270837894,0.004606273305549413,-0.00025429116338215874,0.006748227983299326,0.015034482758620626,0.005979073243647104,0.013735797863320354,0.0018045112781954753,0.0033939128530764417,0.01049868766404205,0.0035747590923220773,0.014981273408239737,0.017327685791297842,0.003731343283582156,0.00025572177470922774
2017-08-15,0.01094776352830773,-0.002000428663284981,0.008517815728441791,0.0020475020475019257,-0.000527658077565607,0.007851758793969932,-0.0012878300064391723,0.0010848126232740896,0.008941012540640836,-0.008675078864353258,-0.0009052858040534684,0.0010116115411682447,-0.02651367820562689,-0.009356081452944531,-0.0007491759065028081,0.002594875121634921,0.008515283842794874,0.0022892025944296623,-0.0009162366784009057,-0.005027857045794337,0.006686478454680511,-0.020408163265306145,0.002101471029720914,0.006001091107474155,-0.008831168831168967,0.004078261318465781,-0.006150061500615145,0.00018925056775165316,0.0008674101610903762,-0.002428735779112845
2017-08-16,-0.004022277227722859,0.010022191996563956,-0.006606179704812365,-0.011442582754393027,0.004135503739551183,0.007790588968525913,-0.01593442018973923,0.006797359866022923,-0.006675106456439206,-0.0015910898965790787,0.006598584342486724,-0.008699855002416546,0.013850968901911287,-0.005277777777777715,0.005922926975558518,-0.006901757791437535,0.00021649707728954581,0.008120796853191337,0.003571773337194717,0.005872712373668598,0.006239516940623746,-0.0003415300546448785,-0.0005991611743559888,0.0026030368763556577,0.0018343815513626183,-0.003753213367609254,-0.0014438943894389267,-0.003027436140018991,0.0025999752383312202,-0.007303946694003138
2017-08-17,-0.01919850885368113,-0.010206251328938931,-0.008417862704659274,-0.02273666804464658,-0.008587451805117441,-0.04019789734075463,-0.00861100711344065,-0.008023483365949158,-0.005097902908121843,-0.01394422310756982,-0.017590307856862997,-0.01857187181419273,-0.016945812807881877,-0.017872102764590947,-0.008422151002459577,-0.015636876968183278,-0.007359307359307454,-0.0063561988672121705,-0.012360523278183932,-0.0169721656483367,-0.009134551273502933,-0.018448923812777518,-0.012290167865707358,-0.004002596278667281,-0.016479204812973935,-0.005522010631160756,-0.010741582317702836,-0.01689125071171005,-0.015806371943689834,-0.0156189492706853
2017-08-18,-0.0022805017103764147,0.0025062656641603454,0.0007640392206800239,-0.0008460236886632666,0.006894113487714293,-0.021585051546391676,0.005287009063444037,-0.006707437364371627,0.0059392104343773955,-0.008080808080808022,-0.0015954121121962705,0.0032969018155541985,-0.01456537716309203,-0.004549331816889546,-0.0030817799158148196,0.0009928295642580576,-0.004143044047099864,-0.0008233580340742952,-0.008862916971025037,0.0012430939226517612,0.008882309400443988,-0.043682561782109275,-0.008497723823975734,0.0043445204735528264,-0.006117021276595858,-0.009756097560975618,-0.004176237210273603,-0.0023166023166022454,-0.00489335006273528,0.004982953055336914
2017-08-21,-0.0018412698412697548,0.00914285714285712,-0.0003817279552106312,-0.010160880609652923,-0.002808988764045006,0.010207441554165309,-0.006574004507888809,0.0046673286991063545,0.0023153507756425995,-0.0024439918533605276,-0.005733226802565272,-0.00612198964663524,0.011594006373313315,-0.0025706940874035134,0.006182613285078631,-0.0012122547939167339,0.0002189621195531899,0.0038032454361056622,0.0050115462094040275,-0.004690302110635813,0.003468285199759835,-0.024385805277525097,0.0027548209366390353,0.0042175840813236665,0.0056194808670055885,0.006341054396813872,0.009435940448731417,0.002708978328173295,0.005043500189131134,-0.003392484342380042
2017-08-22,0.016347560587748777,0.005733295583238984,0.017269178547182573,0.01924721984602229,0.019542253521126707,0.019230769230769162,0.0054830780865948725,0.01581496491054657,-0.0003465003465004113,0.004491629236423211,0.021208205284133363,0.01263644186783841,0.0047587131367292645,-0.0077319587628866815,-0.009291869614087567,0.010261502813637913,-0.0017513134851138146,0.008082849204344322,0.004448790026888361,0.013998613998613907,0.0025922233300099684,0.009699682894982242,0.011904761904761862,-0.0007538229592934931,0.010643959552953719,0.014372754257147236,0.004362276692978728,0.007719027402547152,0.0038890979801782244,0.00471327572662994
2017-08-23,0.0012517211165352649,0.00527834471109867,-0.00692387904066738,-0.002937473772555488,-0.009238473493351718,-0.011192836584585808,0.0023505077096652727,-0.012357691933443604,0.003812824956672456,-0.008536585365853666,0.0023181624840493686,-0.0037570444583594487,-0.00540324194516717,0.000288600288600227,0.004462597382951294,0.001201397990388875,-0.0013157894736842701,-0.005199198195940724,-0.01357928550569465,-0.006014215418261304,-0.007955449482895949,-0.009606502863476862,0.002714932126697045,-0.0037719581851493045,-0.0015797788309634964,-0.002823553570511783,-0.0014477766287487315,-0.003638452700114869,-0.0007498125468633488,-0.0016940317956736228
2017-08-24,-0.004438054756844445,0.006720806496779641,0.002730060061321371,0.0033670033670032407,0.0002614379084966423,0.010349288486416475,0.007785385986305293,0.0001970443349752493,0.007136279926335254,-0.0036900369003689537,-0.006036622886121168,0.0011223848433150607,-0.0057008718980549045,0.0014425851125217104,0.0006777108433733137,-0.0016363041343951945,-0.002854633289415931,-0.0025187330772621364,-0.0027137711550796473,-0.0004125412541253759,-0.002205292702485817,0.004290244357396,-0.00030084235860428077,-0.0018390307226309188,-0.006329113924050667,0.002625617792421764,0.0006213753106876219,0.0024985585239283292,-0.020260130065032356,-0.0036548753426445257
2017-08-25,0.0037044013310729706,0.003059805285118289,-0.011937672782106112,-0.002936241610738244,0.004966021955044475,0.006402048655569814,0.007352941176470562,0.008766745468873127,-0.0030857142857142472,0.007818930041152194,-0.006820437831549064,-0.0023319431364635657,0.009443507588532851,-0.0011524056467876465,-0.0091052750395062,0.0040428321678323,0.0035234529839243134,0.0025882204406286746,4.9475559073863806e-05,0.001788416563488715,0.005291005291005346,0.0011144130757800852,0.004814926271441644,0.0026010621003578205,0.00822717622080682,-0.0020025673940948785,0.007658869799213264,-0.0074769938650305345,0.0037018126116925565,0.005109393423293529
2017-08-28,0.010071312398348464,0.010676650027731549,0.0054686506422485515,-0.0021034917963820288,-0.002427394885132217,0.0031806615776079905,-0.004342603714312054,0.0014647007128210099,0.0021781497191333266,-0.0008166598611678566,-0.002547017732401957,-0.009529374747156982,0.011627129969929761,-0.0005768676088838687,0.00045565006075332093,-0.0031559473283274686,-0.003291639236339683,0.005351970784535975,0.0016326126750112468,0.00013732491073881192,0.005196535642904676,-0.00315398886827456,0.002395926924228853,-0.0004323856880338317,-0.0013161358252172795,0.003755916855320063,-0.0014379622021364336,-0.002704268881591698,-0.007630675314765245,-0.00325860271115741
2017-08-29,0.008918065275283382,0.0007545616682671508,0.013955645501307012,-0.00590219224283306,0.008168940644825096,-0.0019023462270132407,0.0009279881217520991,9.750390015583754e-05,0.0009151223976207046,-0.00122599100939913,0.00821005678083897,-0.001769911504424737,-0.010238456965453335,0.0023088023088022602,0.003567633216942534,-0.00545851528384278,0.0006605019815060231,-0.0018162460073901654,0.0022720537390101825,0.0030207332143348253,-0.0010604453870625141,-0.018611576400521135,0.0008963250672244794,-0.0016221477235860426,-0.0023721665788085655,0.0084063765441591,-0.002057189878625798,-0.004067402672864651,0.009483531974881387,-0.00026154047338822206
2017-08-30,0.0027008777852801646,0.01117280142573196,-0.00012474531165540537,0.012298558100084955,0.01327471769675026,0.01620076238881829,-0.001205266085666512,0.002924831822170404,-0.002514285714285691,-0.006546644844517169,0.008421052631578885,0.0111838516093834,0.0010678056593700358,0.004606968039159387,-0.008622645790787531,0.0023051591657519133,-0.0013201320132013583,0.0009411469444096099,0.0037945988566923106,0.013141683778234103,-0.000663481953290801,-0.003223971173904716,-0.0014925373134327957,-0.004874350086655044,-0.004755614266842789,-0.004320642504956007,-0.008039579468150926,-0.001166861143523934,-0.0029198933604163146,-0.004578155657292471
2017-08-31,0.003979185797367668,0.0035927331887202207,-0.003326956666389491,0.0008378718056136769,-0.0005104210974054002,0.0068771491090966475,-0.0010210711965097374,-0.016234081850879822,0.0002291475710356483,0.011120263591433366,0.01230355118001758,0.005934718100890413,-0.0008666666666666822,0.005159071367153878,0.009918364232852861,-0.004599715255722336,0.0035250055078210885,0.002758101924402956,0.0030929353429229867,0.010268882583434502,-0.0007303146992432286,0.00475646879756475,0.014050822122571027,0.004353978447806606,-0.005574727900185872,0.015417602613845283,-0.0031172069825435855,-0.0056464174454828875,-0.005984211866564948,0.003022339027595411
2017-09-01,0.0003048780487806546,-0.015400202634245241,0.002795627138446166,0.008371703641691042,0.006723976508639096,0.0027941633033219393,0.010592826612153772,0.0029644268774702276,-0.002405498281786822,0.024032586558044855,-0.0034022863364180367,0.009564673281487357,0.006071929005137866,0.0005702879954376794,-0.010123139684218518,0.008911871493013646,0.005049396267837736,-0.0010001875351628442,-0.003719655442443237,-0.011100708840444007,-0.0023254268819347113,0.01041469418670693,0.001179245283018826,0.0028178172753874353,0.0005339028296849069,0.004273504273504258,-0.0010423181154888272,-0.001958096729978487,0.003842705264506252,0.0031442421066421034
2017-09-05,-0.012008533983541625,0.008026342868902914,-0.013855948071401891,-0.03237858032378582,0.000169090294217078,-0.021052631578947212,0.006252298639205511,0.0009852216748766907,0.0036743598576185477,-0.01511535401750197,-0.01104003193310854,-0.035859748539047276,0.014259185568377797,-0.001994870333428378,-0.008623979241395019,-0.023882224645583428,0.003058103975535076,-0.004442775796258069,-0.012674395755551293,-0.004463078171490387,0.0006659563132658253,-0.006559220389805165,-0.004711425206124997,0.002053388090349051,-0.010405549626467225,-0.0022027534418022077,-0.0116861435726211,-0.017068864037669162,0.018246778103866212,0.007966566540420716
2017-09-06,-0.0010488647581442523,-0.005920783993466738,-0.010042194092827028,0.004290004290004257,-0.011158072696534127,0.007906388361796246,0.021472953216374435,-0.0009842519685039353,-0.00480494222628991,0.00646203554119551,0.0005735650252793878,0.00482137937367999,0.02373634996403573,0.021130782410051285,0.005927636643571876,0.00670316165791518,0.0008710801393727596,-0.00553111250785665,0.00532391282714717,-0.0028528732509168764,-0.013376813523226394,-0.004716091303527681,0.00562130177514808,0.0,-0.014019951469398828,-0.004666098038231925,-0.009501689189189255,-0.0043912175648702645,0.0035087719298245723,0.020730759264057985
2017-09-07,-0.004014575999011782,0.0062983501061135705,0.007203136987468994,-0.018795386586928697,0.00675329116088208,-0.003451521807342317,8.945343948463247e-05,-0.04374384236453199,0.00402345097137613,-0.03611556982343511,0.008354387380310468,-0.013663574464195971,0.008750638732754279,-0.00615212527964204,0.011632356317440973,-0.017534124958384134,0.006962576153176636,0.01061812665908235,0.011927740658252972,0.012806539509536696,0.008364249578414862,-0.007012888551933272,0.0,0.002696289905090632,-0.02652447361225041,-0.0010585744530698937,-0.015135365593689887,-0.004009623095429071,0.0004995004995005381,0.003173394262503182
2017-09-08,-0.016309066104427616,-0.013606367780121142,0.010452371884389189,-0.003482803656943756,0.0004245563386260365,-0.008816120906801062,-0.009123434704830014,0.00010302905419323771,0.005037783375314797,-0.008326394671107407,-0.008927349482571678,0.006347294292068151,0.010954220224149935,-0.009848058525604997,-0.009153491186927987,-0.001242516661018822,0.00043215211754521476,-0.0011882426516572897,0.006015846620365695,-0.004842615012106477,-0.008227975115392416,-0.0036266463065469656,0.003236245954692629,-0.001398300527051699,-0.0002808988764044784,-0.0021193924408335896,-0.001948051948052032,-0.0020128824476650653,-0.015476784822765932,-0.0026572187776794376
2017-09-11,0.018092416314694493,0.008207462583626368,0.007580199346678862,0.020532983835735985,0.008911899507723753,0.022554002541296025,0.015706806282722363,0.00020603688060183423,0.006379585326953707,-0.004198152812762479,0.001997004493260013,0.01772478246857867,-0.008079669297256675,0.01648195510088102,0.017025500076347733,0.015494232074191316,0.004751619870410506,0.011395654624005935,0.018814721182361938,0.010543390105433925,0.021179009847565267,0.015900383141762342,0.006451612903225712,0.01238690219732863,0.004214667041303688,0.009254108723135257,0.004120581218824526,0.021782977006857607,0.002535496957403627,0.0054554681552905215
2017-09-12,-0.003962848297213495,-0.009235189492406537,-4.156448730197049e-05,0.02525684931506844,0.017413981660637567,0.0068344206275241515,-0.0002666192676857859,0.008239777526006797,-0.011999094407969202,0.008010118043844994,0.003562001081321764,0.022120691215054666,0.009724063900991231,0.008946044171093126,-0.004354027475414801,0.01225080743958129,0.004299226139294898,-0.03219216244660428,0.00038175224279424214,-0.0010700909577313622,-0.014993394980185037,0.006977182726758402,0.030594405594405405,-0.005106926268751866,0.014549524342473363,-0.010572201623409216,0.0105831533477323,0.017962889853928132,0.006702073849266688,0.003154574132492094
2017-09-13,-0.007522068879771249,-0.00780225091486586,0.005611439022362497,0.01586638830897691,-0.01083181743013062,-0.007096575131132266,0.015023557649568975,0.009500459699662844,-0.0058432630614115855,0.00836470096194053,0.004003591612528501,0.002699712325735737,0.0006878869364017604,0.006650041562759723,-0.0013571590137978484,0.0028606007261524624,0.003210616438356073,0.004285805667498144,-0.0007155123068115499,0.007096946973754514,-0.00637028096291814,0.0022471910112360494,-0.008764489680520127,0.0004277617367125508,0.007997793712079426,0.004355091912695563,0.009831160504381264,-0.002133023075431395,0.003140309006406161,0.0033962264150941834
2017-09-14,-0.008581271531475143,-0.01280445372303396,0.013640309180341426,-0.0036991368680641123,0.007105241160244136,0.0003107520198881719,0.0023646873357856535,-0.00930985630439174,0.008413045983634904,0.006221484861053561,-0.010847607423929984,0.0012800141242936824,-0.003999500062492278,0.004128819157720898,0.013061532653831698,-0.0019747668678004038,-0.01621506294004693,0.0,0.009260585230798535,-0.005850285866241145,0.039951410446753766,0.00392376681614337,0.019110096976611368,0.0,-0.006292749658002639,-0.0030252609287552135,-0.001481481481481528,-0.003303536727555456,-0.002253944402704655,0.004011533157828762
2017-09-15,0.010108668182966962,0.022204990836035332,0.015373323002895178,0.005775577557755707,0.007387118193891151,0.00776638707673194,0.0015727391874180707,0.006332992849846786,-0.0022857142857143353,-0.01360263808738671,-0.005148224181762084,-0.007185364778487968,-0.00614882670347594,0.014254385964912464,0.0020122223878371592,0.007145212707486026,0.0015181088700932932,-0.0005095541401274328,0.0090810197228397,0.007222147920288968,-0.02602206359506809,0.002605620696072952,-0.010355443604813774,-0.002993051843933725,0.021475770925110105,0.002275830678197588,0.0144128868164477,0.007213881848313397,0.008785140562248772,-0.0002497190660508686
2017-09-18,-0.007568176132099147,-0.0016550582718432016,0.016385542168674716,0.01312551271534046,0.02026860014830678,0.002466091245376223,0.004885283084707259,-0.004263093788063332,-0.0142038946162657,0.02214793146677807,-0.00592329651765755,0.010256637954000558,-0.003724747474747492,0.0,0.006917069542580867,0.014189041693953186,-0.001515807708964978,-0.001529441753759797,0.0019217248652447783,-0.0019917673615722498,-0.011926177626757184,-0.006868386857248887,0.005373303167420795,-0.00128658732711473,0.008625336927223781,5.045917852442017e-05,0.004805683242791625,0.020325203252032686,-0.004727544165215147,0.00024978144123899426
2017-09-19,0.00037814331631680353,-0.026179457069835044,-0.002449818239291912,0.006477732793522373,0.007348784624081395,-0.0009225092250922939,0.009983505512631385,0.0033639143730888055,-0.0009295840111549492,-0.010629599345870822,0.007647216993815542,0.006065134268008698,-0.0009505101070907962,0.006216216216216042,-0.0011818584724478942,0.010977184674989093,-0.0028193450444589097,0.004786826653050857,-0.0009356287425149601,0.0037253858435337683,-0.0025623735670938785,-0.003177570093457982,-0.002812939521800173,0.010950080515297778,0.021111704970603995,-0.017861647913618217,0.025992929923061014,0.012331625877442631,0.0006249999999998757,0.0016231739293295355
2017-09-20,-0.01675801675801669,-0.004114058731734871,0.01188307058543936,0.008045052292839916,0.0008818342151675207,0.0033856571252692813,0.00025786487880341546,0.00792441328863136,-0.009071877180739762,0.0049586776859504855,0.011399782251350299,0.003844305622296984,0.00646961816567293,-0.00429760945474067,-0.014790711433219972,0.007025761124121788,-0.004349717268377518,0.015562472209871059,-0.01428170069301371,-0.006627783669141074,-0.007977285018929026,0.004312769548096895,0.015232722143864619,0.0024423914197728713,0.005757655064119405,0.005651168764448933,0.0028374543980542732,0.0073088455772114536,0.0056214865708932304,0.004113687359760698
2017-09-21,-0.01717178189274049,-0.007122507122507171,0.002270414154857958,0.003990422984836428,-0.0004805766920303878,0.0030674846625766694,0.0008593280054995933,-0.003225481302288058,-0.00046948356807519076,0.017680921052631637,1.0553644173239007e-05,0.006527699203620729,0.003214015628938638,0.003506878877798769,-0.011034379222338964,0.00454545454545463,-0.00830056793359546,-0.005316487365524147,-0.0003325257707471607,-0.009741126234320885,0.0002725909772385293,-0.006908140403286134,-0.0005557099194221093,-0.01864406779661021,-0.005464480874316946,-0.0027586206896551557,-0.010913500404203691,0.005767441860465183,-0.006086956521739073,-0.008193668528864051
2017-09-22,-0.009778994719342848,-0.011621233859397395,0.0016013122949538605,-0.005564387917329161,-0.0028848465421908998,0.020489296636085452,0.007040439598179793,-0.0029325513196482023,-0.010685767966181259,0.00484848484848488,-0.0045274655690992205,-0.0011241298802369126,0.0048998052641497924,-0.0005376344086022167,-0.0027324478178368805,-0.0021045985478270746,0.0019823788546255994,-0.0007545746085644289,0.0015206234556168763,0.0026950545748551935,-0.002861425262297268,0.0009400263207370863,-0.00027800945232137053,-0.0043177892918826455,0.009680795395081265,-0.011167460683366714,0.0196158561503883,0.0035146133925267886,-0.005999250093738362,0.00037551633496057946
2017-09-25,-0.008822173941668177,-0.0028305995064596967,-0.008305712614544714,-0.010391686650679355,-0.0008840311821909363,0.01048846269103998,0.005968113223633553,0.00983772819472617,0.01056379821958453,0.00965018094089265,-0.009520174713228635,-0.0033329004891140546,0.007063824467087532,-0.0005379236148467248,-0.0016744044447827289,-0.0074870821469997795,0.0043965706748734235,-0.016676105971933808,-0.00014234200037954725,-0.015454911974196905,0.003142935228204191,-0.0001878287002254897,-0.01251390433815358,0.005203816131829964,0.01373412801243834,-0.006631093612391892,0.0,-0.004055299539170498,-0.004778071168112574,0.013263263263263214
2017-09-26,0.017203586848222985,-0.0070601936094329965,-0.0024378735451400235,0.0020193861066235552,0.001528314028314215,0.0011862396204032066,-0.003983388422747702,-0.009440594556593296,-0.0037585153864224674,-0.007168458781361964,0.0033715802543135,-0.0013897333449144345,0.0009931719428926122,0.008342303552206776,-0.0017534497217350786,-0.004462388440289011,-0.0026263952724884243,-0.018622808140279057,0.001423622645090994,0.0,0.005993733823729697,0.00882960736426841,-0.005913827090960333,-0.0007549611734253281,-0.010224948875255602,0.004954367666232029,-0.007815631262525047,-0.0042568943179716046,0.003032217308907015,-0.0011113855272907314
2017-09-27,0.007117670105785567,-0.01231490983726713,0.006227828143476666,0.0241837968561065,8.031483414971952e-05,-0.0082938388625593,-0.0005956432947582524,0.006184730812126116,-0.010374911577458068,-0.022462896109105457,0.023969789744300973,0.02096199008436983,-0.0021083963785192283,0.0018681611956232747,-0.009088131968840618,0.015795090715048143,-0.020408163265306145,0.0045647212259538605,-0.007344927261526801,0.008053508053507796,-0.009817197020988377,-0.0191806331471136,0.004249291784702791,-0.01921208850512679,0.0012913223140496033,0.009289050337311977,0.0,0.007620817843866146,-0.001259604484191934,0.006675732476202345
2017-09-28,-0.006159631718861358,0.010093513433278689,-0.003956439987464755,0.0015741833923652582,0.005701895277867131,-0.0038829151732375777,0.0014474244359301558,-0.011991132607819366,0.0038122468429830914,-0.005334427574887224,0.005115116157933031,0.0030243653092520972,0.008948545861297674,0.0077250932338839284,-0.0021579961464354147,0.0021012817818868434,0.006048387096774022,0.02233041220382992,0.0003341607790721124,0.0002708192281652977,0.005059829059829157,-0.0007594456047085307,0.004231311706629048,0.00022009464069538964,0.0069641475367552275,0.008278060568666756,-0.0020197939810139287,0.0007378712414682909,-0.004288056501450366,0.009333169593515711
2017-09-29,0.005480167014613846,0.004261572373255085,-0.00023596963857319686,-0.0043222003929273,-0.00415235965822891,0.008395802098950522,-0.0010202346539704976,0.00530341662417122,-0.004035129361500189,-0.0024752475247524774,0.009234978907764368,0.007304539856457293,0.007390983000739038,0.006608511763150915,0.004170850390051717,0.0013629691759280416,0.0022266755733690857,-0.0051431836942028575,0.0016702457647339575,0.00839312305401374,-0.002993400911626587,-0.014820444613338424,0.002808988764045006,0.0009902079436681088,0.003329918032787038,-0.0012748597654258509,0.0016191054442422637,0.016589861751151957,-0.010259658011399608,-0.0025550553595327097
2017-10-02,-0.0020114196729821288,-0.005999414691249538,0.0070020848904448485,0.011049723756906049,8.018603159332116e-05,0.003568242640499486,-0.0005957446808509959,0.013087146190524646,0.00524308865586276,0.016129032258064502,-0.006418682988949542,0.014587461528732248,0.00281242357544631,0.025210084033613578,0.009306976386431964,0.013925243430007228,-0.004665629860031162,0.0017870819504723912,0.013625535969509217,0.00161095449053561,0.0012964858410098312,0.00038572806171632834,0.010364145658263269,0.008683227082875167,-0.0015317845289762877,0.008118458003574247,-0.0026267932915741143,0.005802357207615572,0.003967238290248254,-0.0042693339838986155
2017-10-03,0.004356023665561315,0.005888414544383824,-0.0020703933747412417,0.00936768149882905,0.006334188582424627,0.002962962962963056,0.0033211274802007473,0.009313038253555117,-0.006045519203414007,0.009361009361009476,0.004765005633249553,0.004030750051942755,0.007011340080477879,0.008709016393442681,0.006706294772138355,0.005266418835192077,0.00870535714285725,-0.0006371049949031038,0.008507238202669631,-0.004691060179600526,0.001022216164644707,-0.007711586658955105,0.0019406709176601478,0.0038138825324181003,0.0094604960368192,0.0060271474878443865,0.00992706645056729,0.0019830539030105676,0.009815168897386872,0.00159255175793227
2017-10-04,-0.006473329880890777,0.015951997658422368,0.0011743521490643616,-0.0058004640371228655,0.00980001593498514,-0.012112259970458061,-0.0020370056017653404,-0.0023811886099812662,0.007394156231365523,-0.012903225806451646,-0.005452226154226025,-0.005421736611207706,0.0007265241872009831,-0.001015744032503818,0.005980317940953661,-0.01016949152542368,0.006859924762115499,0.002231289047558205,0.00908794332851759,0.005790465930514355,0.011437129825039083,0.01185156401787446,-0.004980630879911407,0.0032566217976552903,0.0005065856129686797,0.00931379952675826,0.0010030090270811698,-0.011155091759625702,-0.0016409997475383964,0.0003669275929549798
2017-10-05,0.012444618191295165,0.002953039469893337,0.012238035658429736,0.016336056009334854,-0.0026826574088684163,0.0044856459330144816,0.00850484776322502,-0.0043759323719542165,-0.0021309340594293236,0.002450980392156854,0.019042595006102836,0.023927427073363594,0.005021477403351682,0.0048296898830706425,0.002257506208142246,0.007575757575757569,0.00043956043956061563,0.010113860441447686,-0.000692776648808402,0.017137501673584188,-0.005451975499764394,0.0019201228878649168,0.0011123470522802492,-0.004219865829906966,0.00025316455696189344,-0.012869114126097259,-0.0026052104208416083,0.007823871906841307,0.00404602351751171,0.0028120797163466715
2017-10-06,-0.0005791878499258329,-0.0010053859964092027,-0.0011974197535632447,0.003061615001913598,0.004193037974683511,0.004763322417385973,-0.01307134424017542,-0.0003995604834682309,0.0041523312373945576,-0.006112469437652757,0.008577025751377754,-0.00016256197675357242,-0.0016253310859619674,0.00252972426005571,0.0002252421352955114,-0.0017509527242765,-0.0006590509666081212,0.005037783375314797,0.000693256921014962,0.0003948927208108355,-0.001962642122360525,0.004599463395937198,0.001388888888888884,0.0032598065848092883,-0.023285244241963876,0.0008084891359272373,-0.019288728149487677,0.003430222061743926,-0.005163077698022822,-0.003779565959522113
2017-10-09,0.003477141017385721,-0.008410610308389188,-0.000734782272410861,-0.013735215566577641,-0.0003939179075082011,0.000296296296296239,0.005810475946338434,-0.0049965024482862,0.0021266540642721488,-0.03936039360393606,-0.0013385129423131303,-0.013088366799447249,-0.000844136267711737,0.005803684077718918,0.0017264674973727079,-0.005262071811803604,-0.001758628269949547,0.0032581453634086266,0.0007389617587290065,0.003815789473684328,0.0029158472909744937,-0.017169019458222023,0.002496532593620149,-0.0022744503411674666,-0.007514900233221211,-0.008886196102191213,0.0049170251997541214,-0.007916516732637602,0.01936708860759495,0.003916289315873289
2017-10-10,0.0003850102669404887,-0.006162099463534854,0.009830101784124912,0.003094777562862694,0.010324716267339218,-0.006220379146919419,0.00926004587545659,0.00010043185698505042,0.011435982079698315,-0.0029876227059325577,-0.0045449506706572995,-0.0008237232289951546,-0.0033190513547765033,-0.005268439538384406,0.0033720494567255344,0.007468104968364253,0.010129927328782262,0.0028728453659756514,0.0003230570426435708,0.0,0.007640297498309634,0.00019409937888203999,0.007194244604316502,-0.005427702996092076,0.005221932114882533,-0.00825267447784006,0.0018348623853212676,0.008523757707653123,0.04470383707934933,0.002803852249177119
2017-10-11,0.004169339320077015,0.006127361587278557,0.00195454719656607,-0.0038565368299268155,0.0031983774085342365,0.0011922503725785294,0.004461279461279499,-0.01034344245832497,0.006993822123790627,-0.012414383561643816,0.018070459607207878,-0.0008244023083263663,0.000544926132235446,-0.008827238335435084,0.0205377147124719,-0.0029856892824049464,0.005014170481796532,0.016004483746419274,-0.0011072664359862427,0.0017040241184951288,0.005636449037106583,-0.009703085581214799,0.0013736263736265908,-0.0017463435931021065,-0.008051948051948088,0.002979247996712564,-0.005698005698005715,0.0008991188635136815,0.019018186140496995,0.004133236080719582
2017-10-12,-0.003513254551261613,0.01522511418835637,0.0017977356181151372,-0.014711575687185396,0.01080870917573895,-0.009824352485859,-0.0015922232464593566,-0.016438356164383494,0.006713740016205616,-0.000866926744690022,0.0,-0.010726072607260662,-0.003993948562783678,-0.002798982188295107,0.0013172338090010616,-0.008777364725320203,0.00021691973969617528,0.004658289917254033,0.004988222253013763,0.009159905783826305,0.0055381330486421465,-0.003919263178522536,-0.002743484224965731,0.0075442816531818835,-0.06101073579471061,-0.011984021304926817,-0.010437986082685202,-0.008084800574919115,0.004315875422838955,-0.002058111380145111
2017-10-13,0.006346153846154001,-0.0004284796115118228,-0.004467183383605078,0.014931237721021562,0.00553888760673904,0.006313890559230373,0.0001678697330871337,0.004642525533890218,-0.002069679199724006,-0.0030368763557483414,0.0022075274697956893,-0.005296080066722331,-0.0007290843915183087,0.012248022454707908,-0.0029233355258350135,-0.001354307740389582,0.0015181088700932932,0.00890732719175169,0.000597453927110525,0.004797717842323523,-0.0009953550099534025,0.0029510131811922857,-0.0002751031636862855,0.00965816603364078,-0.004461795872838681,-0.002073398299813234,-0.01013443640124101,-0.027531244339793592,0.0060394889663184514,-0.00024263011039682425
2017-10-16,0.018408815848143023,-0.00271486747160099,-0.003796885786607418,0.015873015873015817,0.005814398286282607,0.0020914251568568965,0.00814031554212824,0.007701786814541034,0.003917502016361096,0.01653611836379465,0.001468443350828963,0.016266297740326063,-0.001520034048762664,0.0022687169145449992,-0.002272227515942249,0.020655122052994024,0.009527934170636687,-0.0021769365664873197,0.004593055300385895,0.002064782552587463,0.006443042178678082,0.007650058846606633,-0.009906439185470739,0.0010748065348236135,0.01316526610644253,0.0035321005609805223,0.004805683242791625,0.0020487986589681206,-0.010159316555068187,0.004853779881082376
2017-10-17,0.003690267700775518,-0.0032953649974927224,-0.004350336862367632,-0.0015243902439023849,-0.007073857153723329,0.0017889087656530744,0.0007491883792558607,0.0023438296137776593,0.004361299208079927,-0.007277397260273877,0.0016347154109079831,-0.026071531702487438,-0.005297771282426034,0.0007545271629778583,0.03430796356156329,-0.0022485690923957913,-0.0021450021450020174,0.002363493121628979,-0.004434893928310202,-0.0007726980038634812,0.007589757127771657,0.012263967296087364,0.006114508060033552,-0.0036504187245007813,0.0016588332872544687,0.05533126293995849,0.006446246620918972,-0.011338289962825265,0.002799160251924615,0.0018113754377488966
2017-10-18,-0.004424503022371851,-0.011859412060662766,0.005490681308483625,0.010687022900763399,0.005745365405239733,-0.0014880952380953438,-0.017218432873066014,-0.0011183407889385766,-0.00537081476402701,-0.003018542475204833,0.0017210682492581064,0.025159896649582736,0.0006121824303642054,0.011560693641618602,-0.0007813054904466377,0.0037902069248103576,-0.00257953568357705,0.002237001209189904,0.002388059701492695,0.0002577651759245736,-0.0008515097923625925,0.005769230769230749,-0.010220994475138245,-0.000323275862068928,-0.014352746342809697,0.00657217126882137,0.005165289256198413,0.004136115811242735,0.002791346824842833,-0.0024108003857279403
2017-10-19,-0.02366049073610421,0.006619144602851401,-0.0038455622211966967,0.003776435045317106,0.0019803488460661267,0.005961251862891315,0.00042319085907749354,0.007735368956742983,0.00930606617647034,0.019896193771626214,-0.010762880897367544,-0.008428707185059725,-0.0012847965738757017,-0.003975155279502984,0.009667330110889827,0.0012246147566079557,0.004094827586206939,0.004403691862218784,0.0044440372016310015,0.0038654812524159254,0.008719024518159202,0.007456978967495198,0.011442924923248832,-0.012719629190470982,-0.0005600672080650071,-0.009647712322759738,0.011510791366906581,0.006365849091930498,0.0020876826722338038,-0.00024166263895608608
2017-10-20,0.0017309911527119137,0.004913649830190048,0.022042927733168627,0.022197140707298946,-0.0014443177499049442,0.014814814814814836,0.0037225042301183286,0.0039389960610038965,0.0009106431417189587,0.01060220525869382,0.0032240677154036224,0.019750822950956204,0.0011639304092134761,0.008480917934647003,0.00253449732469746,0.014269697278564974,-0.004507405022536992,-0.001201201201201152,0.009487319832147456,0.011551790527531747,0.0018847078702799447,0.007022205352059219,0.004966887417218624,-0.03646686319467196,-0.004202857943401472,0.020861008610086218,0.006502743344848572,0.021767441860465198,0.012037037037036846,0.004471839497220298
2017-10-23,-0.000512000000000068,-0.0023009994966562974,-0.00917847025495755,-0.0003680529996320514,0.0024360535931788885,0.0029197080291971655,0.00244436952124083,-0.007042253521126751,-0.004435346298191756,-0.06336550566512789,-0.019431482384311582,-0.01062395292771623,0.008015664198739447,0.009893643334157876,0.008567415730337036,-0.0017083710179881528,-0.001293661060802087,-0.01779915814792543,0.0010392192300741065,0.00025377490166222927,0.0014270887389724596,0.011307953260459858,-0.0005491488193301031,-0.010764872521246471,-0.008159819921215505,-0.0023133644994940417,-0.010902483343428249,-0.00018208302986166824,0.013838060384263606,0.001564192034652745
2017-10-24,0.005955048985080369,-0.005189189189189203,0.014028667276608786,0.019145802650957222,0.049817739975698716,0.006695778748180503,0.0025224922223157087,-0.004154002026342418,0.005140507196709887,-0.01926523297491034,0.0029932828703047587,0.011192334696237483,0.007830520820687026,0.0029390154298312154,-0.013786380726918401,0.01590497282061598,-0.003022452504317763,0.0033059875107137593,0.059128864816068605,0.00038056577445133577,-0.0010364036792330777,-0.004472605292582865,-0.0035714285714284477,-0.003665521191294263,-0.01106382978723408,0.00550698033911412,-0.0010206164523373085,0.009287925696594534,-0.007557811618725374,0.002763094666025978
2017-10-25,-0.004392106938255869,-0.004781569224081683,-0.028571428571428692,-0.0016257225433525813,-0.01012731481481488,-0.00809716599190291,-0.006038748637087976,-0.00518872723573105,-0.002500284123195806,-0.016674280493376048,0.003004582747422768,-0.012661329848064007,0.0003613804734083903,-0.004151404151404248,0.005506918949449213,0.0011890606420927874,-0.002815071459506324,-0.0020136685379544828,0.013893032175580577,-0.002916560994166928,-0.0023343275839708966,0.028163609135155365,-0.0030328094844225273,-0.0016095654173373664,-0.03943201376936323,-0.0029786211866442702,-0.005721291377196569,-0.0029772645254421137,0.005796771993634708,-0.003294596861147747
2017-10-26,0.006393453104021507,0.007861978597947017,0.0033668730650155965,0.003799529582051653,0.0007307804735456891,-0.0008746355685129714,-0.0005906674542233148,0.007977091429740346,-0.004671299988606492,-0.00952380952380949,-4.034454239210117e-05,-8.273351534715534e-05,0.009392498043229613,0.013977439921530221,-0.004283106305294049,0.006927949326999139,0.003908794788273662,0.0028125955365330135,-0.020890252616535654,0.001653312984865929,-0.0030547250747434695,0.03432894245737339,-0.011615044247787476,0.007600184246890684,0.005811487991781439,0.0078061003228449,0.004726674886970983,0.006605737037371995,0.0014690925528308973,0.0033054871086002358
2017-10-27,0.03582999809414922,0.0041892379920549505,-0.010838122420642637,0.00216294160057684,0.006353147363808986,0.004668806536328951,-0.04137115839243488,-0.0025365259740259827,0.006753663003663091,-0.024859287054409096,0.04261564221016334,-4.137018037397855e-05,-0.0018490903668356706,0.07376058041112454,-0.00021155066638456343,0.00029486927462163415,-0.00346095608911956,0.008414121090177362,0.007727311754099908,0.06411884205180285,0.01597235804159336,-0.014962154550255291,-0.003917179630665957,-0.005257142857142738,0.008610451306413358,0.016495338273966098,-0.0004090816117816587,0.004494786048184096,-0.005077860528097555,0.0028752845333652743
2017-10-30,0.02250843299601346,0.0276199381428468,0.010878889495437916,-0.007194244604316502,-0.009578405050431726,-0.011327330816148673,0.007486348423463074,-0.0027464144034177185,0.001819215463331414,-0.018278018278018227,-0.0005224104404694119,-0.003392495138802798,-0.012130990797179386,-0.0006756756756757243,-0.012554662152630791,-0.0035373882283580294,-0.004558280876926446,0.005078904407763485,-0.015847320439635326,0.0009545400310224661,-0.0030800821355235763,-0.012330235882773377,-0.012640449438202306,-0.008846507352941346,-0.012658227848101222,-0.015098777046095968,-0.021280949457745058,-0.00035797386790759056,-0.013836905977089753,-0.002030820690478885
2017-10-31,0.013915547024951902,0.005599496045355812,-0.0048987463837993905,-0.007608695652173925,-0.005055315407722194,0.003231492361927213,0.013113034356150077,-0.0023459812321501294,0.0022698899103392733,-0.012248897599216102,-8.711391596427642e-05,0.006600523060318109,0.0028431431855302502,0.025242280820374274,-0.004214285714285726,-0.0078887683660388,0.0026166593981682418,0.004090717680322431,-0.0035927625313826317,-0.008463464060078585,-0.0018666323377962701,-0.005066039442735648,-0.0025604551920340723,0.000811406050770902,0.0032796660703637848,0.003963895123931582,0.0008362952122098477,0.00519247985675908,0.004140310523289337,-0.0022743595882213086
2017-11-01,-0.012718883104590684,-0.019906730702303754,0.0020156601286920317,0.005111354508944954,0.0036082474226801775,0.013762811127379093,8.628872206406513e-05,0.012473162253348269,-0.0050956856528139305,-0.00694444444444442,0.009254239913265572,0.00734081161332889,-0.0024128362890578625,0.026819081116728816,0.004088659350118373,0.0030812046516250913,-0.00391474554153981,-0.003235276496315387,-4.344237369124926e-05,0.0,-0.010898303991745628,0.0014548099654483337,0.0057045065601823985,0.00637016446606431,-0.002971768202080227,-0.003282275711159688,-0.0008355964069354238,0.0012468827930174342,0.00721566830832665,0.006238752249550172
2017-11-02,0.007310204326202996,0.011575882394716297,0.015976789168278493,0.012350163458045849,0.0013207131851200593,-0.011842865395724878,-0.004918032786885296,-0.006866606078966053,0.007967220578192657,-0.003996003996003861,0.0003548820257051055,0.010726275280438902,-0.016144636594509487,0.008349389852279954,-0.0003571938848405676,0.006638921918351137,0.0017467248908298316,0.010398509346636997,0.008906073507689571,0.010459245010819851,-0.022949537097404993,0.0009079353550027758,0.005672149744753385,-0.004373345609391177,-0.011326378539493143,0.007492960435259821,-0.007735730712941646,0.004803415762319796,0.009779395042074146,-0.004053892929533842
2017-11-03,0.026113854024150784,-0.0023869699522606203,-0.003350721547424107,-0.0017940437746680749,0.0011724188466328833,0.007600116924875611,-0.0029480620827191384,0.0029486527707169863,-0.0004516711833785214,0.010030090270812364,0.00673077845000325,-0.010045366169799008,0.010325118308647241,-0.016135881104033967,0.0010719645537053957,-0.0017718279358205358,0.001961639058413178,0.0032718619869125387,-4.306075873050652e-05,0.001070791195716847,0.01861737621780324,0.010703918722786643,0.002538071065989689,0.0008091550109812218,0.00391920410009039,0.008384651823780231,-0.0008428150021070335,-0.00230169971671379,0.00990990990991003,-0.004190111337244007
2017-11-06,0.010144927536231974,0.05672061928219563,0.008863419293218655,-0.0025161754133716796,0.007904559759935648,-0.0017406440382942145,0.01782763718584235,0.020275750202757514,-0.007342973339358294,-0.0004965243296922717,-0.0069619710663910706,-0.0037234042553191404,-0.0010341261633918242,0.007768666378938249,-0.0022844089091949016,-0.0062124050882556014,-0.010876658690450292,0.008419804328490876,-0.00822495909051757,0.003922034704064714,-0.005175237471339633,0.005923532579429125,-0.006469760900140509,-0.006121506121506082,-0.013213213213213115,-0.003523277117489565,-0.03985660059046814,-0.0030168589174800475,-0.010927743086529884,0.006852608800192339
2017-11-07,0.003213773314203694,0.0033297815663293484,0.007800961866171852,-0.020540540540540553,0.007987800450221405,-0.00029061319383894,0.0017088174982911042,0.00963831478537358,0.01695686810060315,0.003974167908594284,0.009312540760348265,-0.015113557024929225,-0.0034100596760443525,0.0017130620985010836,7.155123068125491e-05,-0.020142885493153462,0.010336485594897749,0.00411595225495387,-0.0011289132039424832,-0.0023677045104770755,0.02390359541683118,-0.015881513204853648,0.0011325028312569874,0.010807669959326027,0.0063907486305538885,0.002734301338864764,0.0008785416209091679,-0.020113919544321845,0.002818489289740711,-0.002029850746268713
2017-11-08,0.008180310050912354,0.013673171379264604,-0.002104234772479674,-0.014348785871964753,-0.010950219724803811,0.0029069767441860517,-0.004861821903787034,-0.004231866942229989,-0.0014547896150401973,-0.004453240969816918,0.005606286642784397,0.006004753763396042,0.002382989123793422,-0.0017101325352714136,0.011089647277670256,-0.011240506329113886,0.0052242054854159115,-0.003923405750424602,-0.0009563138448163144,0.0034413195680551567,-0.0036658306000387775,0.011060743427017128,-0.0005656108597283938,0.006898137502874269,0.01118838826731161,-0.00907381288199327,-0.0024138687733157305,-0.014350590372388727,0.01472737492973586,-0.0013161043311796794
2017-11-09,-0.0020426690876078624,-0.005893137768465229,-0.010806943555371484,-0.011198208286674172,-0.014203510816519715,-0.013043478260869601,0.004885574697865769,0.014825064241944963,0.004482797265493499,-0.006461232604373923,-0.009987810524525353,-0.0019067357512954075,-0.004754647973178927,-0.008565310492505529,-0.006863855080668002,-0.0001024170421958237,0.0010827197921177145,-0.018224573780129316,-0.006265500587390838,-0.005558183538315942,0.0021301316808677306,0.006635581061693152,-0.003961516694963252,0.0022836263987211503,0.01674641148325362,0.003748161503060121,-0.008578970523537177,-0.004791743457427167,0.0004431641923332563,0.005990176111177581
2017-11-10,-0.006879690698203378,-0.00843103675405088,-0.00704225352112664,0.0007550018875048803,0.008423230382739622,-0.0017621145374447922,-0.0005117707267143778,0.020451889365017406,-0.008256164230726282,0.025012506253126565,-0.0034073989233763813,-0.0026579176876115884,0.005144852085502638,-0.015550755939524818,-0.005628785179907281,-0.001229130390248745,0.006705602422669266,-0.008443113772455102,-0.004115766889968953,-0.0026162444999405787,-0.0005797101449275255,-0.0007126313914127547,-0.0005681818181818565,0.0043290043290042934,0.006470588235294006,-0.002316127812440949,-0.004215664521854845,-0.0035185185185184764,0.006866002214839462,-0.012266285578182656
2017-11-13,-0.004007557107688742,-0.0033213763783711547,0.006018784742188865,-0.004149377593361092,0.0003663540445486557,-0.0011768167107972793,0.00042669397508099394,-0.0003817522427944642,0.011137360782990102,-0.0717423133235724,-0.0028252645692669054,0.0004996876951905982,0.007555907622935676,0.00372970601140854,0.001433075379764892,0.003589375448671772,0.0038676407391491363,0.010749441391388448,0.003385359419652678,0.0007153928699177303,0.010440835266821269,-0.0032091281868427135,0.0034110289937463456,0.009528130671506485,-0.0014611338398596851,0.007533045908940217,-0.002896613190730868,-0.001672551570340186,0.0007699076110865288,-0.0006028454304316533
2017-11-14,-0.015117549002701569,-0.003665689149560003,-0.002515052206386814,-0.0060606060606061,0.007397641543982925,0.0026509572901325384,-0.002644374306917996,-0.014989497804086205,0.013462394303515923,-0.05888538380651953,0.0004225893200153763,-0.012610812835559981,0.01638947686725123,0.0024043715846995273,-0.00193188322839144,-0.00602902105048031,0.01519691780821919,0.004421341937025813,0.004863727981772037,0.001429762897652731,0.010332950631458226,0.0012520121624037817,0.002266288951841444,-0.0014606741573033322,-0.013169446883230962,-0.004467224677889514,-0.01184357541899439,0.005956813104988745,0.0010990218705353438,-0.007841717939437887
2017-11-15,-0.013190148243258926,-0.0037460699712354995,0.004202322738386499,0.02096036585365857,-0.02501090591827826,0.002056404230317277,-0.004019842627437598,0.005040224871571075,-0.005598858272038654,0.02011173184357551,-0.005020928535770519,0.0015596020907098218,-0.015411162679995205,-0.008722197993894398,-0.002795899347623587,0.009458209108666571,-0.013071895424836555,-0.004699304027125262,-0.008415819997383722,-0.012730517549077836,-0.006565656565656552,0.011611289746338072,-0.0005652911249294235,-0.007201530325194105,0.002669039145907659,-0.00873836852297949,-0.0024875621890546595,-0.005366395262768275,-0.013832473377977883,-0.012524319066147926
2017-11-16,0.011947007333806381,-0.003558718861209953,0.003195617438940701,-0.0011198208286673506,0.01685309470544394,0.0518909410729993,-0.016144267926148648,-0.0008679718391358948,-0.015124751600794961,-0.0005476451259585069,0.011636321532983995,0.007407095660957097,0.012268084849217376,0.004179498460184838,-0.0016534867002155895,0.00285161421733382,-0.005554368724631553,0.004601960315563147,0.008883025505716624,0.0026512412629549065,-0.00044483985765142453,0.01059509094119715,0.005656108597285048,0.01156069364161838,0.020999704229518024,0.006051653483274411,0.014962593516209655,0.015813953488372112,0.10898363575642889,-0.008003940401428267
2017-11-17,-0.005552308591466937,-0.017048517520215634,-0.005460750853242269,-0.0052316890881913825,-0.0016867116456440456,0.0005574136008916764,0.0012219603735708073,-0.001544401544401497,-0.007734558905952205,-0.0021917808219177326,-0.011998435815998465,-0.005639804486777811,0.0014328358208954839,-0.022343921139101774,-0.0062648520198747,-0.003351274499847623,-0.018045112781954864,-0.008150395621393303,-0.00026152907331522535,-0.009615384615384581,-0.007947104075274991,0.03424777214747521,-0.0053430821147357754,-0.009187675070027934,-0.0002896871378912369,-0.005825794534173201,0.01451865088228721,-0.008241758241758323,-0.021582011644248222,-0.003972194637537285
2017-11-20,-0.0009991184249192875,0.002399396723109515,0.009036833676504319,0.00450788880540931,0.0057298170866084686,0.01671309192200554,8.717635777188981e-05,-0.006670533642691434,0.0015815634884772667,-0.012630422844590927,-0.0011873847609302768,0.0004621460381479814,0.016155955645641873,-0.00022406453058487763,-0.0005072463768115432,0.00886488689627063,-0.005469262743382219,0.001259596928982809,0.009286710847575819,0.0015776699029126373,-0.0007690335811331162,0.0010136847440447294,-0.0005654509471302305,-0.0018093407214747614,0.003767024050999712,0.0016674606955693339,0.017173051519154603,-0.001846722068328699,0.00010259567046277951,0.0038634097706879977
2017-11-21,0.018590422402635642,0.0025304335932156974,0.008918112081018892,-0.0003739715781599928,0.005039807172595223,0.004109589041095818,0.003922594142259372,0.0024330900243310083,0.0016918565305663602,-0.008342602892102424,0.015116076778845189,-0.00046193255784654497,0.014139043707832366,0.007171671896010867,0.0029725222939172014,-0.0008079991920008078,0.007039155301363786,0.008207032888037036,0.011231586677610261,0.014418999151823542,0.0018599281682916136,0.0023628691983121897,0.005374823196605316,0.00509799478871642,-0.00894919168591235,0.011177170035671757,-0.00043290043290045155,0.008695652173913215,-0.009848173984407183,0.003972687771570449
2017-11-22,0.010511724615917872,-0.008731837096664141,-0.006891643881793419,-0.0026187803965581624,0.002979651162790642,-0.005457025920873049,0.006425284362246986,-0.0025242718446601975,-0.002026798783920758,0.01794727986539546,0.0015424164524422412,-0.006680110915049164,-0.0046280226773112165,-0.006453048509123205,-0.007589995662859672,-0.002931365612048986,0.001310615989515096,0.004456327985739694,-0.010722371737365899,-0.0072861920688007675,-0.006593687984123964,-0.005388112476848006,-0.003095104108047253,-0.004395852119026156,0.015729682493445862,-0.006491063029162691,0.019922044174967457,-0.00843727072633893,-0.0011396601740571999,0.002844070730802395
2017-11-24,5.71559213533579e-05,0.013694859266396131,0.0027531585894777777,-0.0026256564141035055,-0.0044924280849214515,0.0010973936899862924,0.005176429988784426,-0.0009733307377846057,0.001692429200045087,0.0022038567493114503,0.00437295611833588,-0.002030199213297834,0.001569220039521202,0.002239641657334923,0.005244373224561061,-0.0032441200324412334,0.0008726003490400203,0.0003549245785270383,-0.0008636324380344451,0.0018048369630609962,0.005477509988400575,0.004232266802099094,0.0016934801016088574,0.0013585418317672016,-0.001720676799541021,0.006107376195435998,-0.0019108280254778176,0.0005549389567147678,0.002178197282439731,0.003945745992601779
2017-11-27,-0.005029433617191548,0.006313645621181196,-0.0011283285692794687,0.0,-0.0014557100225633945,0.010413812003288392,-0.007896317912625572,0.0014614185502728194,0.001126379815273637,-0.003848268279274314,0.014661341006322548,-0.00356007628734889,0.010619160912203274,-0.005810055865921759,0.0006521266574885942,-0.003966639544344841,0.00043591979075841003,-0.0008869966294128284,0.011323364162848959,0.007326447273600767,0.0062167531884893545,0.005225893459204434,0.0,0.005765969474279098,-0.0037345590347601654,-0.0005176227001081335,0.013826845352052697,-0.0025882787946015506,0.0,-0.003807418324735967
2017-11-28,-0.005859038428399188,0.002765971800580136,0.009074478499887073,0.0394885295223768,0.013120489831620397,0.02332519663683219,0.007440089973181019,0.006031715147387873,0.0011251125112512472,0.016004415011037443,-0.008134252478988135,0.018289311386159524,0.013837850252641282,0.0053944706675657095,0.013902968863142684,0.03502501786990697,-0.0015250544662309684,0.01408617424242431,0.00696581196581203,0.01204244664361509,0.005031847133757816,-0.0008385041086702572,0.010143702451394843,0.004946043165467762,0.021337946943483344,0.01760828625235389,0.024339068401175057,0.03002780352177936,0.0015524736079486345,0.0069042041671802945
2017-11-29,-0.02074305194430004,-0.015742734122712432,0.004888242098585849,0.02315484804630974,-0.006691128858191231,-0.0066260270341903516,0.0062687848862172935,0.017696547722657385,0.00022476961114858973,0.0038022813688212143,-0.024367764203556797,0.008145023181989064,0.0038511638443676777,-0.017437961099932786,-0.0014997857448936225,0.02338200473559593,-0.007200523674449011,-0.00531107738998482,0.010100581420022792,-0.01814326107445796,-0.00012675074466050873,0.01309164149043296,0.010041841004184038,-0.00022371364653250847,0.029926595143986212,0.03118349218099392,0.022122081114297476,0.01997480655029693,0.008163687093107441,0.0073466389126972675
2017-11-30,0.01398395090866189,-0.016199589883800436,0.027849981433345716,-0.0038896746817538297,0.022381573229030893,-0.0048025613660619415,0.0154463218979346,-0.003990877993158559,0.002022471910112511,-0.010281385281385336,-0.0011663999691531313,0.026019224395094298,0.014499294781382233,0.020250284414107034,-0.003433230813246424,0.007615925961631076,0.005934065934066091,0.009035967846036552,0.02155371623041047,0.00995920326373878,0.0017113519680547196,0.0009940357852882276,0.0013808340237502215,0.006824793018572306,-0.0027412280701752945,0.02373474515434304,0.019839679358717444,-0.0037050105857445725,-0.003382533825338263,0.01239820104533873
2017-12-01,-0.004655222577829354,-0.0022233029945111227,-0.019580924855491344,-0.002484913028043989,0.002621324831739269,0.008042895442359255,0.004370115135725827,0.004102270559053656,-0.005045974433729561,-0.022416621104428658,-0.010712527867049015,0.005289937005330314,0.003336670003336595,-0.003568242640499597,0.0046651833775925855,0.002583237657864723,0.004369674459252737,0.005233470954236319,-0.008184585012749768,0.001069264583580809,-0.0036066818526955258,-0.00893743793445878,0.002482073910645477,0.0041115679519947435,0.0032985156679492533,-0.006091948985405549,0.007074081351935435,-0.004781299805206252,0.001234186979327312,0.002041061351902851
2017-12-04,-0.007307804735457446,-0.032309727734837534,0.024283292799764267,0.03416370106761546,-0.00014132278123235587,0.0031914893617019935,0.0111287758346581,0.04722090261282652,-0.0012397159923362988,0.0039149888143177325,-0.012877169364043373,0.006828680457923397,0.024830950005542807,-0.0042524619516561835,-0.006929561365909387,0.02061265387918687,0.0056558625190341605,-0.0128420200150402,-0.007837445573294688,-0.03774032755755996,-0.00952562392836731,0.0036740146960587694,-0.007977991746905055,0.011620185922974757,0.02109589041095905,-0.023635241202928037,0.009170731707317081,0.021174377224199237,-0.0034925526450949596,0.0013179966450993508
2017-12-05,-0.0009422850412250661,0.01288047780096413,-0.008741950570205437,-0.004473503097040532,-0.009611307420494763,-0.010869565217391242,-0.003723932472691205,-0.027218290691344627,-0.007447528774543133,-0.010584958217270124,0.007639321256683207,-0.009255934570117641,-0.011087074094105032,-0.023600809170600257,0.004747859866196746,-0.011500701262272095,0.0006489292667100077,0.013712276589510797,-0.004179553623672949,0.006290083867785068,-0.0021157914983651605,0.0053244592346088915,-0.011924570160843029,-0.00010939722131042551,-0.01931848671854053,-0.006006684129708173,-0.015467904098994567,0.02021258058895281,0.00845273683125436,-0.008136891228909815
2017-12-06,-0.0037137467578400862,0.00738846263142956,0.009907817376787253,-0.010024196335983393,0.0014271442842872517,0.002680246582685397,-0.006478943433840034,-0.016414847976123914,0.0039790814006368525,-0.00563063063063074,0.012867791290702257,-0.009584021262030507,-0.011211375444353244,0.00023020257826900092,0.009952029784492167,-0.007472569050321565,0.004107220060527661,0.0028325336724666084,0.0017208092000335906,0.01458512072557916,0.013749678745823779,-0.011585567692817045,-0.0019646365422396617,-0.001641137855579955,-0.012038303693570396,-0.0006815393702576111,-0.004713275726630051,0.000341588385994962,-0.005621997342328489,-0.007359150681626292
2017-12-07,0.0018342109934323947,0.016290550070521936,0.01329643871060493,0.004888268156424624,0.01817015818725931,-0.0002673082063618937,0.00016721009949005605,-0.00189645363170865,-0.004642735817008248,0.0028312570781428015,0.01147455263769448,0.010611912990445171,0.006637168141592875,-0.008515535097813665,-0.007443641003828216,-0.0029543505193938557,-0.014424111948331597,-0.0032856813465528267,0.0068295135542799645,-0.003503261657405221,0.0025351755609075433,0.014735432016075078,-0.0016872890888639525,-0.012602739726027434,0.0016615895873719477,0.0009548058561426043,-0.00513022888713488,0.013488133856923268,-0.005139802631578982,0.0032814778804082234
2017-12-08,0.00029529884242851523,-0.011380195683852734,0.013937652941802048,0.00938151494093109,0.006788438659108609,0.005614973262032086,0.0024241411017302816,-0.009785293558806751,0.0017064846416381396,0.0,0.004604765597327365,0.00720148052784042,0.007747252747252631,0.0062674094707522165,0.004142561245625398,0.012521506404129301,-0.010266491917867993,0.001388005320687169,-0.009030378693300145,0.020244878167050562,0.005373624984195136,0.011551155115511413,0.006760563380281637,0.002996670366259835,0.015482444014376373,0.01707926413808769,0.013288377627925563,-0.0008423180592991297,-0.002376524075222153,0.0013325257419745107
2017-12-11,0.0194839700064946,0.011090054046466014,-0.009583770549142945,-0.0037865748709121627,-0.0006256082302238397,0.009306035628822151,0.004169446297531687,0.0249448335412068,0.003634298693923954,-0.0033879164313947996,0.0024681240351445144,-0.0008787697223886504,-0.0063246278828853475,0.007151095732410573,0.003912084785546499,-0.0029264608703861716,0.0004414036636504193,0.0005775339301183902,0.004913282660731655,0.01271387832699622,0.0013833867823680457,0.009951060358890595,0.013150531617235561,-0.0015491866769945517,0.004628369180506464,-0.005091331338484162,0.014679976512037562,-0.007418647782836074,0.0039357845675815906,0.004476167432857503
2017-12-12,-0.0056176521688769965,-0.0037486983686221276,0.02394405989546544,0.01313061506565294,-0.0024344439034570398,-0.0013171759747103717,-0.0061451586115263135,0.005616399887672152,-0.014031911282109455,0.014730878186968832,-0.003041911841592526,0.03018430416183593,-0.0024691358024691024,-0.007558405863490547,0.010344338954229926,0.011645521681499682,-0.0008824178248399983,-0.005887445887445941,-0.011366485582950281,0.004106535257538457,-0.013689167974882288,0.004199644645453082,0.010218171775752571,-0.004211459603236323,0.03252032520325221,-0.0012569017372177083,0.02604166666666652,0.024800407677934455,-0.0023728463839884917,-0.003251836685535303
2017-12-13,0.00331974373907995,0.0015329942164308274,0.006553079947575258,-0.016371077762619368,0.03590852042950776,0.006330783434450149,0.0020889037433156066,0.0016755096341802833,0.004935154367037731,-0.008375209380234394,0.0024981645165289557,-0.008227258615336908,0.006765676567656698,0.00023078698361422845,0.0020336605890602932,-0.012540945250350877,0.01346875689997784,0.00766417000522579,0.01069405697861181,-0.0026875438186492184,-0.0038199528872476796,0.03426089753900596,0.0016402405686168908,0.011463550361713981,-0.0015748031496063408,0.008359926288821873,-0.005640157924421851,-0.015415216310293411,0.010961737331954602,0.004349927501208217
2017-12-14,-0.00029024206187966417,-0.0006261740763933155,0.006990131578947345,-0.0038141470180305115,-0.015413609746247503,-0.006553079947575369,-0.0033352789126991356,0.027506737292073202,0.0,-0.006756756756756799,0.005782820837177294,-0.0003130380341211936,-0.004917226684150178,-0.001845869866174521,-0.008678004059066269,-0.00805610842574167,0.002832244008714735,-0.0023624315759148695,-0.004307640834762205,-0.007732864674868112,0.00965041221959484,0.0035769828926905944,-0.004912663755458513,0.001320422535211252,-0.007886435331230235,-0.013817695564965482,-0.010398941198714207,-0.00303030303030305,-0.006444353518821666,-0.0026467757459095465
2017-12-15,0.010161421437695939,-0.006126427179058758,0.00020416496529196415,0.010790114862512912,0.002802843861088311,0.007651715039577844,0.0016732201121056889,0.0063308311476892865,0.0031978072179077444,0.010204081632652962,0.013740342515626836,0.0066149992171600225,0.0024707626420690243,0.030050855293573875,0.005718319802329619,0.014141028090961294,0.003475993917010589,0.005313619036617867,-0.00033602150537637154,0.025504782146652527,0.002848461830611493,0.004029133736246804,0.020296215030170206,0.009780219780219701,0.013248542660307283,0.0025762711864405485,0.0063049293083683455,0.010976021614319542,-0.0002059096056831189,0.001568154402894928
2017-12-18,0.014082887854227621,0.000560381059120374,0.007484520650472781,0.015151515151515138,0.02099665962233299,0.007593610892903779,-0.0002505637684790951,-0.0021569156106766574,-0.01479963570127496,-0.0033670033670032407,0.012210820895522279,0.011082163549402946,0.011775659984664122,0.038150807899461237,-0.004632879404745216,0.007725645374034196,-0.00562892400952586,0.0008043203493046658,0.0017647058823528905,-0.005411629245826166,-0.013128826611121691,0.0003086896125945593,-0.0018817204301074808,-0.00010882576994242221,0.005753138075313746,0.003831935803804809,0.011011961268274195,0.017537998997828597,0.008135104520646808,-0.001083945561845212
2017-12-19,-0.010656388164607122,-0.006860823298795782,0.003748227189842579,-0.0010176390773406485,0.00761167122921802,-0.004677754677754664,0.0011695906432749315,0.007025128343690845,-0.017679685694476532,-0.009572072072072113,-0.004893603295579085,-0.013614337358664574,0.006766632382395832,0.016861219195849486,-0.00014104372355439043,-0.004207180254300558,0.004354452427607347,-0.004649827784156124,-0.00012582837010322034,-0.0063672146330168156,-0.014390789894467515,-0.008794939052615414,-0.005117155938594298,-0.002176752285589778,-0.010660426417056779,-0.002829298962590321,-0.007887323943661984,-0.009192383453709874,0.009193054136874323,-0.006028454304316422
2017-12-20,-0.0010885756846568118,-0.011772169744818983,0.0021867115222875544,0.0010186757215620013,0.010668610430057734,0.011488250652741616,0.008761682242990565,-0.018960736964493408,-0.006116927420303564,-0.007959067652075102,-0.005760432680731231,-0.00506862133499697,0.007151306592106721,0.011054421768707634,-0.004372972210466952,-0.0034738522204488254,-0.0010838933448950039,-0.007036161254974305,-0.006166366038843907,-0.003611790749155297,-0.0029850746268657025,-0.010118306351182937,-0.012994044396318238,-0.001636125654450371,0.013140604467805517,0.0015312556296163127,-0.0011357183418511108,-0.0036447978793903157,-0.0005060728744938903,0.005215914604560945
2017-12-21,0.003785488958990557,-0.004137242314002365,-0.009634105404498161,0.011533242876526462,0.013899816417518807,-0.0054207537429014074,0.032508892381503784,-0.0010939921597229452,-0.0022487868386791288,0.0011461318051575464,-0.0025243116360520457,0.022846618073516733,0.004110832310074253,-0.016820857863751093,-0.0007084159818645519,0.015922366685509726,-0.01041666666666663,-0.001858628100133597,-0.009032584838764124,-0.0002338634237605275,0.0054673262171309744,0.018556376788803064,-0.0060340098738342896,0.0015295531519721184,0.008560311284046884,-0.0031027970141199734,0.004548038658328535,0.02444296641170607,-0.006987341772151878,0.011825751176541388
2017-12-22,0.0,0.007520951221259065,0.00023726400705026407,0.002012072434607548,0.007177961717537595,0.0005190760446405207,0.0012818458580357017,-0.008213927169845703,-0.0015421115065242796,0.0017172295363481194,-0.0018583368352244056,-0.00781579249837161,0.0002658443215652895,-0.001283147989734723,-0.00666383099390333,-0.003524065658907505,-0.0002192982456139525,-0.0025021821355833973,-0.0002129653292444189,0.00011695906432751535,0.0003883997928535443,-0.02285008491585605,-0.0027593818984548157,0.005017999345478197,0.0015432098765431057,-0.00762325770219674,0.00339558573853993,-0.0009738678785912169,0.0015296757087497337,0.0014311270125224596
2017-12-26,-0.025369978858350906,0.0017773354187402557,0.0008810572687223406,-0.0033467202141900243,0.004430176565008104,-0.0018158236057068677,0.008001280204832817,-0.005061194441888239,-0.006772009029345494,-0.0040000000000000036,-0.0028160844263982465,-0.0048268139166698365,0.011853505554669796,-0.013276231263383398,-0.00021410219811590636,-0.004001861330851675,0.0048256196534326445,-0.0007583712518959285,0.0030673539811698625,-0.001286399251549497,-0.003494240973210716,0.00568810238584283,0.0019369120088543745,0.0037989797025943517,0.0030816640986133237,-0.0018181818181818299,0.0005640157924422518,-0.0068237205523963285,0.009673149373790935,0.00011909015124444977
2017-12-27,0.00017588087002406994,0.004612873465332568,0.0008802816901407606,-0.00167897918065818,0.0069036052160573735,0.0020790020790022457,-0.003413240196856737,-0.004439511653718142,0.00454545454545463,-0.002868617326448719,-0.00530093352723171,-0.006867918671426554,-0.0008930447573020084,0.0006510416666667407,0.0034263687629381145,0.001868809568305041,0.0026195153896528822,0.008056512347480949,0.003185389679337458,0.0036299765807961126,0.008376623376623371,-0.0109976433621366,0.003314001657000798,-0.004108996539792464,-0.004352278545826982,0.0037340619307832945,0.0011273957158963732,-0.0029445444135448584,0.001008471157724955,-0.000952607763753277
2017-12-28,0.0028135990621338536,0.009536592257699983,0.0024693863743996403,0.0023545240497813147,0.0057135601828337546,0.000778008298755184,0.0002389486260454543,0.0012077294685990392,0.00011907597046900698,-0.0011507479861909697,-0.004008677607998501,0.0021488571986716387,-0.00215573899784427,0.002385599653003778,-7.113893433874363e-05,0.00531617235590387,-0.004572175048987659,0.002490299415069286,-0.002032176121930518,0.0001166725002916813,0.006825938566553003,0.0,0.0011010184420587876,-0.00032573289902282365,0.007456929802005741,0.010661464476907856,0.0028153153153152033,0.005742411812961423,0.0014104372355430161,0.0014302741358758198
2017-12-29,-0.010813654430675834,-0.001679378629906969,-0.004859119284629676,-0.00939597315436247,-0.005302360813028484,-0.007514900233221211,-0.0031055900621117516,-0.0024125452352230514,0.0014287415168472428,0.005184331797235098,-0.002414887068516447,-0.006783625730994225,-0.0013173147855412015,-0.0012981393336218838,-0.005976095617529875,-0.007885703683087608,0.0034995625546807574,-0.005661467359907468,-0.0014848124893941383,-0.002099860009332599,-0.0010233450591621285,-0.006354249404289192,-0.004124278251306013,-0.0020636472249375704,-0.007656967840734996,-0.010369439332046482,-0.009358038555118853,-0.010277324632952611,-0.00653923541247492,-0.004522732682694541
2018-01-02,0.0179046268392129,-0.010794140323824197,0.006544369468651334,0.01287262872628725,-0.003426830816093518,0.014621409921671047,0.01909098170780421,0.039903264812575445,-0.010462489596956281,0.0303724928366762,0.018805771786595704,0.003571989323284619,-0.007914314356566199,0.014948006932409053,-0.003507014028056199,0.00944454834486641,-0.007410636442894636,0.006390890076690692,0.0011471300505585535,0.004793079261164346,-0.007042704398488975,0.015027977617905863,0.006073992269464368,-0.013387026556377801,-0.008744855967078302,0.003175179170824549,0.011335726431135562,0.006922696555134333,-0.0016202531645569396,0.01661884265901481
2018-01-03,-0.00017415534656917142,0.0038971161340608518,0.003234065489826188,-0.0033444816053510573,0.0015282730514518672,0.007977354606278908,0.007289543815645061,0.004293381037567157,-0.003123873603268157,0.009454949944382562,0.01706096663281187,-0.00930887472132047,0.005211934265808571,-0.03393810032017086,0.009552538964303858,0.001018990273274678,-0.002195871761089152,-0.004214293961436244,-4.2437616703416836e-05,0.0046538685282140335,-0.021213488941904668,-0.00015750511891643448,0.007409440175631277,-0.0012134583563154777,-0.023092890503373154,0.010490142882980669,-0.02054922473379417,0.007693566868554491,0.008722994218480551,0.01964012701399498
2018-01-04,0.004644951518318674,-0.014610389610389518,-0.0037944929482873757,0.013087248322147582,0.013733468972533025,-0.004595353586928752,-0.00311259824138177,-0.0004453152832204488,-0.00783415692418954,0.020936639118457334,0.003884491351509922,0.01397607485490937,0.007936088037669986,-0.018338488731771907,-7.114399544672079e-05,0.00906903572089579,0.014084507042253502,0.007014899414458764,0.013071340661206188,0.008801389693109396,-0.005138339920948587,-0.000630119722747291,0.002179242713157059,0.0070686989176054205,0.009296148738379806,0.004340433148380063,0.0032424184627122266,0.01250812215724495,0.0009049773755656076,0.0013840830449824981
2018-01-05,0.011385308905970115,0.006446529618222119,0.041022010988640334,0.004637297118250894,0.015805318615152997,0.013849705052577654,-0.0016392162984935066,-0.005435266862692689,-0.004616132167152509,0.0005396654074472096,0.013260202964152645,-0.005100650235564275,0.01044564589785324,0.006977267611973925,0.008253290643899014,-0.00641966250917092,-0.00021701388888883955,0.002014968336212064,0.007791881362322339,0.012398117322925062,0.004568931267381782,0.008511979823455196,0.0019026909486272725,0.0006580390436496941,0.0036842105263157343,0.01906883492982847,-0.0022813688212928174,0.006738328252847703,0.005927265420936134,-0.0008062658373645393
2018-01-08,-0.003714285714285781,0.01067539676891327,0.004241678539049332,-0.006923837784371778,0.025129661644850643,0.010371869466228034,0.004925723221266498,-0.014334348683031739,0.0031730534537466326,-0.014023732470334282,0.003530609120139916,-0.014519411396368254,-0.002389610389610386,0.0,0.0012701997036199675,0.0014768321949418795,-0.001519426958975445,-0.0006894570525711741,-0.003242299538595894,0.0010205238689193763,0.008239404126293648,0.008909034073147915,-0.01112316874660868,0.005260850504164916,0.0028841111693760357,-0.01735670878328155,-0.0017149390243901275,-0.011314741035856613,0.014780784979526729,0.004495677233429474
2018-01-09,-0.00011471178663602366,-0.006760087317794428,0.026696759632436118,0.004980079681274896,0.0024092031560560834,-0.006259389083625444,-0.005368396483311222,-0.0007271405199054115,-0.01167883211678844,0.015317286652078543,-0.001274445571301741,0.008458758587824189,0.005519683399291875,-0.025033527045149828,0.01585735428853341,0.005069124423963123,0.004999999999999893,-0.002242281377565769,0.0062137703824178825,-0.0006796556411418075,-0.007322175732217606,-0.007126258714174938,-0.0010973936899864034,-0.007304840819886582,-0.019869281045751586,0.004983093077060019,-0.01488833746898266,0.0035460992907800915,-0.012006692254699303,-0.004246040853798538
2018-01-10,-0.00022944989387951864,-0.024388514711095377,0.0057469459535848255,0.009250082590023245,-0.003364777984738332,0.005542957923910352,0.006414267834793375,-0.004275059123158065,-0.013909404234367262,0.01988146551724146,-0.002381401702028163,0.001535795857289246,-0.006732263076126288,-0.025676295277395678,-0.0011794089080060521,0.011004126547455417,-0.00346095608911956,-0.00017287080788286335,-0.0005802387267904718,-0.004534119247336266,-0.00823234984193888,0.002028397565922768,0.001647898928865743,-0.006370126304228396,-0.02320618831688459,-0.007437577474765367,0.00155008719240457,0.013813042081593396,-0.007172029086562448,-0.007952057162613824
2018-01-11,0.005680188192093594,-0.01918465227817756,0.024542559170673828,0.0036006546644844484,0.020075963103635353,0.004760711601102585,0.030390175656769713,0.013885082671051485,-0.010360753963300495,0.004807438322151247,0.001720503720251454,0.003145519600519009,0.015015641293013582,0.02141176470588224,0.005695631034243087,0.005351473922902583,-0.0006511829824180637,-0.0006916027894645627,0.0048519532221946715,0.002960601229788251,-0.0005976492462979044,0.0010900031142946354,0.002467781738415331,-0.003537084116281619,-0.0038230475150191623,0.005307760927742988,0.008125362739408004,-0.0017427122940431028,0.0035115882411957955,0.009874535315985256
2018-01-12,0.010326335006846099,-0.014595836111728544,0.02465561379982928,0.01728636660143512,0.00650118203309713,0.019201995012468664,0.007769480274572027,0.013334534642760687,-0.004793138244197692,-0.013669821240799074,0.01672586664268705,0.007447183788656719,0.00893774399013747,-0.003916148352913984,0.00669935769044816,0.016510285095633348,0.0023892267593397243,0.0010381221523731998,0.00891420081713501,0.0172570390554041,-0.0011960132890366237,0.005910717063306814,-0.000547045951860059,-0.0059900166389351694,0.011513157894736947,0.014419450729846073,-0.004797543657647285,-0.007300428503412171,0.008498300339932152,0.006787070056367028
2018-01-16,-0.005082161612739333,0.019774436090225445,-0.0031230480949405726,0.001603077909586359,-0.005813270698766915,-0.008074382187423512,-0.01190119760479047,-0.015826442606917457,-0.006083650190114143,-0.029317697228145034,4.422234997569774e-05,0.00556355289265853,-0.0005600244374299734,-0.0023126734505087843,0.007546652030735679,-0.0035501908227567602,0.008234019501625278,0.0006337500720170475,0.0011044299914100275,-0.013950892857142905,0.0014635444385311391,-0.019328900572135432,0.0016420361247948545,0.006807275973663707,-0.004878048780487809,0.018631910426871956,-0.0038565368299268155,-0.0007993605115906854,-0.0017844750669179232,-0.006284277879341826
2018-01-17,0.0165162608547591,0.007446730074467167,0.04729084616302659,-0.001920614596670922,-0.004784123796586104,0.016280217069561065,0.0026513142943718204,0.011563826903965957,-0.00012751849018111105,-0.04722679846238331,0.007429026266914107,-0.018610229822796476,0.017879883857164547,0.02897542883634685,0.0008171047255889352,0.006413111249665926,0.006232538147431743,0.007485029940119681,0.01376971479937894,0.020260328239954717,0.008901288694034726,0.0061494796594134815,0.015846994535519077,0.010862336510751636,0.0035403050108933076,0.023744096178617502,0.0011614401858304202,0.0220800000000001,0.019962260403217913,0.011843164309532028
2018-01-18,0.0008933556672250376,-0.01061182669789218,-0.03091080026210069,0.00962155227710082,0.001958456973293776,0.0024271844660193054,-0.0058174675128438436,-0.013842993659015757,-0.013646218594566939,-0.03342939481268026,-0.0027477833377226313,-0.010565740193179574,-0.007456711039935837,0.0020274836674925023,-0.0004082188052796365,0.0023895919992920067,0.00128150363092705,-0.002343124928563256,-0.008867034782959249,-0.0004437541601953754,-0.007242559915722868,0.004701457451810054,-0.005110274341043497,-0.011184210526315796,0.008141112618724522,0.019838107620685275,-0.003286929621036383,0.001095804633688191,0.015579357351509282,-0.006477272727272609
2018-01-19,-0.004462791476068206,0.01797470227087805,-0.007143697083725309,0.007623888182973326,0.009358526328259176,-0.0002421307506053072,-0.0022038148795500145,0.0015395761637384542,-0.00672355831393856,-0.030411449016100045,0.0066286961803567745,0.020520380922022685,0.015126304643775512,0.007643884892086339,0.0029948271167983265,-0.00220731061274948,0.0059726962457336,0.008878959729621494,0.00923101947867111,-0.0011098779134294245,-0.004111951187160123,0.04835439089065652,-0.0013517166801839675,0.009869150587713316,0.0016150740242262263,0.0007813785162034126,0.006983511154219135,0.004222048475371221,0.00278044103547459,-0.0032025620496397567
2018-01-22,-0.008181105009525957,0.011771544833599767,0.0007994551860952548,0.006935687263556201,0.002816736107035922,0.008961007507870988,0.009596344249809485,0.0046116285378423605,0.001692267638635947,-0.005535055350553542,0.018067337122868565,0.021083866937372964,0.015546615010182174,0.020749665327978617,0.005293159609120357,0.011680382267055922,0.004664970313825512,0.00051101521689767,-0.0035458135224433196,0.017888888888888843,-0.0009323388385721332,-0.012200565392054608,-0.0002707092582565629,0.009004062808828373,0.0177371674281106,0.0008629545921512438,0.029859371989982675,0.007941451261289423,0.008222583420977037,0.012621916236374098
2018-01-23,0.00022598870056489417,0.014076414823326555,-0.007130177514792946,-0.0006261740763932044,-0.008543507519456872,0.01056168987037931,-0.011617380808690347,-0.006210621062106236,0.00987654320987641,0.0445269016697587,0.010316451346893851,-0.005468033037626219,0.0021520101731389296,0.006775956284152951,-0.04259484271634928,-0.0010495932826030119,0.0014774166314901471,0.0034050280914816877,-0.00400323493732313,0.0031655932758434258,0.01799760031995734,0.011296882060551239,-0.0029786081776332907,-0.030906518663619598,-0.01795616583047266,0.006774511414025408,-0.004302282080059894,-0.003707708944847954,0.004267425320056972,0.0005665722379604166
2018-01-24,-0.015928603705377298,0.003966005665722472,-0.0026818439166840236,0.005325814536340845,-0.006433335300714216,0.0016627078384798821,0.002823996336436929,0.0008151435558374498,-0.006048127654098567,-0.026642984014209503,-0.004149060084851719,0.021492560267599714,0.006442166910687996,-0.011940946591402657,0.0016921666784177614,0.012783469048244456,0.008008429926237959,-0.00390249420281652,0.005602695789858281,-0.0008705114254625723,-0.012244630696699899,0.012809055704497974,0.002987506789788208,-0.00830993823694548,-0.0045711212691582626,-0.0014681293585090405,0.01859853466090544,0.015351217242983495,-0.001038715769593912,0.002604756511891404
2018-01-25,-0.017850992997359594,0.008465011286681756,0.02515760853326965,0.0,0.006118569561601506,-0.006402655916528444,-0.005632087677905351,0.0004524886877828038,0.021491455204557308,-0.015815085158151,0.0092632909014847,0.01260915386931627,-0.004121811657453178,-0.004614370468029039,0.016400366016752432,0.00025935851992731074,0.00020907380305268397,-0.0026118555530321164,0.0188542129274496,0.0055543454585058605,0.014849187935034758,-0.004264705882353059,0.008123476848090894,0.00033971237685426203,0.011615343057806538,0.0013477639371044514,0.0012910365178899763,0.0025962125839951167,0.007656678324983401,-0.0018072969614819634
2018-01-26,0.0023376775173864495,0.01517907106883043,0.00032059689312480266,0.003427859146151402,-0.013638779004546242,0.01575178997613369,0.004133180252583246,0.014834916327453707,-0.0008871989860583795,-0.0030902348578492056,0.00458490534116085,-0.0033081812437274483,0.009056824268393493,0.1055187637969095,0.0064404432132965095,0.005358686257562528,0.014423076923076872,0.015370602299897618,0.024845458868283377,0.018737138524856478,0.03004768436867189,0.0048737261852018765,0.04781090518399145,-0.00690513923477476,0.009879839786381739,0.013418712782445441,0.00792042733468401,0.004265041888804388,0.01679174484052548,0.007129116215910392
2018-01-29,-0.020698501545099335,-0.005512299317852798,-0.006992599498863772,0.00248447204968949,-0.026816712558362155,0.006813909774435967,-0.02065706227608821,-0.005793742757821518,-0.019535709755169273,0.009299442033478211,-0.0009094277341775703,0.016185574699783878,-0.011147034695748737,-0.0019968051118210983,-0.011353471409894733,-0.0010316368638239037,-0.0171028229960849,-0.0033079165732227134,-0.010130301975795564,-0.0014884116521369783,-0.012746527997970603,-0.006760728982951325,0.00025634452704448307,-0.009916790151601518,-0.014806980433633044,-0.004266108584537354,-0.010782163742690032,-0.0016684362202338265,0.010702094289140929,-0.011123595505617923
2018-01-30,-0.005894260538223395,0.005681424513268141,-0.009125051346752011,-0.01239157372986377,0.00725796530938605,-0.014002333722287097,-0.025295765877957566,-0.012820512820512886,0.004787165221891376,-0.020270270270270396,-0.0076781740948015376,-0.01299177921315331,-0.01517665430411863,-0.023809523809523725,-0.008699888641425346,-0.009380378657487087,-0.006079664570230792,-0.029757551892895417,-0.017460255458771168,-0.012563884156729155,-0.0037255909558068234,-0.0036993193252441436,-0.03126601742696067,0.0010361501266407114,0.004830917874396157,-0.04349056222464731,-0.004249030112691732,-0.008204193254329861,-0.016613418530351365,-0.01397568458129761
2018-01-31,0.0027549859256155163,0.01756803306923871,0.04933226732995766,0.0037641154328733606,-0.0059843673668783515,-0.01680473372781066,0.0009582368442064837,-0.013077831259649453,0.010816379088333772,0.013793103448276112,0.00411935075634684,-0.0039042165538781815,-0.004509191814082492,-0.01332240213158431,-0.029769009337920482,0.00486491182347315,0.0037966673697533704,-0.007769016697588116,-0.004134531287270371,0.024477032564157897,0.02140554480980006,0.013218476162186299,-0.02010582010582007,-0.007015526164462327,0.00026709401709412717,0.0005493344601732453,0.00315398886827456,0.007659313725490113,-0.010489185927782474,0.005992164093108876
2018-02-01,0.0020904258496088346,-0.004333107650643098,0.007252306910855877,0.015625,-0.003317360855141893,0.003851709195955788,0.0017550857598722658,0.01674795251679395,-0.021146496815286575,-0.009276437847866581,-0.0005328957385258848,0.016200679383329142,-0.004977600796416182,-0.010178645616950588,0.013242636949128084,0.010374340797095316,-0.002941794494641714,0.004440808694636145,-0.010219560878243494,-0.007893905904641563,-0.013129655346547087,-0.008355321020228623,-0.005669546436285144,-0.005675237433402924,0.04566088117489975,-0.006588394290058308,0.004253745145182064,-0.004104591061112717,-0.01013133208255157,0.020274914089347007
2018-02-02,-0.04339015377279776,-0.012511899904800838,-0.02249677817000051,-0.01692307692307693,-0.029277613412228787,-0.018465227817745844,-0.05566616229991239,-0.016200561136754388,-0.0040343571056741245,-0.02372034956304614,-0.052801733257728856,-0.044778312456378755,-0.029664832416208098,-0.03147953830010497,-0.01671189830024289,-0.022161375887738588,-0.015173867228661875,-0.01465968586387445,-0.011172057755908682,-0.0263102058137068,-0.002686452603300582,-0.006356245380635728,-0.0059733912571272585,-0.01863715783343034,-0.027834525025536183,-0.014199472833942739,-0.024309392265193353,-0.021981376889024795,-0.009855951478392688,-0.05097114628943522
2018-02-05,-0.02498442367601239,-0.021897810218978186,-0.05740735433206279,-0.0528951486697965,-0.04070099688869133,-0.052528707549474696,-0.050261426884803506,-0.03679852805887762,-0.009408075264602078,-0.046675191815856776,-0.050759471050750515,-0.042031995077680406,-0.05598803938753405,-0.03531960996749717,-0.052948866937826966,-0.047952397619881015,-0.03937513374705748,-0.03264848270161769,-0.05600195782518247,-0.04118544345173236,-0.01045407901487938,-0.04210056530794404,-0.05299098606937991,-0.03786350148367945,-0.03782505910165479,-0.0511471450750387,-0.046810117025292475,-0.09224285937256127,-0.04201761102603374,-0.05690287471903466
2018-02-06,0.04179180778324487,-0.013165305547733097,0.03657869131598157,0.03106411103767348,0.03527932221339669,0.035843218153687406,0.040490143846563686,0.014040114613180554,-0.01741195092995662,0.024144869215291687,0.020745677199521806,0.03849704949620647,0.043307301621975824,0.008760107816711438,0.011043791701817796,0.030422794117647145,-0.004900868790376434,0.008117180347879227,0.009462495679225746,0.03784090909090909,-0.030656555836411914,0.01289020034166799,0.01759446207095472,0.016284233900814238,0.005460005460005357,0.023452413416962026,0.0065346534653465405,-0.015130674002750921,0.008092716555100354,-0.017185148018063257
2018-02-07,-0.021407102987180293,-0.0012128130127700976,0.021149276935261474,0.0016025641025640969,-0.013234447925324466,0.0042320139407519,-0.016129032258064502,-0.013280587736648752,-0.001208215867901541,-0.0013097576948264411,-0.026760602344088613,-0.006184770003865303,0.0013086264656616553,0.0064573591627701266,-0.0031100659940834774,0.006779056284006879,-0.002462502798298627,0.003208620898413894,-0.0018833197791379153,-0.01883280411693855,-0.00982883123829903,0.006286415210058127,-0.008503401360544394,-0.006554989075018058,0.002715177844148764,0.0028421707078780667,0.0035412158174306096,0.004539106145251326,0.01932606541129811,-0.017996171027440888
